title,raw_title,author,avg_rating,ratings_count,cover_url,details_url,page_count,genres,source,description
Clean Code,Clean Code,Robert C. Martin,4.4634147,41,https://covers.openlibrary.org/b/id/8065615-L.jpg,https://openlibrary.org/works/OL17618370W,444,"Agile software development, Reliability, Computer software, Computer software, development, Coding theory",open_library_api,
Code Complete,Code Complete,Steve McConnell,4.25,24,https://covers.openlibrary.org/b/id/461500-L.jpg,https://openlibrary.org/works/OL2722063W,914,"Development, Programmeren (computers), Programmatuurtechniek, Handbooks, manuals, Computer software",open_library_api,"Take a strategic approach to software construction—and produce superior products—with this fully updated edition of Steve McConnell's critically praised and award-winning guide to software development best practices. Widely considered one of the best practical guides to programming, Steve McConnell's original CODE COMPLETE has been helping developers write better software for more than a decade. Now this classic book has been fully updated and revised with leading-edge practices—and hundreds of new code samples—illustrating the art and science of software construction. Capturing the body of knowledge available from research, academia, and everyday commercial practice, McConnell synthesizes the most effective techniques and must-know principles into clear, pragmatic guidance. No matter what your experience level, development environment, or project size, this book will inform and stimulate your thinking—and help you build the highest quality code.Discover the timeless techniques and strategies that help you:Design for minimum complexity and maximum creativityReap the benefits of collaborative developmentApply defensive programming techniques to reduce and flush out errorsExploit opportunities to refactor—or evolve—code, and do it safelyUse construction practices that are right-weight for your projectDebug problems quickly and effectivelyResolve critical construction issues early and correctlyBuild quality into the beginning, middle, and end of your project"
Clean Architecture,Clean Architecture,Robert C. Martin,3.8,10,https://covers.openlibrary.org/b/id/8605114-L.jpg,https://openlibrary.org/works/OL19809141W,432,"Development, Software architecture, Computer software, Computer programming, History",open_library_api,
Domain-Driven Design,Domain-Driven Design,Eric Evans,4.25,8,https://covers.openlibrary.org/b/id/5548424-L.jpg,https://openlibrary.org/works/OL4464385W,529,"Development, Computer software, Object-oriented programming (Computer science), Computer software, development, Computer software--development",open_library_api,
Designing Data-Intensive Applications,Designing Data-Intensive Applications,Martin Kleppmann,5.0,3,https://covers.openlibrary.org/b/id/8434671-L.jpg,https://openlibrary.org/works/OL19293745W,618,"Development, Web site development, Application software, Database management, Databases",open_library_api,"Data is at the center of many challenges in system design today. Difficult issues need to be figured out, such as scalability, consistency, reliability, efficiency, and maintainability. In addition, we have an overwhelming variety of tools, including relational databases, NoSQL datastores, stream or batch processors, and message brokers. What are the right choices for your application? How do you make sense of all these buzzwords?

In this practical and comprehensive guide, author Martin Kleppmann helps you navigate this diverse landscape by examining the pros and cons of various technologies for processing and storing data. Software keeps changing, but the fundamental principles remain the same. With this book, software engineers and architects will learn how to apply those ideas in practice, and how to make full use of data in modern applications.

Peer under the hood of the systems you already use, and learn how to use and operate them more effectively. Make informed decisions by identifying the strengths and weaknesses of different tools. Navigate the trade-offs around consistency, scalability, fault tolerance, and complexity. Understand the distributed systems research upon which modern databases are built. Peek behind the scenes of major online services, and learn from their architectures"
The Cathedral and the Bazaar,The Cathedral and the Bazaar,Eric S. Raymond,4.2222223,18,https://covers.openlibrary.org/b/id/805932-L.jpg,https://openlibrary.org/works/OL6036025W,256,"Development, Computer hackers, open source development, open source, Open source software",open_library_api,"Open source provides the competitive advantage in the Internet Age. According to the August Forrester Report, 56 percent of IT managers interviewed at Global 2,500 companies are already using some type of open source software in their infrastructure and another 6 percent will install it in the next two years. This revolutionary model for collaborative software development is being embraced and studied by many of the biggest players in the high-tech industry, from Sun Microsystems to IBM to Intel.The Cathedral & the Bazaar is a must for anyone who cares about the future of the computer industry or the dynamics of the information economy. Already, billions of dollars have been made and lost based on the ideas in this book. Its conclusions will be studied, debated, and implemented for years to come. According to Bob Young, ""This is Eric Raymond's great contribution to the success of the open source revolution, to the adoption of Linux-based operating systems, and to the success of open source users and the companies that supply them.""The interest in open source software development has grown enormously in the past year. This revised and expanded paperback edition includes new material on open source developments in 1999 and 2000. Raymond's clear and effective writing style accurately describing the benefits of open source software has been key to its success. With major vendors creating acceptance for open source within companies, independent vendors will become the open source story in 2001."
Object-Oriented Software Engineering,Object-Oriented Software Engineering,Ivar Jacobson,5.0,3,https://covers.openlibrary.org/b/id/135140-L.jpg,https://openlibrary.org/works/OL1953422W,524,"Development, Computer software, Object-oriented programming (Computer science), Software engineering",open_library_api,
Continuous Delivery,Continuous Delivery,Jez Humble,4.4,5,https://covers.openlibrary.org/b/id/6998977-L.jpg,https://openlibrary.org/works/OL16420058W,498,"Development, Reliability, Testing, Computer software, Computer software, development",open_library_api,
Accelerate,Accelerate,Nicole Forsgren,3.2857144,14,https://covers.openlibrary.org/b/id/8509069-L.jpg,https://openlibrary.org/works/OL19542983W,288,"Software engineering, Teams, Leadership, Agile software development, Computer software industry",open_library_api,"This book goes into depth on research that shows how DevOps techniques can make technology organizations more effective. Fundamentally, they can help create generative team cultures which in turn leads to higher performance, better retention and better outcomes. The book shares multiple years of research from the State of DevOps reports."
Apprenticeship Patterns,Apprenticeship Patterns,Dave H. Hoover,3.4285715,7,https://covers.openlibrary.org/b/id/8618769-L.jpg,https://openlibrary.org/works/OL16245067W,139,"Vocational guidance, Computer software developers, Computer software, development",open_library_api,
Pro Git,Pro Git,Scott Chacon,4.1,10,https://covers.openlibrary.org/b/id/7892827-L.jpg,https://openlibrary.org/works/OL16310859W,426,"Computer science, Software engineering, Electronic data processing, Distributed processing, Git (Computer file)",open_library_api,"*Pro Git* is your fully-updated guide to Git and its usage in the modern world. Git has come a long way since it was first developed by Linus Torvalds for Linux kernel development. It has taken the open source world by storm since its inception in 2005, and this book teaches you how to use it like a pro.

Effective and well-implemented version control is a necessity for successful web projects, whether large or small. With this book you’ll learn how to master the world of distributed version workflow, use the distributed features of Git to the full, and extend Git to meet your every need."
Extreme programming explained,Extreme programming explained,Kent Beck,4.0,6,https://covers.openlibrary.org/b/id/5394766-L.jpg,https://openlibrary.org/works/OL1961693W,207,"Development, Extreme programming, Programmation extrême, Logiciels, Développement",open_library_api,"""Extreme Programming (XP) was conceived and developed to address the specific needs of software development conducted by small teams in the face of vague and changing requirements. This new lightweight methodology challenges many conventional tenets, including the long-held assumption that the cost of changing a piece of software necessarily rises dramatically over the course of time.

XP recognizes that projects have to work to achieve this reduction in cost and exploit the savings once they have been earned."" ""You may love XP or you may hate it, but Extreme Programming Explained will force you to take a fresh look at how you develop software.""--BOOK JACKET."
Release It!,Release It!,Michael T. Nygard,3.875,8,https://covers.openlibrary.org/b/id/743624-L.jpg,https://openlibrary.org/works/OL8848832W,352,"Application software, Development, Software architecture, Testing, Application software, development",open_library_api,
Head First design patterns,Head First design patterns,Eric Freeman,4.3846154,13,https://covers.openlibrary.org/b/id/388950-L.jpg,https://openlibrary.org/works/OL16942701W,676,"Development, Java (Computer program language), Computer software, Computer programs, design, Softwares (projeto)",open_library_api,
Agile Project Management For Dummies,Agile Project Management For Dummies,Mark C. Layton,5.0,1,https://covers.openlibrary.org/b/id/7774239-L.jpg,https://openlibrary.org/works/OL17536293W,432,"Development, Agile software development, Management, Software engineering, Computer software",open_library_api,
Test-driven development,Test-driven development,Kent Beck,4.25,8,https://covers.openlibrary.org/b/id/192577-L.jpg,https://openlibrary.org/works/OL1961692W,220,"Computer software, Development, Testing, Computer programming, Computer software, development",open_library_api,
Working effectively with legacy code,Working effectively with legacy code,Michael C. Feathers,3.5,2,https://covers.openlibrary.org/b/id/86561-L.jpg,https://openlibrary.org/works/OL5742702W,0,"Application software, Development",open_library_api,
Rapid development,Rapid development,Steve McConnell,4.0,4,https://covers.openlibrary.org/b/id/776758-L.jpg,https://openlibrary.org/works/OL2722065W,647,"Development, Computer software, Computer software, development, Computer software--development, Qa76.76.d47 m393 1996",open_library_api,
The Manager's Path,The Manager's Path,Camille Fournier,4.3333335,21,https://covers.openlibrary.org/b/id/8667291-L.jpg,https://openlibrary.org/works/OL19860807W,244,"Management, Business, Software Development, Professional employees, Personnel management",open_library_api,"Managing people is difficult wherever you work. But in the tech industry, where management is also a technical discipline, the learning curve can be brutal—especially when there are few tools, texts, and frameworks to help you. In this practical guide, author Camille Fournier (tech lead turned CTO) takes you through each stage in the journey from engineer to technical manager.

From mentoring interns to working with senior staff, you’ll get actionable advice for approaching various obstacles in your path. This book is ideal whether you’re a new manager, a mentor, or a more experienced leader looking for fresh advice. Pick up this book and learn how to become a better manager and leader in your organization.

- Begin by exploring what you expect from a manager
- Understand what it takes to be a good mentor, and a good tech lead
- Learn how to manage individual members while remaining focused on the entire team
- Understand how to manage yourself and avoid common pitfalls that challenge many leaders
- Manage multiple teams and learn how to manage managers
- Learn how to build and bootstrap a unifying culture in teams"
Lean Software Development,Lean Software Development,Mary Poppendieck,5.0,2,https://covers.openlibrary.org/b/id/5547795-L.jpg,https://openlibrary.org/works/OL9188185W,222,"Agile software development, Software engineering, Systems management, Software Development, Computers",open_library_api,
Scrum,Scrum,Jeff Sutherland,3.5714285,7,https://covers.openlibrary.org/b/id/8107216-L.jpg,https://openlibrary.org/works/OL17817696W,256,"Time management, Business planning, Project management, Strategic planning, Scrum (computer software development)",open_library_api,Introduction to agile methodology written by co-developer Jeff Sutherland.
Agile estimating and planning,Agile estimating and planning,Mike Cohn,4.5,2,https://covers.openlibrary.org/b/id/87586-L.jpg,https://openlibrary.org/works/OL2760486W,345,"Development, Computer software, Agile software development, Computer software, development",open_library_api,
"Advances in Computers, Volume 49 (Advances in Computers)","Advances in Computers, Volume 49 (Advances in Computers)",Marvin V. Zelkowitz,5.0,2,https://covers.openlibrary.org/b/id/1094406-L.jpg,https://openlibrary.org/works/OL7938163W,345,"Computers, periodicals, Electronic data processing, Informatique, Computers, Ordinateurs",open_library_api,
React and React Native,React and React Native,Adam Boduch,0.0,0,https://covers.openlibrary.org/b/id/8512119-L.jpg,https://openlibrary.org/works/OL19545984W,517,"Application software, development",open_library_api,
Essential Scrum,Essential Scrum,Kenneth S. Rubin,4.0,1,https://covers.openlibrary.org/b/id/7401605-L.jpg,https://openlibrary.org/works/OL16617654W,496,"Agile software development, Scrum (Computer software development), Project management, Scrum (computer software development), Business, computer programs",open_library_api,
The Professional Product Owner,The Professional Product Owner,Don McGreal,0.0,0,https://covers.openlibrary.org/b/id/8814896-L.jpg,https://openlibrary.org/works/OL20168650W,384,"Agile software development, Scrum (computer software development), Computer software, development",open_library_api,
Rapid application development,Rapid application development,"Martin, James",0.0,0,https://covers.openlibrary.org/b/id/4023178-L.jpg,https://openlibrary.org/works/OL3063977W,788,"Development, Computer software, Logiciels, Développement",open_library_api,
Black-box testing,Black-box testing,Boris Beizer,5.0,1,https://covers.openlibrary.org/b/id/300822-L.jpg,https://openlibrary.org/works/OL3523173W,307,"Computer software, Development, Testing, Computer software, development",open_library_api,
Show-Stopper!,Show-Stopper!,G. Pascal Zachary,4.142857,7,https://covers.openlibrary.org/b/id/19285-L.jpg,https://openlibrary.org/works/OL106726W,325,"Microsoft Corporation, Microsoft Windows NT, Development, Computer software, Operating systems (Computers)",open_library_api,"Including numerous interviews with the people that made Microsoft's modern-day operating system possible, G. Pascal Zachary weaves an intricate tale about the personalities, businesses, and relationships in Show-stopper!, a fascinating historical account about the making of Windows NT."
The effective engineer,The effective engineer,Edmond Lau,3.3333333,6,https://covers.openlibrary.org/b/id/9173899-L.jpg,https://openlibrary.org/works/OL20006564W,245,"Computer programmers, Development, Vocational guidance, Software engineering, Computer software",open_library_api,"Introducing The Effective Engineer--the only book designed specifically for today's software engineers, based on extensive interviews with engineering leaders at top tech companies, and packed with hundreds of techniques to accelerate your career."
Software Requirements,Software Requirements,Karl Eugene Wiegers,0.0,0,https://covers.openlibrary.org/b/id/461026-L.jpg,https://openlibrary.org/works/OL8021845W,350,"Development, Computer software",open_library_api,
Introduction to software engineering,Introduction to software engineering,Ronald J. Leach,0.0,0,https://covers.openlibrary.org/b/id/1595411-L.jpg,https://openlibrary.org/works/OL493186W,402,"Software engineering, Génie logiciel, COMPUTERS, Software Development & Engineering, General",open_library_api,"""Introduction to Software Engineering presents the basics of software engineering in a concise and direct format. With emphasis on Internet technology, software tools for programming, and hands-on learning, this book effectively prepares readers to move from an educational situation towards applying their knowledge to the complex projects faced in the professional arena.""--BOOK JACKET."
Agile software development,Agile software development,Alistair Cockburn,3.5,2,https://covers.openlibrary.org/b/id/135792-L.jpg,https://openlibrary.org/works/OL2706112W,373,"Development, Computer software, Software Engineering, ENGENHARIA DE PROGRAMAÇÃO, Softwareentwicklung",open_library_api,Alastair Cockburn offers advice on bringing difficult software development projects to a successful conclusion with a minimum of stress. The volume is based on over 10 years of interviewing software project teams.
Engineering Software Products,Engineering Software Products,Ian Sommerville,0.0,0,https://covers.openlibrary.org/b/id/10171296-L.jpg,https://openlibrary.org/works/OL20857243W,432,"Software engineering, Computer software, development",open_library_api,
Soft Skills,Soft Skills,John Z. Sonmez,4.0,3,https://covers.openlibrary.org/b/id/7443191-L.jpg,https://openlibrary.org/works/OL17365043W,470,"Development, Vocational guidance, Business communication, Employee empowerment, Interpersonal communication",open_library_api,"This guide offers advice to technology professionals and developers on subjects of career and productivity, personal finance and investing, and fitness and relationships. It will help you become a better programmer, a more valuable employee, and a happier, healthier person."
Kanban,Kanban,David J Anderson,3.6666667,3,https://covers.openlibrary.org/b/id/7273224-L.jpg,https://openlibrary.org/works/OL16813548W,261,"Development, Agile software development, Management, Computer software, Just-in-time systems",open_library_api,"""Kanban is becoming a popular way to visualize and limit work-in-progress in software development and information technology work. Teams around the world are adding Kanban around their existing processes to catalyze cultural change and deliver better business agility. David J. Anderson pioneered the Kanban Method. Hear how this happened and what you can do to succeed using Kanban.""--Publisher's website."
Front-End Developer,Front-End Developer,Dominic Myers,5.0,1,https://covers.openlibrary.org/b/id/12884620-L.jpg,https://openlibrary.org/works/OL21638091W,232,"Software Development, Programming, Software Architecture, Front-end Development",open_library_api,"Even amazing products can be let down by poor user interfaces. It is the job of front-end developers to make the user-interface (front-end) of software products and websites usable, engaging and attractive. This book covers the role of front-end developer in terms of typical responsibilities, required skills and relevant tools, methods and techniques. Career progression for front-end developers is also discussed, with real life practical examples and code snippets used throughout the book to illustrate the topics."
Android application development all-in-one for dummies,Android application development all-in-one for dummies,Barry Burd,0.0,0,https://covers.openlibrary.org/b/id/12525402-L.jpg,https://openlibrary.org/works/OL20011293W,760,"Development, Smartphones, Design, Application software, Mobile computing",open_library_api,"Android is everywhere, and Burd shows you how to get your piece of the action. This all-in-one guide to creating great apps for this booming market takes you from groundwork through the essentials common to every app, to actually marketing your apps and learning advanced techniques involving C and C++."
Software Testing,Software Testing,Brian Hambling,5.0,1,https://covers.openlibrary.org/b/id/9472671-L.jpg,https://openlibrary.org/works/OL16944106W,276,"Computer software, Computer software, testing, Study guides, Testing, Examinations",open_library_api,Annotation
How to Build a Billion Dollar App,How to Build a Billion Dollar App,George Berkowski,5.0,1,https://covers.openlibrary.org/b/id/8407360-L.jpg,https://openlibrary.org/works/OL19090197W,480,"Development, Application software, Internet software industry, Entrepreneurship, Computer software industry",open_library_api,
Kotlin Programming,Kotlin Programming,Matthew Mathias,4.0,1,https://covers.openlibrary.org/b/id/12404606-L.jpg,https://openlibrary.org/works/OL22541716W,511,"Android (electronic resource), Application software, development",open_library_api,
The passionate programmer,The passionate programmer,Chad Fowler,3.5714285,7,https://covers.openlibrary.org/b/id/7399133-L.jpg,https://openlibrary.org/works/OL16135310W,198,"Development, Computer software, Vocational guidance, Career development, Management",open_library_api,Remarkable careers don't come by chance. You can't afford to sit back and let your job decide your future - it's time to take control.
Building Evolutionary Architectures: Support Constant Change,Building Evolutionary Architectures: Support Constant Change,Neal Ford,4.0,2,https://covers.openlibrary.org/b/id/8507690-L.jpg,https://openlibrary.org/works/OL19541931W,190,"Computer software, development",open_library_api,
Dreaming in code,Dreaming in code,Scott Rosenberg,3.5,6,https://covers.openlibrary.org/b/id/747155-L.jpg,https://openlibrary.org/works/OL6029117W,416,"Computer Technology, Nonfiction, Business, Computer programming, Computer software",open_library_api,"Their story takes us through a maze of dead ends and exhilarating breakthroughs as they and their colleagues wrestle not only with the abstraction of code but with the unpredictability of human behavior, especially their own. Along the way, we encounter black holes, turtles, snakes, dragons, axe-sharpening, and yak-shaving--and take a guided tour through the theories and methods, both brilliant and misguided, that litter the history of software development, from the famous ""mythical man-month"" to Extreme Programming.  Not just for technophiles but for anyone captivated by the drama of invention, Dreaming in Code offers a window into both the information age and the workings of the human mind.From the Hardcover edition."
Succeeding with agile,Succeeding with agile,Mike Cohn,0.0,0,https://covers.openlibrary.org/b/id/6307835-L.jpg,https://openlibrary.org/works/OL15326685W,475,"Agile software development, Scrum (Computer software development), Computer software, development, Scrum (computer software development)",open_library_api,
Android Programming,Android Programming,Bill Phillips,5.0,1,https://covers.openlibrary.org/b/id/7370198-L.jpg,https://openlibrary.org/works/OL17202810W,624,"Development, Application software, Android (Electronic resource), Android (electronic resource), Application software, development",open_library_api,"These are the droids you're looking for. With our Android programming guide, based on our Android Fundamentals development bootcamp, you can hit the ground running on Android app development. This guide leads you through the wilderness using hands-on example apps, combined with clear explanations of key concepts and APIs. You will need Java expertise before you begin reading. Our top-notch Android instructors have put together a guide that focuses on practical techniques for developing apps compatible with Android 4.1 (Jelly Bean) through Android 5.1 (Lollipop) and beyond, including coverage of material design. Write and run code every step of the way, using Android Studio to create apps that integrate with other apps, download and display pictures from the web, play sounds, and more. Each chapter and app has been designed and tested to provide the knowledge and experience you need to get started in Android development. - Publisher."
Software engineering,Software engineering,Ian Sommerville,3.75,4,https://covers.openlibrary.org/b/id/3973371-L.jpg,https://openlibrary.org/works/OL2960016W,742,"Software Engineering, Computer programs, Softwareentwicklung, Programmatuurtechniek, 0 Gesamtdarstellung",open_library_api,"One of the earliest student textbooks on the (then) emerging field of software engineering. It presents a view of software engineering as practised in the early 1980s, and is oriented around the notion of the software life cycle - requirements, design, implementation, testing and evolution. Rapidly superceded by later editions because the discipline was changing so quickly at that time."
"Growing object-oriented software, guided by tests","Growing object-oriented software, guided by tests",Steve Freeman,4.25,4,https://covers.openlibrary.org/b/id/9937887-L.jpg,https://openlibrary.org/works/OL16955281W,358,"Testing, Object-oriented programming (Computer science), Computer software, Application software, development",open_library_api,
Learn Android Studio,Learn Android Studio,Adam Gerber,1.0,1,https://covers.openlibrary.org/b/id/9372570-L.jpg,https://openlibrary.org/works/OL20696892W,485,"Development, Application software, Android (Electronic resource), Application software, development, Android (electronic resource)",open_library_api,
Software metrics,Software metrics,Norman E. Fenton,0.0,0,https://covers.openlibrary.org/b/id/4866680-L.jpg,https://openlibrary.org/works/OL2834101W,618,"Evaluation, Computer software, Software measurement, Software engineering, General",open_library_api,
The DevOps handbook,The DevOps handbook,Gene Kim,3.25,8,https://covers.openlibrary.org/b/id/10860557-L.jpg,https://openlibrary.org/works/OL19730495W,460,"Development, Industrial management, Corporate culture, Management, Agile software development",open_library_api,"""Increase profitability, elevate work culture, and exceed productivity goals through DevOps practices. More than ever, the effective management of technology is critical for business competitiveness. For decades, technology leaders have struggled to balance agility, reliability, and security. The consequences of failure have never been greater--whether it's the healthcare.gov debacle, cardholder data breaches, or missing the boat with Big Data in the cloud. And yet, high performers using DevOps principles, such as Google, Amazon, Facebook, Etsy, and Netflix, are routinely and reliably deploying code into production hundreds, or even thousands, of times per day. Following in the footsteps of The Phoenix Project, The DevOps Handbook shows leaders how to replicate these incredible outcomes, by showing how to integrate Product Management, Development, QA, IT Operations, and Information Security to elevate your company and win in the marketplace""--"
Kubernetes: Up and Running: Dive into the Future of Infrastructure,Kubernetes: Up and Running: Dive into the Future of Infrastructure,Kelsey Hightower,3.8,5,https://covers.openlibrary.org/b/id/8509547-L.jpg,https://openlibrary.org/works/OL19543296W,202,"Development, Installation, Application software, Software maintenance, Open source software",open_library_api,
Software Engineering at Google,Software Engineering at Google,Titus Winters,4.0,3,https://covers.openlibrary.org/b/id/10450993-L.jpg,https://openlibrary.org/works/OL22293580W,573,"System design, Computer software, development, management, Computer architecture",open_library_api,
Agile testing,Agile testing,Lisa Crispin,4.0,1,https://covers.openlibrary.org/b/id/5746615-L.jpg,https://openlibrary.org/works/OL9211695W,555,"Agile software development, Computer software, Testing, Computer software, development, Computer software--testing",open_library_api,
Producing Open Source Software,Producing Open Source Software,Karl Fogel,0.0,0,https://covers.openlibrary.org/b/id/388989-L.jpg,https://openlibrary.org/works/OL8167441W,291,"Computer software, Development, Open source software, Computer software, development",open_library_api,
Advances in Computers,Advances in Computers,Atif Memon,0.0,0,https://covers.openlibrary.org/b/id/10215696-L.jpg,https://openlibrary.org/works/OL20887301W,282,"Graphical user interfaces (computer systems), System analysis, Electronic data processing, Computers, Mathematics",open_library_api,
Patterns of Enterprise Application Architecture,Patterns of Enterprise Application Architecture,Martin Fowler,4.285714,7,https://covers.openlibrary.org/b/id/192501-L.jpg,https://openlibrary.org/works/OL463952W,533,"Application software, Business, Computer architecture, Data processing, Development",open_library_api,
Secure software design,Secure software design,Theodor Richardson,5.0,1,https://covers.openlibrary.org/b/id/13496024-L.jpg,https://openlibrary.org/works/OL16190903W,412,"Development, Computer security, Computer software, Computer software, development",open_library_api,
Practices for scaling lean & agile development,Practices for scaling lean & agile development,Craig Larman,1.0,1,https://covers.openlibrary.org/b/id/7975261-L.jpg,https://openlibrary.org/works/OL15026094W,624,"Agile software development, Scrum (Computer software development)",open_library_api,
Software Craftsmanship,Software Craftsmanship,Pete McBreen,0.0,0,https://covers.openlibrary.org/b/id/136075-L.jpg,https://openlibrary.org/works/OL8021839W,198,"Development, Computer software, Computer software, development",open_library_api,
GitHub for Dummies,GitHub for Dummies,Sarah Guthals,0.0,0,https://covers.openlibrary.org/b/id/9171110-L.jpg,https://openlibrary.org/works/OL20520775W,368,"GitHub, Software development, Git, Computer software, development, Open source software",open_library_api,"Once you've learned the basics of coding the next step is to start sharing your expertise, learning from other coding pros, or working as a collaborative member of development teams. GitHub is the go-to community for facilitating coding collaboration, and *GitHub for Dummies* is the next step on your journey as a developer. Written by a GitHub engineer, this book is packed with insight on how GitHub works and how you can use it to become a more effective, efficient, and valuable member of any collaborative programming team."
The art of agile development,The art of agile development,James Shore,4.0,3,https://covers.openlibrary.org/b/id/6307771-L.jpg,https://openlibrary.org/works/OL8167691W,409,"Agile software development, Computer software, development, Computer software, Development, General",open_library_api,
Kubernetes in Action,Kubernetes in Action,Marko Luksa,4.0,2,https://covers.openlibrary.org/b/id/8509009-L.jpg,https://openlibrary.org/works/OL19542950W,624,"Application software, development, Electronic data processing, distributed processing",open_library_api,
Free Pascal,Free Pascal,Michaël van Canneyt,5.0,1,https://covers.openlibrary.org/b/id/7248465-L.jpg,https://openlibrary.org/works/OL16799438W,762,"Software development, Pascal (programming language), Object Pascal, Free Pascal, Cross-platform development",open_library_api,
Threat modeling,Threat modeling,Adam Shostack,0.0,0,https://covers.openlibrary.org/b/id/10643659-L.jpg,https://openlibrary.org/works/OL19978521W,624,"Development, Computer networks, Security measures, Computer security, Computer software",open_library_api,"""Adam Shostack is responsible for security development lifecycle threat modeling at Microsoft and is one of a handful of threat modeling experts in the world. Now, he is sharing his considerable expertise into this unique book. With pages of specific actionable advice, he details how to build better security into the design of systems, software, or services from the outset. You'll explore various threat modeling approaches, find out how to test your designs against threats, and learn effective ways to address threats that have been validated at Microsoft and other top companies.""--"
Software Estimation,Software Estimation,Steve McConnell,2.0,1,https://covers.openlibrary.org/b/id/460978-L.jpg,https://openlibrary.org/works/OL2722066W,330,"Computer software, Development, Estimates, Software engineering, Computer software--development--estimates",open_library_api,
Lazarus - the complete guide,Lazarus - the complete guide,Michaël van Canneyt,3.0,3,https://covers.openlibrary.org/b/id/7258332-L.jpg,https://openlibrary.org/works/OL16804740W,736,"Software development, Pascal (programming language), Object Pascal, Free Pascal, Cross-platform development",open_library_api,
The Software Craftsman,The Software Craftsman,Sandro Mancuso,0.0,0,https://covers.openlibrary.org/b/id/8981417-L.jpg,https://openlibrary.org/works/OL20319920W,288,"Computer software, development, Computer software, Development, Software architecture, Quality of products",open_library_api,
Implementing lean software development,Implementing lean software development,Mary Poppendieck,5.0,1,https://covers.openlibrary.org/b/id/11951086-L.jpg,https://openlibrary.org/works/OL9188183W,304,"Development, Production management, Computer software, Computer software, development",open_library_api,
Agile Project Management with Scrum (Microsoft Professional),Agile Project Management with Scrum (Microsoft Professional),Ken Schwaber,3.0,1,https://covers.openlibrary.org/b/id/461518-L.jpg,https://openlibrary.org/works/OL7947520W,350,"Computer Technology, Nonfiction, Development, Scrum (Computer software development), Project management",open_library_api,"Apply the principles of Scrum to software project management with guidance from one of the leaders in the agile process movement. Case studies and project examples demonstrate Scrum concepts in practice and emphasize driving projects for maximum ROI. The rules and practices for Scrum—a simple process for managing complex projects—are few, straightforward, and easy to learn. But Scrum's simplicity itself—its lack of prescription—can be disarming, and new practitioners often find themselves reverting to old project management habits and tools and yielding lesser results. In this illuminating series of case studies, Scrum co-creator and evangelist Ken Schwaber identifies the real-world lessons—the successes and failures—culled from his years of experience coaching companies in agile project management. Through them, you'll understand how to use Scrum to solve complex problems and drive better results—delivering more valuable software faster.Gain the foundation in Scrum theory—and practice—you need to:Rein in even the most complex, unwieldy projects Effectively manage unknown or changing product requirements Simplify the chain of command with self-managing development teams Receive clearer specifications—and feedback—from customers Greatly reduce project planning time and required tools Build—and release—products in 30-day cycles so clients get deliverables earlierAvoid missteps by regularly inspecting, reporting on, and fine-tuning projects Support multiple teams working on a large-scale project from many geographic locations Maximize return on investment!"
xUnit Test Patterns,xUnit Test Patterns,Gerard Meszaros,4.5,2,https://covers.openlibrary.org/b/id/87720-L.jpg,https://openlibrary.org/works/OL7951794W,944,"Computer Technology, Nonfiction, Testing, Software patterns, Computer software",open_library_api,"Automated testing is a cornerstone of agile development. An effective testing strategy will deliver new functionality more aggressively, accelerate user feedback, and improve quality. However, for many developers, creating effective automated tests is"
Being Geek,Being Geek,Michael Lopp,2.3333333,3,https://covers.openlibrary.org/b/id/6973617-L.jpg,https://openlibrary.org/works/OL16304945W,336,"Development, Computer industry, Computer software, Computer science, Vocational guidance",open_library_api,
The Bug,The Bug,Ellen Ullman,3.3333333,3,https://covers.openlibrary.org/b/id/242493-L.jpg,https://openlibrary.org/works/OL2693718W,362,"Fiction, Computer programmers, Computer industry, Computer software developers",open_library_api,"In 1984, Roberta Watson, a quality assurance tester with a computer start-up company, and Ethan Levin, a computer programmer, try to find the bug which is infecting their company's new software before it ruins the company and their lives."
Applied software architecture,Applied software architecture,Christine Hofmeister,0.0,0,https://covers.openlibrary.org/b/id/134384-L.jpg,https://openlibrary.org/works/OL19827381W,397,"Development, Software architecture, Computerarchitectuur, Programmatuurtechniek, Application software",open_library_api,
Usability engineering,Usability engineering,Jakob Nielsen,5.0,2,https://covers.openlibrary.org/b/id/80225-L.jpg,https://openlibrary.org/works/OL3522752W,358,"Development, User interfaces (Computer systems), Computer software, Computer software, development",open_library_api,
Mercurial,Mercurial,Bryan O'Sullivan,3.3333333,3,https://covers.openlibrary.org/b/id/7258074-L.jpg,https://openlibrary.org/works/OL15441983W,259,"Development, Software configuration management, Computer software, Computer software, development",open_library_api,
Learn to Program using Lazarus,Learn to Program using Lazarus,Howard Page-Clark,5.0,1,https://covers.openlibrary.org/b/id/7248467-L.jpg,https://openlibrary.org/works/OL16799439W,255,"Software development, Pascal (programming language), Object Pascal, Free Pascal, Cross-platform development",open_library_api,
Automate the Boring Stuff with Python,Automate the Boring Stuff with Python,Al Sweigart,4.357143,14,https://covers.openlibrary.org/b/id/7363640-L.jpg,https://openlibrary.org/works/OL17192141W,506,"Python (Computer program language), Computer programming, Programming Languages, COMPUTERS, General",open_library_api,"If you've ever spent hours renaming files or updating hundreds of spreadsheet cells, you know how tedious tasks like these can be. But what if you could have your computer do them for you?
In Automate the Boring Stuff with Python, you'll learn how to use Python to write programs that do in minutes what would take you hours to do by hand—no prior programming experience required. Once you've mastered the basics of programming, you'll create Python programs that effortlessly perform useful and impressive feats of automation to:

- Search for text in a file or across multiple files
- Create, update, move, and rename files and folders
- Search the Web and download online content
- Update and format data in Excel spreadsheets of any size
- Split, merge, watermark, and encrypt PDFs
- Send reminder emails and text notifications
- Fill out online forms

Step-by-step instructions walk you through each program, and practice projects at the end of each chapter challenge you to improve those programs and use your newfound skills to automate similar tasks.
Don't spend your time doing work a well-trained monkey could do. Even if you've never written a line of code, you can make your computer do the grunt work. Learn how in Automate the Boring Stuff with Python.[  (Source)][1]


  [1]: http://www.amazon.com/Automate-Boring-Stuff-Python-Programming/dp/1593275994"
Bobby Fischer Teaches Chess,Bobby Fischer Teaches Chess,Bobby Fischer,4.0833335,12,https://covers.openlibrary.org/b/id/7376530-L.jpg,https://openlibrary.org/works/OL6572297W,334,"Chess, Programmed instruction, Schaken, Puzzles",open_library_api,"In this book, former World Champion Bobby Fischer teaches how to play the game of chess and lots of checkmate patterns."
The Mythical Man-Month,The Mythical Man-Month,Frederick P. Brooks,4.16129,31,https://covers.openlibrary.org/b/id/6915361-L.jpg,https://openlibrary.org/works/OL3510570W,195,"Computer programming management, Addresses, essays, lectures, Software engineering, Electronic digital computers, Programming",open_library_api,"Classic text on the human side of software engineering, containing essays on the management of software teams, projections about how computer languages and tools will evolve, and philosophical speculation. Unlike most other books about computing, Brooks' work has been remarkably enduring, remaining in print for at least four decades. The book is most famous for its statement of Brooks' Law: ""adding manpower to a late software project makes it later""."
Structure and Interpretation of Computer Programs (SICP),Structure and Interpretation of Computer Programs (SICP),Harold Abelson,4.4444447,27,https://covers.openlibrary.org/b/id/149338-L.jpg,https://openlibrary.org/works/OL3267304W,542,"Computer programming, LISP (Computer program language), mirror, pdf.yt, Computer science",open_library_api,"> **Wizard Book** n. Hal Abelson's, Jerry Sussman's and Julie Sussman's Structure and Interpretation of Computer Programs (MIT Press, 1984; ISBN 0-262-01077-1), an excellent computer science text used in introductory courses at MIT. So called because of the wizard on the jacket. One of the bibles of the LISP/Scheme world. Also, less commonly, known as the Purple Book.

*from The New Hacker's Dictionary, 2nd edition (MIT Press, 1993)*"
The C Programming Language,The C Programming Language,Brian W. Kernighan,4.185185,54,https://covers.openlibrary.org/b/id/6684943-L.jpg,https://openlibrary.org/works/OL4617640W,274,"C (Computer program language), Linguagem De Programacao (Outras), C (programmeertaal), C (Langage de programmation), Computers",open_library_api,"Very well known, classic introduction to the C Programming Language. Both a text for learning, a reference, and, to some, the definition of proper C language features and use."
C++,C++,Paul J. Deitel,4.0,4,https://covers.openlibrary.org/b/id/15111450-L.jpg,https://openlibrary.org/works/OL7943176W,1104,"Java (Computer program language), C++ (Computer program language), C (Computer program language), C++, Computer program language",open_library_api,"*Publisher's description:* For Introduction to Programming (CS1) and other more intermediate courses covering programming in C++. Also appropriate as a supplement for upper-level courses where the instructor uses a book as a reference for the C++ language. This best-selling comprehensive text is aimed at readers with little or no programming experience. It teaches programming by presenting the concepts in the context of full working programs and takes and early objects approach. The text has an emphasis on achieving program clarity through structured and object-oriented programming, software reuse and component-oriented software construction. The Sixth Edition reflects the suggested improvements of a distinguished team of industry professionals and academics."
Programming in ANSI C,Programming in ANSI C,E. Balagurusamy,3.6666667,3,https://covers.openlibrary.org/b/id/12597885-L.jpg,https://openlibrary.org/works/OL27275831W,549,"C (Computer program language), Computer programming, Object-oriented programming (Computer science)",open_library_api,
Eloquent Javascript,Eloquent Javascript,Marijn Haverbeke,4.25,12,https://covers.openlibrary.org/b/id/7082166-L.jpg,https://openlibrary.org/works/OL15444205W,446,"JavaScript (Computer program language), Computer science, programming languages, JavaScript",open_library_api,"""*Eloquent JavaScript* is a book providing an introduction to the JavaScript programming language and programming in general."""
JavaScript,JavaScript,David Flanagan,4.285714,14,https://covers.openlibrary.org/b/id/10737959-L.jpg,https://openlibrary.org/works/OL1643770W,987,"JavaScript (Computer program language), Web servers, Object-oriented programming (Computer science), JavaScript (Computer language), Mathematics",open_library_api,"JavaScript is a powerful, object-based scripting language; JavaScript programs can be embedded directly into HTML web pages. When combined with the Document Object Model (DOM) defined by a web browser, JavaScript allows you to create Dynamic HTML (DHTML) content and interactive client-side web applications. JavaScript syntax is based on the popular programming languages C, C++, and Java, which makes it familiar and easy to learn for experienced programmers. At the same time, JavaScript is an interpreted scripting language, providing a flexible, forgiving environment in which new programmers can learn.

*JavaScript: The Definitive Guide* provides a thorough description of the core JavaScript language and both the legacy and standard DOMs implemented in web browsers. The book includes sophisticated examples that show you how to handle common tasks such as validating form data, working with cookies, and creating portable DHTML animations. The book also contains detailed reference sections that cover the core JavaScript API, the legacy client-side API, and the W3C standard DOM API, documenting every JavaScript object, method, property, constructor, constant, function, and event handler in those APIs.

This fourth edition of the bestselling JavaScript book has been carefully updated to cover JavaScript 1.5 (ECMAScript Version 3). The book also provides complete coverage of the W3C DOM standard (Level 1 and Level 2), while retaining material on the legacy Level 0 DOM for backward compatibility.

*JavaScript: The Definitive Guide* is a complete programmer's guide and reference manual for JavaScript. It is particularly useful for developers working with the latest standards-compliant web browsers, such as Internet Explorer 6, Netscape 6, and Mozilla. HTML authors can learn how to use JavaScript to build dynamic web pages. Experienced programmers can quickly find the information they need to start writing sophisticated JavaScript programs. This book is an indispensable reference for all JavaScript programmers, regardless of experience level.

----------
*Description from the Fourth Edition (2007, O'Reilly Media)*

<h2>Printing History</h2>
<dl> 
<dt>August 1996</dt>
<dd>Beta Edition.</dd>
<dt>January 1997</dt>
<dd>Second Edition.</dd> 
<dt>June 1998</dt>
<dd>Third Edition.</dd> 
<dt>January 2002</dt>
<dd>Fourth Edition.</dd> 
</dl>"
C programming,C programming,K. N. King,5.0,5,https://covers.openlibrary.org/b/id/252635-L.jpg,https://openlibrary.org/works/OL3233592W,832,"C (Computer program language), Computer programming",open_library_api,
The C++ programming language,The C++ programming language,Bjarne Stroustrup,4.3,10,https://covers.openlibrary.org/b/id/136583-L.jpg,https://openlibrary.org/works/OL53184W,700,"C++ (Computer program language), C++ (Computer programming language), C (Programmiersprache), C++ (Langage de programmation), C++",open_library_api,"The C++ Programming tome, written by the father of C++ himself, Bjarne Stroustrup.  The premier book on the subject of C++ Programming."
Think Python,Think Python,Allen B. Downey,4.0,6,https://covers.openlibrary.org/b/id/7363360-L.jpg,https://openlibrary.org/works/OL16976951W,228,"Computer programming, Software architecture, Python (Computer program language), COMPUTERS / Programming Languages / C#, COMPUTERS / Programming Languages / Pascal",open_library_api,"If you want to learn how to program, working with Python is an excellent way to start. This hands-on guide takes you through the language one step at a time, beginning with basic programming concepts before moving on to functions, recursion, data structures, and object-oriented design.
Through exercises in each chapter, you’ll try out programming concepts as you learn them. Think Python is ideal for students at the high school or college level, as well as self-learners, home-schooled students, and professionals who need to learn programming basics."
Java,Java,Herbert Schildt,4.0,1,https://covers.openlibrary.org/b/id/62098-L.jpg,https://openlibrary.org/works/OL720123W,1000,"Java (Computer program language), Internet programming, Java (computer program language)",open_library_api,best book for learning java
PHP & MySQL,PHP & MySQL,Jon Duckett,4.2,5,https://covers.openlibrary.org/b/id/10095878-L.jpg,https://openlibrary.org/works/OL20799566W,672,"Php (computer program language), Web site development, Sql (computer program language), Mathematics",open_library_api,
Fluent Python,Fluent Python,Luciano Ramalho,5.0,5,https://covers.openlibrary.org/b/id/8743408-L.jpg,https://openlibrary.org/works/OL19932156W,821,"Python (Computer program language), Computer programming, Object-oriented programming languages, Object-oriented programming (computer science), Python (computer program language)",open_library_api,
Managerial Accounting,Managerial Accounting,Jerry J. Weygandt,3.8333333,6,https://covers.openlibrary.org/b/id/6938153-L.jpg,https://openlibrary.org/works/OL1881227W,728,"Rechnungslegung, Comptabilité de gestion, Managerial accounting, Bilanz, Management accounting",open_library_api,
Python crash course,Python crash course,Eric Matthes,4.5,4,https://covers.openlibrary.org/b/id/8245395-L.jpg,https://openlibrary.org/works/OL17920482W,543,"Python (Computer program language), Python (computer program language)",open_library_api,
Back to the Batcave,Back to the Batcave,Adam West,3.5555556,9,https://covers.openlibrary.org/b/id/270628-L.jpg,https://openlibrary.org/works/OL3684889W,257,"Television programs, Batman (Fictitious character), Batman (Television program), Actors, united states",open_library_api,
Introduction to Algorithms,Introduction to Algorithms,Thomas H. Cormen,4.090909,22,https://covers.openlibrary.org/b/id/2341462-L.jpg,https://openlibrary.org/works/OL4781294W,1292,"Algorithms, Computer algorithms, Computer programming, open_syllabus_project, Programming",open_library_api,"This book provides a comprehensive introduction to the modern study of computer algorithms. It presents many algorithms and covers them in considerable depth, yet makes their design and analysis accessible to all levels of readers. We have tried to keep explanations elementary without sacrificing depth of coverage or mathematical rigor. Each chapter presents an algorithm, a design technique, an application area, or a related topic. Algorithms are described in English and in a ""pseudocode"" designed to be readable by anyone who has done a little programming. The book contains over 260 figrues illustrating how the algorithms work. Since we emphasize efficiency as a design criterion, we include careful analyses of the running times of all our algorithms. The text is intended primarily for use in undergraduate or graduate courses in algorithms or data structures. Because it discusses engineering issues in algorithm design, as well as mathematical aspects, it is equally well suited for self-study by technical professionals. --"
Introducing Computers,Introducing Computers,Robert H. Blissmer,5.0,3,https://covers.openlibrary.org/b/id/4642108-L.jpg,https://openlibrary.org/works/OL3155000W,816,"Enable (computer program), Computers, Macintosh (computer), Basic (computer program language), Microsoft works (computer program)",open_library_api,
Masters of Doom,Masters of Doom,David Kushner,4.1714287,35,https://covers.openlibrary.org/b/id/606299-L.jpg,https://openlibrary.org/works/OL5957689W,336,"Computer games, History, Computer programmers, Programming, Biography",open_library_api,"""To my taste, the greatest American myth of cosmogenesis features the maladjusted, antisocial, genius teenage boy who, in the insular laboratory of his own bedroom, invents the universe from scratch. Masters of Doom is a particularly inspired rendition. Dave Kushner chronicles the saga of video game virtuosi Carmack and Romero with terrific brio. This is a page-turning, mythopoeic cyber-soap opera about two glamorous geek geniuses--and it should be read while scarfing down pepperoni pizza and swilling Diet Coke, with Queens of the Stone Age cranked up all the way."" --Mark Leyner, author of I Smell Esther WilliamsMasters of Doom is the amazing true story of the Lennon and McCartney of video games: John Carmack and John Romero. Together, they ruled big business. They transformed popular culture. And they provoked a national controversy. More than anything, they lived a unique and rollicking American Dream, escaping the broken homes of their youth to co-create the most notoriously successful game franchises in history--Doom and Quake--until the games they made tore them apart.Americans spend more money on video games than on movie tickets. Masters of Doom is the first book to chronicle this industry's greatest story, written by one of the medium's leading observers. David Kushner takes readers inside the rags-to-riches adventure of two rebellious entrepreneurs who came of age to shape a generation. The vivid portrait reveals why their games are so violent and why their immersion in their brilliantly designed fantasy worlds offered them solace. And it shows how they channeled their fury and imagination into products that are a formative influence on our culture, from MTV to the Internet to Columbine. This is a story of friendship and betrayal, commerce and artistry--a powerful and compassionate account of what it's like to be young, driven, and wildly creative. From the Hardcover edition."
 Fundamentals of Data Structures in C++ 2nd Edition, Fundamentals of Data Structures in C++ 2nd Edition,Ellis Horowitz,5.0,3,https://covers.openlibrary.org/b/id/1672674-L.jpg,https://openlibrary.org/works/OL17362575W,694,"C++ (Computer program language), Data structures (Computer science), Programming Languages - General, Computer Books: Languages, Computers",open_library_api,
Beginning programming for dummies,Beginning programming for dummies,Wallace Wang,5.0,1,https://covers.openlibrary.org/b/id/520470-L.jpg,https://openlibrary.org/works/OL58316W,408,"Computer programming, QBasic (Computer program language), Computer Technology, Nonfiction, Computer programs",open_library_api,"Discover the latest programming tips and techniquesStart writing programs for Windows, Linux, Macintosh, Palms, and PocketPCsReady to take control of your computer by writing your own programs? Mixing concepts with humor, author Wallace Wang shows you how to begin programming as simply and quickly as possible. In no time, you'll find out how to create and debug programs in Liberty BASIC, use algorithms, build interactive Web pages, and more!All this on the bonus CD-ROM Liberty BASIC and other compilers All the examples and code from the book IBM Robocode V1.0.6 JBuilder 9 Personal, C# Builder Personal, and Kylix Enterprise TrialSee the ""About the CD-ROM"" appendix for details and complete system requirements.Discover how to: Choose the best programming language for your project Work with data structures Install and use Liberty BASIC Create interactive Web sites  Program multiple platform devicesNote: CD-ROM/DVD and other supplementary materials are not included."
C How to Program,C How to Program,Paul J. Deitel,0.0,0,https://covers.openlibrary.org/b/id/11603839-L.jpg,https://openlibrary.org/works/OL7943173W,1008,"Java (Computer program language), C (Computer program language), C++ (Computer program language), C plus plus (computer program language), Network programming",open_library_api,
Java Concurrency in Practice,Java Concurrency in Practice,Brian Goetz,4.25,8,https://covers.openlibrary.org/b/id/7069893-L.jpg,https://openlibrary.org/works/OL16512736W,408,"java programming language, concurrency, programming, non-fiction, Java (Computer program language)",open_library_api,Développez des programmes concurrents fiables en Java ! Cet ouvrage fournit à la fois les bases théoriques et les techniques concrètes pour construire des applications concurrentes fiables et adaptées aux systèmes actuels et futurs.
Object-oriented Programming with C++,Object-oriented Programming with C++,E. Balagurusamy,3.8,5,https://covers.openlibrary.org/b/id/10420384-L.jpg,https://openlibrary.org/works/OL9305390W,624,"C++ (Computer program language), Object-oriented programming (Computer science), Programmation orientée objet (Informatique), C++ (Langage de programmation)",open_library_api,
Introduction to Java Programming,Introduction to Java Programming,Y. Daniel Liang,4.5,2,https://covers.openlibrary.org/b/id/85920-L.jpg,https://openlibrary.org/works/OL114676W,952,"Java (Computer program language), Java (computer program language), Computer programming, Object-oriented programming (Computer science)",open_library_api,"For courses in Java - Introduction to Programming and Object-Oriented Programming, this fifth edition is revised and expanded to include more extensive coverage of advanced Java topics. Early chapters guide students through simple examples and exercises.Subsequent chapters progressively present Java programming in detail."
Houghton Mifflin Reading Intervention,Houghton Mifflin Reading Intervention,Houghton Mifflin Company Staff,5.0,1,https://covers.openlibrary.org/b/id/12665233-L.jpg,https://openlibrary.org/works/OL27468236W,34,"Nonfiction, Reading (Elementary) -- Programmed instruction.",open_library_api,
Computer science,Computer science,Behrouz A. Forouzan,0.0,0,https://covers.openlibrary.org/b/id/2378050-L.jpg,https://openlibrary.org/works/OL35529W,914,"Structured programming, C++ (Computer program language), C (Computer program language), C & Visual C, Computers - Languages / Programming",open_library_api,"A Structured Programming Approach Using C continues to present both computer science theory and C-language syntax with a principle-before-implementation approach. Forouzan and Gilberg employ a clear organizational structure, supplemented by easy-to-follow figures, charts, and tables."
Let Us C++,Let Us C++,Yashavant Kanetkar,3.2,5,https://covers.openlibrary.org/b/id/6681406-L.jpg,https://openlibrary.org/works/OL9086929W,714,"C (Computer program language), Handbooks, manuals, C++ (Computer program language)",open_library_api,
Programming Pearls,Programming Pearls,Jon Bentley,4.0,8,https://covers.openlibrary.org/b/id/135673-L.jpg,https://openlibrary.org/works/OL8021453W,256,Computer programming,open_library_api,
Let us C,Let us C,Yashavant P. Kanetkar,3.0,3,https://covers.openlibrary.org/b/id/8013973-L.jpg,https://openlibrary.org/works/OL17734885W,748,C (Computer program language),open_library_api,
Learning Python,Learning Python,Mark Lutz,4.25,16,https://covers.openlibrary.org/b/id/1312568-L.jpg,https://openlibrary.org/works/OL2784125W,591,"Python (Langage de programmation), Python (linguagem de programação), Python (Computer program language), Python (Lenguaje de programación de computadores), Langage à objets",open_library_api,"Describes the features of the Python 2.5 programming language, covering such topics as types and operations, statements and syntax, functions, modules, classes and OOP, and exceptions and tools."
You Don't Know JS,You Don't Know JS,Kyle Simpson,4.142857,7,https://covers.openlibrary.org/b/id/8117575-L.jpg,https://openlibrary.org/works/OL17825963W,98,"Java (Computer program language), JavaScript (Computer program language)",open_library_api,
The art of computer programming,The art of computer programming,Donald Knuth,4.5,6,https://covers.openlibrary.org/b/id/136600-L.jpg,https://openlibrary.org/works/OL257263W,653,"Computer programming, Computer algorithms, Electronic digital computers, Programming, Qa76.6 .k64 1997",open_library_api,
The Rust Programming Language,The Rust Programming Language,Steve Klabnik,4.6666665,3,https://covers.openlibrary.org/b/id/8508621-L.jpg,https://openlibrary.org/works/OL19080231W,560,"Rust (Computer programming language), Computer programming, Programming languages (electronic computers)",open_library_api,
Java how to program--early objects,Java how to program--early objects,Paul J. Deitel,5.0,1,https://covers.openlibrary.org/b/id/15111749-L.jpg,https://openlibrary.org/works/OL19543270W,1250,"Java (computer program language), Computer programming, Object-oriented programming (computer science), Object-oriented programming (Computer science)",open_library_api,
Programming with Java,Programming with Java,E. Balagurusamy,2.4,5,https://covers.openlibrary.org/b/id/10487733-L.jpg,https://openlibrary.org/works/OL22705232W,471,Computers internet programming java general,open_library_api,
Coders at Work,Coders at Work,Peter Seibel,4.0,18,https://covers.openlibrary.org/b/id/6975651-L.jpg,https://openlibrary.org/works/OL16301038W,617,"Programmatuurtechniek, Programmierung, Computer programmers, Computer programming, Interviews",open_library_api,Presents an overview of computer programming and interviews with some of the well-known programmers currently working in the field as they discuss their experiences and techniques.
The clean coder,The clean coder,Robert C. Martin,4.3157897,19,https://covers.openlibrary.org/b/id/7318893-L.jpg,https://openlibrary.org/works/OL16298147W,210,"Computer programmers, Computer programming, Moral and ethical aspects, Professional ethics, Computer programming--moral and ethical aspects",open_library_api,"In the <i>Clean Coder: A Code of Conduct for Professional Programmers</i>, legendary software expert Robert C Martin introduces the disciplines, techniques, tools, and practices of true software craftsmanship."
Friends 'Til the End,Friends 'Til the End,David Wild,4.2727275,11,https://covers.openlibrary.org/b/id/503269-L.jpg,https://openlibrary.org/works/OL7459886W,288,"Actors, Friends. (Television programme), Miscellanea, Warner Bros, Friends (Television program)",open_library_api,
JavaScript and jQuery,JavaScript and jQuery,Jon Duckett,4.1666665,6,https://covers.openlibrary.org/b/id/7419725-L.jpg,https://openlibrary.org/works/OL17341092W,640,"JavaScript (Computer program language), Web site development, Computers--programming languages--javascript, Javascript, Jquery",open_library_api,"This is not your average programming book.

We understand that all kinds of people build websites these days (and that they don’t all have a degree in computer science).

So, if you want to use JavaScript to make your web pages more interactive, interesting, and usable, we can help. Even if you have never done any programming."
The Go Programming Language,The Go Programming Language,Alan A. A. Donovan,4.2,5,https://covers.openlibrary.org/b/id/7427319-L.jpg,https://openlibrary.org/works/OL17348524W,399,"Computer programs, Go (Computer program language), Programming, Open source software",open_library_api,
Head first Java,Head first Java,Kathy Sierra,4.4,10,https://covers.openlibrary.org/b/id/388761-L.jpg,https://openlibrary.org/works/OL5756124W,688,"Java (Computer program language), programming, java, General, Games",open_library_api,Highly acclaimed introductory Java book.
Desire Never Changes,Desire Never Changes,Penny Jordan,4.1875,16,https://covers.openlibrary.org/b/id/9606214-L.jpg,https://openlibrary.org/works/OL3759059W,221,"Fiction, Romance, Contemporary, Photography,  fiction, Computer programming, fiction, Photographers, fiction, Marriage proposals, fiction",open_library_api,"Marry Chase Lorimer--impossible!

Since 18 year old  Somer MacDonald's humiliating encounter with 28 year old Chase Lorimer on the isle of Jersey, she had kept men at a distance.

Five years ago she had foolishly tried to prove her sexual desirability by seducing the gorgeous world-renowned photographer. But her plan had backfired when Chase coldly denied her advances.

Now Chase was suddenly back in her life--and he wanted to marry her! The all-encompassing force drawing Somer to him was undeniable. But could she risk rejection again?"
JavaScript for dummies,JavaScript for dummies,Emily A. Vander Veer,0.0,0,https://covers.openlibrary.org/b/id/3863999-L.jpg,https://openlibrary.org/works/OL2765872W,375,"JavaScript (Computer program language), Computer Technology, Nonfiction, Web publishing, COMPUTERS",open_library_api,"Responding to reader feedback, the author has thoroughly revamped the book with more step-by-step coverage of JavaScript basics, an exclusive focus on Internet Explorer, and many complete sample scripts  Updated to cover JavaScript 1.5, the latest release of this popular Web scripting language  Using lots of examples, including a sample working Web site, the book shows how to create dynamic and interactive pages, build entire sites, and automate pages"
Java for dummies,Java for dummies,Barry A. Burd,0.0,0,https://covers.openlibrary.org/b/id/7182720-L.jpg,https://openlibrary.org/works/OL3372608W,432,"Computer Technology, Java (Computer program language), Nonfiction, Java (computer program language), Internet programming",open_library_api,"Start building powerful programs with Java 6--fast!   Get an overview of Java 6 and begin building your own programs   Even if you're new to Java programming--or to programming in general--you can get up and running on this wildly popular language in a hurry. This book makes it easy! From how to install and run Java to understanding classes and objects and juggling values with arrays and collections, you will get up to speed on the new features of Java 6 in no time.   Discover how to    Use object-oriented programming  Work with the changes in Java 6 and JDK 6  Save time by reusing code  Mix Java and Javascript with the new scripting tools  Troubleshoot code problems and fix bugs     All on the bonus CD-ROM    Custom builNote: CD-ROM/DVD and other supplementary materials are not included...."
The Pragmatic Programmer,The Pragmatic Programmer,Andy Hunt,4.3541665,48,https://covers.openlibrary.org/b/id/10143650-L.jpg,https://openlibrary.org/works/OL5748544W,352,"Computer programming, Vocational education, Projectmanagement, Métodos ágeis, Programmeren (computers)",open_library_api,"The Pragmatic Programmer is one of those rare tech audiobooks you’ll listen, re-listen, and listen to again over the years. Whether you’re new to the field or an experienced practitioner, you’ll come away with fresh insights each and every time. 

Dave Thomas and Andy Hunt wrote the first edition of this influential book in 1999 to help their clients create better software and rediscover the joy of coding. These lessons have helped a generation of programmers examine the very essence of software development, independent of any particular language, framework, or methodology, and the Pragmatic philosophy has spawned hundreds of books, screencasts, and audio books, as well as thousands of careers and success stories. 

Now, 20 years later, this new edition re-examines what it means to be a modern programmer. Topics range from personal responsibility and career development to architectural techniques for keeping your code flexible and easy to adapt and reuse. All the old favorite topics are there, updated for this new world. And there's a bunch of new content, reflecting what we've learned in the intervening years. 

Whether you’re a new coder, an experienced programmer, or a manager responsible for software projects, use these lessons daily, and you’ll quickly see improvements in personal productivity, accuracy, and job satisfaction. You’ll learn skills and develop habits and attitudes that form the foundation for long-term success in your career. You’ll become a pragmatic programmer. 

This audiobook is organized as a series of sections, each containing a series of topics. It is read by Anna Katarina; Dave and Andy (and a few other folks) jump in every now and then to give their take on things."
The Waite Group's Turbo C programming for the PC,The Waite Group's Turbo C programming for the PC,Robert Lafore,4.0,2,https://covers.openlibrary.org/b/id/410094-L.jpg,https://openlibrary.org/works/OL2036125W,696,"C (Computer program language), IBM microcomputers, Programming, Turbo C (Computer file), Turbo c (computer program)",open_library_api,
"Python, The Complete Reference","Python, The Complete Reference",Martin C. Brown,5.0,1,https://covers.openlibrary.org/b/id/61313-L.jpg,https://openlibrary.org/works/OL725930W,1200,"Programming languages (Electronic computers), Python (computer program language)",open_library_api,
The Making of Star Trek,The Making of Star Trek,Stephen E. Whitfield,3.6666667,3,https://covers.openlibrary.org/b/id/207356-L.jpg,https://openlibrary.org/works/OL7300660W,414,Star Trek (Television program),open_library_api,"> **The Biography of the Leading Science Fiction TV Program**
> 
> STAR TREK! The long, hard battle of television's first tentative step
> toward adult science fiction, with the complete story of how the *U.S.S.
> Enterprise* was designed, her weaponry, equipment and power
> resources, the original concept behind the show, how the continuity is
> maintained, backgrounds of the characters, biographies of the stars,
> and pictures, diagrams, illustrations -- the whole authentic history.

Although Gene Roddenberry is listed as a co-author, the book was written by Whitfield.  Roddenberry's only contribution seems to be the lyrics to the Star Trek Theme on page 7."
Basic materials in music theory,Basic materials in music theory,Paul O. Harder,0.0,0,https://covers.openlibrary.org/b/id/1145104-L.jpg,https://openlibrary.org/works/OL804064W,354,"Music theory, Programmed instruction, Music, Theory, Music theory, programmed instruction",open_library_api,
The psychology of computer programming,The psychology of computer programming,Gerald M. Weinberg,3.5,2,https://covers.openlibrary.org/b/id/711892-L.jpg,https://openlibrary.org/works/OL1958820W,288,"Computer programming, Psychological aspects, Psychological aspects of Computer programming, Electronic digital computers, programming, Computer programming -- Psychological aspects",open_library_api,"This landmark 1971 classic is reprinted with a new preface, chapter-by-chapter commentary, and straight-from-the-heart observations on topics that affect the professional life of programmers.  Long regarded as one of the first books to pioneer a people-oriented approach to computing, The Psychology of Computer Programming endures as a penetrating analysis of the intelligence, skill, teamwork, and problem-solving power of the computer programmer.  Finding the chapters strikingly relevant to today's issues in programming, Gerald M. Weinberg adds new insights and highlights the similarities and differences between now and then. Using a conversational style that invites the reader to join him, Weinberg reunites with some of his most insightful writings on the human side of software engineering.  Topics include egoless programming, intelligence, psychological measurement, personality factors, motivation, training, social problems on large projects, problem-solving ability, programming language design, team formation, the programming environment, and much more.  The author says, ""On an inspired eight-week vacation in Italy, I wrote the first draft of The Psychology of Computer Programming. . . . the book quickly became a best-seller among technical titles, running through more than twenty printings and staying in print for twenty-five years. . . .  ""For this Silver Anniversary Edition, I decided to take my own advice and not try to hide my errors, for they would be the source of the most learning for my readers. I decided to leave the original text as it was—antiques and all—for your illumination, and simply to add some 'wisdom of hindsight' remarks whenever the spirit moved me. I hope you find the perspective brought by this time-capsule contrast as useful to you as it has been to me.""  J.J. Hirschfelder of Computing Reviews wrote: ""The Psychology of Computer Programming . . . was the first major book to address programming as an individual and team effort, and became a classic in the field. . . . Despite, or perhaps even because of, the perspective of 1971, this book remains a must-read for all software development managers.""  Sue Petersen of Visual Developer said: ""In this new edition, Jerry looks at where we were 30 years ago, where we are now and where we might be in the future. Instead of changing the original text, he's added new comments to each chapter. This allows the reader to compare and contrast his thinking over the decades, showcasing the errors and omissions as well as the threads that bore fruit. "". . . one issue -- communication -- has been at the core of Jerry's work for decades. Unknown to him at the time, Psychology was to form the outline of his life's work. . . . Psychology is valuable as history in a field that is all too ready to repeat the errors of its past. Read Psychology as a picture of where we've been, where we are now, and where we need to go next. Read it as an index to the thinking of one of the most influential figures in our field."""
BASIC,BASIC,Robert J. Bent,0.0,0,https://covers.openlibrary.org/b/id/4665210-L.jpg,https://openlibrary.org/works/OL3517771W,384,"BASIC (Computer program language), Programming, Apple computer, Programming languages, Programming Languages - General",open_library_api,
Operating systems,Operating systems,William Stallings,4.0,1,https://covers.openlibrary.org/b/id/3887043-L.jpg,https://openlibrary.org/works/OL1865013W,780,"Operating systems (Computers), Syste  mes d'exploitation (Ordinateurs), Betriebssystem, Lehrbuch, Besturingssystemen",open_library_api,"""This book provides a comprehensive and unified introduction to operating systems. The book emphasizes both fundamental principles and design issues in contemporary systems. Thus it is both a basic reference and an up-to-date survey of the state of the art. The book provides the reader with a solid understanding of the key mechanisms of modern operating systems and the types of design trade-offs and decisions involved in OS design."" ""In addition to providing coverage of the fundamentals of operating systems, this book examines the most important recent developments in OS design. Among the topics covered: threads, distributed systems, real time systems, process migration, multiprocessor scheduling, and security.""--BOOK JACKET."
Introduction to C Programming,Introduction to C Programming,Reema Thareja,3.0,1,https://covers.openlibrary.org/b/id/13841415-L.jpg,https://openlibrary.org/works/OL21090538W,421,"C (computer program language), C (Computer program language)",open_library_api,
Refactoring,Refactoring,Martin Fowler,3.8666666,15,https://covers.openlibrary.org/b/id/7087623-L.jpg,https://openlibrary.org/works/OL16551230W,0,"Software refactoring, Object-oriented programming (Computer science)",open_library_api,
Hackers,Hackers,Steven Levy,4.0833335,24,https://covers.openlibrary.org/b/id/106396-L.jpg,https://openlibrary.org/works/OL804638W,456,"Computer programming, Electronic digital computers, Programming, Computer hackers, History",open_library_api,"Today, technology is cool. Owning the most powerful computer, the latest high-tech gadget, and the whizziest website is a status symbol on a par with having a flashy car or a designer suit. And a media obsessed with the digital explosion has reappropriated the term ""computer nerd"" so that it's practically synonymous with ""entrepreneur."" Yet, a mere fifteen years ago, wireheads hooked on tweaking endless lines of code were seen as marginal weirdos, outsiders whose world would never resonate with the mainstream. That was before one pioneering work documented the underground computer revolution that was about to change our world forever.

With groundbreaking profiles of Bill Gates, Steve Wozniak, MIT's Tech Model Railroad Club, and more, Steven Levy's Hackers brilliantly captures a seminal moment when the risk takers and explorers were poised to conquer twentieth-century America's last great frontier. And in the Internet age, ""the hacker ethic"" -- first espoused here -- is alive and well. - Back cover."
Pre-release center program test design,Pre-release center program test design,Unknown Author,4.2,30,,https://openlibrary.org/works/OL14921145M,17,"Pre-release programs for prisoners -- United States, Community-based corrections -- United States",open_library_api,
Python,Python,Mark Lutz,5.0,2,https://covers.openlibrary.org/b/id/988215-L.jpg,https://openlibrary.org/works/OL2784127W,158,"Python (Computer program language), Python (Langage de programmation), COMPUTERS, Programming Languages, Python",open_library_api,"<p>Python is optimized for quality, productivity, portability, and integration. Hundreds of thousands of Python developers around the world rely on Python for general-purpose tasks, Internet scripting, systems programming, user interfaces, and product customization. Available on all major computing platforms, including commercial versions of Unix, Linux, Windows, and Mac OS X, Python is portable, powerful and remarkable easy to use. With its convenient, quick-reference format, <em>Python Pocket Reference</em>, 3rd Edition is the perfect on-the-job reference. More importantly, it's now been refreshed to cover the language's latest release, Python 2.4. For experienced Python developers, this book is a compact toolbox that delivers need-to-know information at the flip of a page. This third edition also includes an easy-lookup index to help developers find answers fast! Python 2.4 is more than just optimization and library enhancements; it's also chock full of bug fixes and upgrades. And these changes are addressed in the <em>Python Pocket Reference</em>, 3rd Edition. New language features, new and upgraded built-ins, and new and upgraded modules and packages—they're all clarified in detail. The <em>Python Pocket Reference</em>, 3rd Edition serves as the perfect companion to <em><a href=""/works/OL2784125W/"">Learning Python</a></em>
and <em>Programming Python</em>.</p>

<h2>Revision History</h2>
<dl>
<dt>October 1998</dt><dd>First Edition</dd> 
<dt>January 2002</dt><dd>Second Edition</dd> 
<dt>February 2005</dt><dd>Third Edition</dd> 
<dt>October 2009</dt><dd>Fourth Edition</dd> 
<dt></dt><dd>5th Edition</dd> 
<dt>2014-01-17</dt><dd>First release</dd> 
<dt>2014-02-14</dt><dd>Second release</dd> 
<dt>2015-02-06</dt><dd>Third release</dd> 
<dt>2018-08-10</dt><dd>Fourth release</dd>
<dt>2018-11-21</dt><dd>Fifth release</dd>
</dl>"
"Agile Software Development, Principles, Patterns, and Practices","Agile Software Development, Principles, Patterns, and Practices",Robert C. Martin,5.0,1,https://covers.openlibrary.org/b/id/91081-L.jpg,https://openlibrary.org/works/OL7952934W,529,"C & Visual C, C++ (Computer program language), Object-oriented programming (Computer science), Agile software development, Extreme programming",open_library_api,
Objects first with Java,Objects first with Java,David J. Barnes,3.0,2,https://covers.openlibrary.org/b/id/89228-L.jpg,https://openlibrary.org/works/OL11967463W,508,"Java (Computer program language), Study and teaching, Computer science, Object-oriented programming (Computer science), Java & variants",open_library_api,This introductory programming textbook integrates BlueJ with Java. It provides a thorough treatment of object-oriented principles.
Teach yourself C++,Teach yourself C++,Herbert Schildt,3.0,1,https://covers.openlibrary.org/b/id/4044146-L.jpg,https://openlibrary.org/works/OL720121W,640,"C (Computer program language), C [plus plus] (Computer program language), C plus plus (Computer program language), C++ (Computer program language), C[plus plus] (Computer program language)",open_library_api,"Teach Yourself C begins with the fundamentals, covers all the essentials, and concludes with a look at some of C's most advanced features. Along the way are plenty of practical examples, self-evaluation skill checks, and exercises. Answers to all exercises at the back of the book, so you can easily check your progress.

Best of all, you'll learn with Schildt's proven ""mastery"" method: the highly effective yet versatile approach that has helped millions become skilled programmers. This approach lets you work at your own pace, in your own way. Even if you have found C confusing in the past, Schildt's clear, paced presentation will make even advanced topics easy to understand."
Cracking The Coding Interview,Cracking The Coding Interview,Gayle Laakmann McDowell,3.3333333,3,https://covers.openlibrary.org/b/id/7276811-L.jpg,https://openlibrary.org/works/OL16816263W,504,"Problems, exercises, Computer programming, Vocational guidance, Employment interviewing, Computer programmers",open_library_api,"I am not a recruiter. I am a software engineer. And as such, I know what it's like to be asked to whip up brilliant algorithms on the spot and then write flawless code on a whiteboard. I've been through this as a candidate and as an interviewer.

Cracking the Coding Interview, 6th Edition is here to help you through this process, teaching you what you need to know and enabling you to perform at your very best. I've coached and interviewed hundreds of software engineers. The result is this book.

Learn how to uncover the hints and hidden details in a question, discover how to break down a problem into manageable chunks, develop techniques to unstick yourself when stuck, learn (or re-learn) core computer science concepts, and practice on 189 interview questions and solutions.

These interview questions are real; they are not pulled out of computer science textbooks. They reflect what's truly being asked at the top companies, so that you can be as prepared as possible.

WHAT'S INSIDE?

- 189 programming interview questions, ranging from the basics to the trickiest algorithm problems.
- A walk-through of how to derive each solution, so that you can learn how to get there yourself.
- Hints on how to solve each of the 189 questions, just like what you would get in a real interview.
- Five proven strategies to tackle algorithm questions, so that you can solve questions you haven't seen.
- Extensive     coverage of essential topics, such as big O time, data structures, and core algorithms.
- A behind the scenes look at how top companies like Google and Facebook hire developers.
- Techniques to prepare for and ace the soft side of the interview: behavioral questions.
- For interviewers and companies: details on what makes a good interview question and hiring process."
Microprocessors and interfacing,Microprocessors and interfacing,Douglas V. Hall,4.5,4,https://covers.openlibrary.org/b/id/9089229-L.jpg,https://openlibrary.org/works/OL4085889W,573,"Computer interfaces, Microprocessors, Programming, Programmation, Micro-ordinateurs",open_library_api,"This text focuses on the Intel 8086 family that are used in the IBM PC's and teaches students the programming, system connections, and interfacing of microprocessors and their peripheral devices in detail. Students begin with a brief introduction to computer hardware which leads to an in-depth look at how microprocessor-based computers are programmed to do real tasks. They also cover assembly language programming of 8086-based systems. Throughout the text, the emphasis is on writing assembly language programs in a top-down, structured manner. Included are comparisons between CISC and RISC microcomputer architectures and their trade-offs."
Grokking Algorithms: An illustrated guide for programmers and other curious people,Grokking Algorithms: An illustrated guide for programmers and other curious people,Aditya Y. Bhargava,4.0833335,12,https://covers.openlibrary.org/b/id/8512926-L.jpg,https://openlibrary.org/works/OL19546865W,256,"Computer algorithms, Computer programming, Handbooks, manuals, Algorithmus, Programmierung",open_library_api,"""Grokking Algorithms is a fully illustrated, friendly guide that teaches you how to apply common algorithms to the practical problems you face every day as a programmer. You'll start with sorting and searching and, as you build up your skills in thinking algorithmically, you'll tackle more complex concerns such as data compression and artificial intelligence. Each carefully presented example includes helpful diagrams and fully annotated code samples in Python.""--Publisher's desription."
Introduction to Machine Learning with Python,Introduction to Machine Learning with Python,Andreas C. Mueller,4.5,2,https://covers.openlibrary.org/b/id/7435335-L.jpg,https://openlibrary.org/works/OL17357597W,376,"Programming languages (Electronic computers), Python (Computer program language), Data mining, Machine learning, Python (computer program language)",open_library_api,
SQL for Dummies,SQL for Dummies,Allen G. Taylor,2.8,5,https://covers.openlibrary.org/b/id/299637-L.jpg,https://openlibrary.org/works/OL2035966W,432,"SQL (Computer program language), Database management, Relational databases, Computer programming, Computer Technology",open_library_api,"Learn SQL the fun and easy way -- no programming experience needed!  SQL For Dummies, 7th Edition, shows programmers and web developers how to use SQL to build relational databases and get valuable information from them. This book covers the core features of the SQL language. Topics covered include how to use SQL to structure a DBMS and implement a database design; secure a database; and retrieve information from a database. This edition will be revised to reflect the new enhancements of SQL/XML:2008.   The latest update of the perennial bestselling SQL For Dummies, which has sold more than 210,000 units in six editions.  SQL is the most popular database language in the world  Covers creating, accessing, manipulating, maintaining, and storing information in relational database management systems (DBMS) such as Access, Oracle, SQL Server, and MySQL.  Includes new content on using SQL with XML to power data-driven web sites and using SQL with Access 2010  Whether you're daunted by database development or a system admin star, SQL For Dummies, 7th Dummies will have you working your web site in no time at all.The EPUB format of this title may not be compatible for use on all handheld devices."
Core Python programming,Core Python programming,Wesley Chun,4.0,1,https://covers.openlibrary.org/b/id/7972455-L.jpg,https://openlibrary.org/works/OL12409294W,1077,Python (Computer program language),open_library_api,
The Hunger Games,The Hunger Games,Suzanne Collins,4.1043644,527,https://covers.openlibrary.org/b/id/12646537-L.jpg,https://openlibrary.org/works/OL5735363W,400,"severe poverty, starvation, oppression, effects of war, self-sacrifice",open_library_api,"The Hunger Games is a 2008 dystopian novel by the American writer Suzanne Collins. It is written in the perspective of 16-year-old Katniss Everdeen, who lives in the future, post-apocalyptic nation of Panem in North America. The Capitol, a highly advanced metropolis, exercises political control over the rest of the nation. The Hunger Games is an annual event in which one boy and one girl aged 12–18 from each of the twelve districts surrounding the Capitol are selected by lottery to compete in a televised battle royale to the death.

The book received critical acclaim from major reviewers and authors. It was praised for its plot and character development. In writing The Hunger Games, Collins drew upon Greek mythology, Roman gladiatorial games, and contemporary reality television for thematic content. The novel won many awards, including the California Young Reader Medal, and was named one of Publishers Weekly's ""Best Books of the Year"" in 2008.

The Hunger Games was first published in hardcover on September 14, 2008, by Scholastic, featuring a cover designed by Tim O'Brien."
Mastering Blockchain,Mastering Blockchain,Imran Bashir,0.0,0,https://covers.openlibrary.org/b/id/8086575-L.jpg,https://openlibrary.org/works/OL17802010W,816,Computer programming,open_library_api,
Computer Science With C++ Class,Computer Science With C++ Class,Sumita Arora,5.0,2,https://covers.openlibrary.org/b/id/10865309-L.jpg,https://openlibrary.org/works/OL24341765W,0,"Computer, Program, C++ (Program computer)",open_library_api,
Java Programming,Java Programming,Joyce Farrell,4.5,2,https://covers.openlibrary.org/b/id/5406811-L.jpg,https://openlibrary.org/works/OL3503668W,524,"Java (Computer program language), Java (computer program language)",open_library_api,
Discrete Mathematics with Applications,Discrete Mathematics with Applications,Susanna S. Epp,3.2,5,https://covers.openlibrary.org/b/id/9295752-L.jpg,https://openlibrary.org/works/OL3502985W,889,"Textbooks, Computer science, Mathematics, Mathematics textbooks, Computer science, mathematics",open_library_api,
The Difference Engine,The Difference Engine,William Gibson,3.32,25,https://covers.openlibrary.org/b/id/4034359-L.jpg,https://openlibrary.org/works/OL27252W,395,"American Science fiction, Computers, Fiction, Steampunk, Steampunk fiction",open_library_api,"<Blockquote> 1855: The Industrial Revolution is in full and inexorable swing, powered by steam-driven cybernetic Engines. Charles Babbage perfects his Analytical Engine and the computer age arrives a century ahead of its time. And three extraordinary characters race toward a rendezvous with history - and the future: Sybil Gerard - dishonored woman and daughter of a Luddite agitator; Edward ""Leviathan"" Mallory - explorer and paleontologist; Laurence Oliphant - diplomat and spy. Their adventure begins with the discovery of a box of punched Engine cards of unknown origin and purpose. Cards someone wants badly enough to kill for... 

Part detective story, part historical thriller, The Difference Engine is the first collaborative novel by two of the most brilliant and controversial science fiction authors of our time. Provocative, compelling, intensely imagined, it is a startling extension of Gibson's and Sterling's unique visions - in a new and totally unexpected direction!<Blockquote>
-<a href=""http://www.goodreads.com/book/show/337116.The_Difference_Engine"">Goodreads</a>"
2001,2001,Arthur C. Clarke,4.195122,123,https://covers.openlibrary.org/b/id/11344400-L.jpg,https://openlibrary.org/works/OL17365W,236,"Human-computer interaction, Computers, Fiction, Science fiction, Twenty-first century",open_library_api,"A novel that proposes an idea about how the human race might have begun and where it might be headed...given a little help from out there. A colaboration of ideas with director Stanley Kubrick in the late 1960's it begins at ""the dawn of man"" and then leaps to the year 2001 where a mission to Saturn (Jupiter in the film) is mounted to try and answer questions raised by the discovery of an ancient artifact dug up on the moon. Though not particularly fast paced, the science is good, and there are a few hair raising events. There are also interesting speculations about the future, such as the space shuttle, and a device eerily similar to an iPad. Leaving plenty of room for contemplation and the appreciation for the inevitable trials of space travel, this is one of the truly landmark pieces of hard science fiction."
Hacking for Dummies,Hacking for Dummies,Kevin Beaver,4.3333335,6,https://covers.openlibrary.org/b/id/299671-L.jpg,https://openlibrary.org/works/OL6035941W,396,"Computer Technology, Computer hackers, Computer networks, Computer security, Nonfiction",open_library_api,"While you're reading this, a hacker could be prying and spying his way into your company's IT systems, sabotaging your operations, stealing confidential information, shutting down your Web site, or wreaking havoc in other diabolical ways. Hackers For Dummies helps you hack into a hacker's mindset and take security precautions to help you avoid a hack attack. It outlines computer hacker tricks and techniques you can use to assess the security of your own information systems, find security vulnerabilities, and fix them before malicious and criminal hackers can exploit them. It covers:    Hacking methodology and researching public information to see what a hacker can quickly learn about your operations  Social engineering (how hackers manipulate employees to gain information and access), physical security, and password vulnerabilities  Network infrastructure, including port scanners, SNMP scanning, banner grabbing, scanning, and wireless LAN vulnerabilities  Operating systems, including Windows, Linux, and Novell NetWare  Application hacking, including malware (Trojan horses, viruses, worms, rootkits, logic bombs, and more), e-mail and instant messaging, and Web applications  Tests, tools (commercial, shareware, and freeware), and techniques that offer the most bang for your ethical hacking buck     With this guide you can develop and implement a comprehensive security assessment plan, get essential support from management, test your system for vulnerabilities, take countermeasures, and protect your network infrastructure. You discover how to beat hackers at their own game, with:    A hacking toolkit, including War dialing software, password cracking software, network scanning software, network vulnerability assessment software, a network analyzer, a Web application assessment tool, and more  All kinds of countermeasures and ways to plug security holes  A list of more than 100 security sites, tools, and resources     Ethical hacking helps you fight hacking with hacking, pinpoint security flaws within your systems, and implement countermeasures. Complete with tons of screen shots, step-by-step instructions for some countermeasures, and actual case studies from IT security professionals, this is an invaluable guide, whether you're an Internet security professional, part of a penetration-testing team, or in charge of IT security for a large or small business."
Code,Code,Charles Petzold,4.181818,22,https://covers.openlibrary.org/b/id/460968-L.jpg,https://openlibrary.org/works/OL1972516W,393,"Computer programming, Coding theory, Datenverarbeitung, Computers, Hardware",open_library_api,"What do flashlights, the British invasion, black cats, and seesaws have to do with computers? In CODE, they show us the ingenious ways we manipulate language and invent new means of communicating with each other. And through CODE, we see how this ingenuity and our very human compulsion to communicate have driven the technological innovations of the past two centuries. 

Using everyday objects and familiar language systems such as Braille and Morse code, author Charles Petzold weaves an illuminating narrative for anyone who’s ever wondered about the secret inner life of computers and other smart machines. 

It’s a cleverly illustrated and eminently comprehensible story—and along the way, you’ll discover you’ve gained a real context for understanding today’s world of PCs, digital media, and the Internet. No matter what your level of technical savvy, CODE will charm you—and perhaps even awaken the technophile within."
The player of games,The player of games,Iain Banks,4.202532,79,https://covers.openlibrary.org/b/id/44077-L.jpg,https://openlibrary.org/works/OL100779W,320,"OverDrive, Fiction, Science Fiction, Science Fiction & Fantasy, Accessible book",open_library_api,"The Culture - a human/machine symbiotic society - has thrown up many great Game Players, and one of the greatest is Gurgeh. Jernau Morat Gurgeh. The Player of Games. Master of every board, computer, and strategy.
Bored with success, Gurgeh travels to the Empire of Azad, cruel and incredibly wealthy, to try their fabulous game ... a game so complex, so like life itself, that the winner becomes emperor. Mocked, blackmailed, almost murdered, Gurgeh accepts the game, and with it the challenge of his life - a very possibly his death."
Systems Analysis and Design,Systems Analysis and Design,Alan Dennis,3.0,1,https://covers.openlibrary.org/b/id/304506-L.jpg,https://openlibrary.org/works/OL5973035W,537,"Systeemanalyse, Computer architecture, Systeemontwerp, System design, System analysis",open_library_api,
Mathematical structures for computer science,Mathematical structures for computer science,Judith L. Gersting,0.0,0,https://covers.openlibrary.org/b/id/7136779-L.jpg,https://openlibrary.org/works/OL1922611W,729,"Textbooks, Mathematical models, Computer science, Mathematics, Mathematics textbooks",open_library_api,
Player Piano,Player Piano,Kurt Vonnegut,3.7586207,29,https://covers.openlibrary.org/b/id/280246-L.jpg,https://openlibrary.org/works/OL98484W,295,"Fiction, Classic Literature, Mystery, Science Fiction & Fantasy, Utopias",open_library_api,"Vonnegut's first novel spins the chilling tale of engineer Paul Proteus, who must find a way to live in a world dominated by a super computer and run completely by machines.  Paul's rebellion is vintage Vonnegut - wildly funny, deadly serious, and terrifyingly close to reality."
Superintelligence,Superintelligence,Nick Bostrom,4.0,23,https://covers.openlibrary.org/b/id/8039542-L.jpg,https://openlibrary.org/works/OL17319280W,352,"Moral and ethical aspects, Cognitive science, Artificial intelligence, Social aspects, Philosophy",open_library_api,"The human brain has some capabilities that the brains of other animals lack. It is to these distinctive capabilities that our species owes its dominant position. Other animals have stronger muscles or sharper claws, but we have cleverer brains. If machine brains one day come to surpass human brains in general intelligence, then this new superintelligence could become very powerful. As the fate of the gorillas now depends more on us humans than on the gorillas themselves, so the fate of our species then would come to depend on the actions of the machine superintelligence. But we have one advantage: we get to make the first move. Will it be possible to construct a seed AI or otherwise to engineer initial conditions so as to make an intelligence explosion survivable? How could one achieve a controlled detonation? To get closer to an answer to this question, we must make our way through a fascinating landscape of topics and considerations. Read the book and learn about oracles, genies, singletons; about boxing methods, tripwires, and mind crime; about humanity's cosmic endowment and differential technological development; indirect normativity, instrumental convergence, whole brain emulation and technology couplings; Malthusian economics and dystopian evolution; artificial intelligence, and biological cognitive enhancement, and collective intelligence."
Snow Crash,Snow Crash,Neal Stephenson,4.0761423,197,https://covers.openlibrary.org/b/id/392508-L.jpg,https://openlibrary.org/works/OL38501W,460,"American Science fiction, Open Library Staff Picks, ready player one, Fiction, Science fiction",open_library_api,"Within the Metaverse, Hiro is offered a datafile named Snow Crash by a man named Raven who hints that it is a form of narcotic. Hiro's friend and fellow hacker Da5id views a bitmap image contained in the file which causes his computer to crash and Da5id to suffer brain damage in the real world.

This is the future we now live where all can be brought to life in the metaverse and now all can be taken away. Follow on an adventure with Hiro and YT as they work with the mob to uncover a plot of biblical proportions."
Diaspora,Diaspora,Greg Egan,3.5714285,14,https://covers.openlibrary.org/b/id/1009216-L.jpg,https://openlibrary.org/works/OL115341W,352,"Cloning, Fiction, Science fiction, Fiction, science fiction, hard science fiction, Cyberspace",open_library_api,"From back cover HarperPrism paperback November 1999:

It is the thirtieth century.  The ""world"" has evolved into a vast network of probes, satellites, and servers knitting the solar system into one scape from the outer planets to the sun.  Humanity, too, has reconfigured itself.  Most people have chosen immortality, joining the polises to become conscious software.  Others have opted for disposable, renewable robotic bodies that remain in contact with the physical world.  A few holdouts stubbornly remain fleshers struggling to shape an antiquated existence in the muck and jungle of Earth.

And then there is the Orphan, a genderless digital being grown from a mind seed.

WHen an unforeseen disaster ravages the fleshers, it awakens the polises to the possibility of their own extinction from bizarre astrophysical processes that seemingly violate fundamental laws of nature.  It is up to the Orphan and a group of refugees to find the knowledge that will save them all -- a search that will lead them on a quantum adventure to a higher dimension beyond the macrocosmos...."
Transactions on Engineering Technologies,Transactions on Engineering Technologies,Sio-Iong Ao,3.0,1,https://covers.openlibrary.org/b/id/9334768-L.jpg,https://openlibrary.org/works/OL20667190W,474,"Computer engineering, Software engineering, Engineering, Technology, Computer science",open_library_api,
Invitation to Computer Science,Invitation to Computer Science,G. Michael Schneider,5.0,1,https://covers.openlibrary.org/b/id/8524066-L.jpg,https://openlibrary.org/works/OL1926026W,724,"Computer science, Java (Computer program language), C++ (Computer program language), General Theory of Computing, Computers - General Information",open_library_api,
2061,2061,Arthur C. Clarke,3.7307692,26,https://covers.openlibrary.org/b/id/4747070-L.jpg,https://openlibrary.org/works/OL17408W,279,"Science fiction, Extraterrestrial beings, Fiction, General Science fiction, Long Now Manual for Civilization",open_library_api,"A re-visitation of the imaginative future painted by Arthur C. Clarke in his previous two books [2001: A Space Odyssey][1] and [2010: Odyssey two][2]. 

Two expeditions into space are inextricably tangled by human necessity and the immutable laws of physics. Heywood Floyd, survivor of two previous encounters with the mysterious monoliths must once again confront David Bowman - or whatever Bowman has become - a newly independent HAL, and the power of an alien race that has decided Humanity is to play a part in the Evolution of the Galaxy whether it wishes to or not.


  [1]: http://openlibrary.org/works/OL17365W/2001
  [2]: http://openlibrary.org/works/OL17413W/2010"
Computer Confluence,Computer Confluence,George Beekman,0.0,0,https://covers.openlibrary.org/b/id/2334515-L.jpg,https://openlibrary.org/works/OL51556W,480,"Informatica, Computers, Computer science, Information technology",open_library_api,"For courses in Introduction to Computers and Information Technology offered in departments of CIS, Computer Science, or Business.

Available in two separate editions for maximum classroom flexibility, Computer Confluence combines three information sources–an illustrated textbook, a multimedia CD-ROM, and an up-to-the-minute Companion Website–to explore the promises and challenges of information technology, its effect on businesses, people, society, and the future. The authors seamlessly integrate this text with an unparalleled media package to provide a valuable learning experience. With its lively writing style, this is the perfect text for professors who want to explore the promises and challenges of information technology."
Data Structures and Algorithms Made Easy,Data Structures and Algorithms Made Easy,Narasimha Karumanchi,2.0,4,https://covers.openlibrary.org/b/id/11067110-L.jpg,https://openlibrary.org/works/OL24463217W,455,"Data structures (computer science), Computer algorithms, Employment interviewing",open_library_api,
Computer Concepts,Computer Concepts,June Jamrich Parsons,3.5,2,https://covers.openlibrary.org/b/id/9289977-L.jpg,https://openlibrary.org/works/OL2373712W,336,"Amateurs' manuals, Computer input-output equipment, Computer science, Computer software, Computers",open_library_api,
Mona Lisa Overdrive,Mona Lisa Overdrive,William Gibson,3.9491525,59,https://covers.openlibrary.org/b/id/3327832-L.jpg,https://openlibrary.org/works/OL27253W,320,"Science fiction, Fiction, general, American literature, Long Now Manual for Civilization, Sprawl Trilogy",open_library_api,"Mona Lisa Overdrive is the final novel of the William Gibson's cyberpunk Sprawl trilogy.

Living in the vast computer landscape of cyberspace, young Mona taps into the mind of world-famous Sense/Net star Angie Mitchell who deciphers cyperspace plans, including those devised by Japanese underworld."
The Book of Why,The Book of Why,Judea Pearl,4.2,5,https://covers.openlibrary.org/b/id/8179733-L.jpg,https://openlibrary.org/works/OL17872278W,425,"Nonfiction, Computers, Computer Science, Causation, Inference",open_library_api,"A Turing Award-winning computer scientist and statistician shows how understanding causality has revolutionized science and will revolutionize artificial intelligence

“Correlation is not causation.” This mantra, chanted by scientists for more than a century, has led to a virtual prohibition on causal talk. Today, that taboo is dead. The causal revolution, instigated by Judea Pearl and his colleagues, has cut through a century of confusion and established causality–the study of cause and effect–on a firm scientific basis. His work explains how we can know easy things, like whether it was rain or a sprinkler that made a sidewalk wet; and how to answer hard questions, like whether a drug cured an illness. Pearl’s work enables us to know not just whether one thing causes another: it lets us explore the world that is and the worlds that could have been. It shows us the essence of human thought and key to artificial intelligence. Anyone who wants to understand either needs The Book of Why."
Gray Hat Hacking,Gray Hat Hacking,Shon Harris,3.5,2,https://covers.openlibrary.org/b/id/6768382-L.jpg,https://openlibrary.org/works/OL15111477W,595,"Computer hackers, Computer security, Hackers, Computer crimes, Networking",open_library_api,
Les Robots,Les Robots,Isaac Asimov,4.252747,182,https://covers.openlibrary.org/b/id/12385229-L.jpg,https://openlibrary.org/works/OL46241W,245,"smear campaigns, supercomputers, computers, Frankenstein complex, hyperspace",open_library_api,"I, Robot is a fixup novel of science fiction short stories or essays by American writer Isaac Asimov. The stories originally appeared in the American magazines Super Science Stories and Astounding Science Fiction between 1940 and 1950 and were then compiled into a book for stand-alone publication by Gnome Press in 1950, in an initial edition of 5,000 copies. The stories are woven together by a framing narrative in which the fictional Dr. Susan Calvin tells each story to a reporter (who serves as the narrator) in the 21st century. Although the stories can be read separately, they share a theme of the interaction of humans, robots, and morality, and when combined they tell a larger story of Asimov's fictional history of robotics.


----------

Contains:
""Introduction"" 
""Robbie"" (1940, 1950)
""Runaround"" (1942)
""Reason"" (1941)
""Catch That Rabbit"" (1944)
""Liar!"" (1941)
""Little Lost Robot"" (1947)
""Escape!"" (1945)
""Evidence"" (1946)
""The Evitable Conflict"" (1950)"
In the Beginning...Was the Command Line,In the Beginning...Was the Command Line,Neal Stephenson,3.68,25,https://covers.openlibrary.org/b/id/8347565-L.jpg,https://openlibrary.org/works/OL38477W,159,"Computer Technology, Nonfiction, Operating systems (Computers), Humor, form, essays, American wit and humor, science",open_library_api,"This is ""the Word"" -- one man's word, certainly -- about the art (and artifice) of the state of our computer-centric existence. And considering that the ""one man"" is Neal Stephenson, ""the hacker Hemingway"" (Newsweek) -- acclaimed novelist, pragmatist, seer, nerd-friendly philosopher, and nationally bestselling author of groundbreaking literary works (Snow Crash, Cryptonomicon, etc., etc.) -- the word is well worth hearing. Mostly well-reasoned examination and partial rant, Stephenson's In the Beginning...was the Command Line is a thoughtful, irreverent, hilarious treatise on the cyber-culture past and present; on operating system tyrannies and downloaded popular revolutions; on the Internet, Disney World, Big Bangs, not to mention the meaning of life itself."
Computer Science Distilled,Computer Science Distilled,Wladston Ferreira Filho,3.0,3,https://covers.openlibrary.org/b/id/10194609-L.jpg,https://openlibrary.org/works/OL20873589W,180,"Computer science, Computer algorithms, Programming languages (electronic computers), Data structures (computer science), Computer software",open_library_api,
Discrete Mathematics and Its Applications,Discrete Mathematics and Its Applications,Kenneth H. Rosen,4.8,5,https://covers.openlibrary.org/b/id/7083171-L.jpg,https://openlibrary.org/works/OL31821W,720,"Mathematics, Computer science, Computer science, mathematics, Informatique, Logique symbolique et mathématique",open_library_api,
Physics for Computer Science Students,Physics for Computer Science Students,Narciso Garcia,1.0,1,https://covers.openlibrary.org/b/id/1192983-L.jpg,https://openlibrary.org/works/OL2085228W,557,"Physics, Computer science, Semiconductors, Computers",open_library_api,
Game Programming Patterns,Game Programming Patterns,Robert Nystrom,4.8,5,https://covers.openlibrary.org/b/id/8566115-L.jpg,https://openlibrary.org/works/OL19650342W,327,"Computer games, Programming, Computer science",open_library_api,"From the author: ""Game Programming Patterns is a collection of patterns I found in games that make code cleaner, easier to understand, and faster."""
Discrete mathematics,Discrete mathematics,Richard Johnsonbaugh,5.0,3,https://covers.openlibrary.org/b/id/90787-L.jpg,https://openlibrary.org/works/OL1920211W,687,"Computer science, Mathematics, Computer science, mathematics, Problems, exercises, Mathématiques",open_library_api,Knowledge about Discrete Maths
Daemon,Daemon,Daniel Suarez,4.1458335,48,https://covers.openlibrary.org/b/id/6404884-L.jpg,https://openlibrary.org/works/OL13646905W,540,"Human-computer interaction, International economic integration, Computer programmers, Fiction, Thriller",open_library_api,"Already an underground sensation, a high-tech thriller for the wireless age that explores the unthinkable consequences of a computer program running without human control—a daemon—designed to dismantle society and bring about a new world order.

Technology controls almost everything in our modern-day world, from remote entry on our cars to access to our homes, from the flight controls of our airplanes to the movements of the entire world economy. Thousands of autonomous computer programs, or daemons, make our networked world possible, running constantly in the background of our lives, trafficking e-mail, transferring money, and monitoring power grids. For the most part, daemons are benign, but the same can't always be said for the people who design them.

Matthew Sobol was a legendary computer game designer—the architect behind half-a-dozen popular online games. His premature death depressed both gamers and his company's stock price. But Sobol's fans aren't the only ones to note his passing. When his obituary is posted online, a previously dormant daemon activates, initiating a chain of events intended to unravel the fabric of our hyper-efficient, interconnected world. With Sobol's secrets buried along with him, and as new layers of his daemon are unleashed at every turn, it's up to an unlikely alliance to decipher his intricate plans and wrest the world from the grasp of a nameless, faceless enemy—or learn to live in a society in which we are no longer in control...

Computer technology expert Daniel Suarez blends haunting high-tech realism with gripping suspense in an authentic, complex thriller in the tradition of Michael Crichton, Neal Stephenson, and William Gibson."
Python Cookbook,Python Cookbook,Alex Martelli,3.6,5,https://covers.openlibrary.org/b/id/388536-L.jpg,https://openlibrary.org/works/OL14873289W,757,"Python (Computer program language), Python, Javascript, General, Games",open_library_api,
The Linux Command Line,The Linux Command Line,William E. Shotts,4.125,8,https://covers.openlibrary.org/b/id/7087755-L.jpg,https://openlibrary.org/works/OL16117040W,498,"Computers, Operating Systems, Linux, GNU/Linux, System Administration",open_library_api,"You've experienced the shiny, point-and-click surface of your Linux computer -- now dive below and explore its depths with the power of the command line. The Linux Command Line takes you from your very first terminal keystrokes to writing full programs in Bash, the most popular Linux shell. Along the way you'll learn the timeless skills handed down by generations of gray-bearded, mouse-shunning gurus: file navigation, environment configuration, command chaining, pattern matching with regular expressions, and more. In addition to that practical knowledge, author William Shotts reveals the philosophy behind these tools and the rich heritage that your desktop Linux machine has inherited from Unix supercomputers of yore. As you make your way through the book's short, easily-digestible chapters, you'll learn how to: Create and delete files, directories, and symlinks; Administer your system, including networking, package installation, and process management; Use standard input and output, redirection, and pipelines; Edit files with Vi, the world's most popular text editor; Write shell scripts to automate common or boring tasks; Slice and dice text files with cut, paste, grep, patch, and sed; Once you overcome your initial ""shell shock,"" you'll find that the command line is a natural and expressive way to communicate with your computer. Just don't be surprised if your mouse starts to gather dust. - Publisher."
Discrete Mathematical Structures,Discrete Mathematical Structures,Bernard Kolman,2.0,2,https://covers.openlibrary.org/b/id/83244-L.jpg,https://openlibrary.org/works/OL102147W,523,"Computer science, Mathematics, MATEMÁTICA DA COMPUTAÇÃO, COMPUTAÇÃO APLICADA, MATEMÁTICA",open_library_api,
How computers work,How computers work,Ron White,3.2,5,https://covers.openlibrary.org/b/id/554456-L.jpg,https://openlibrary.org/works/OL520219W,399,"Microcomputers, Computer engineering, Popular works, Computer Technology, Nonfiction",open_library_api,"How Computers Work shows you how chips, software, memory, and hardware work using detailed four-color drawings. An interactive game-like CD-ROM takes you directly inside your computer. This book is completely updated and revised to include the latest technology developments. An updated introduction to the workings of the computer explores the basics of microchips, hardware, software, and computer memory, providing an entertaining and informative tour of every part of the computer, from hard drive and processor to mouse, monitor, and keyboard. Also takes you through the workings of digital cameras, ebooks, Bluetooth, and much more."
Steve Jobs,Steve Jobs,Walter Isaacson,4.154321,162,https://covers.openlibrary.org/b/id/12374726-L.jpg,https://openlibrary.org/works/OL16085155W,665,"TECHNOLOGY & ENGINEERING / General, History, Inc Apple Computer, BIOGRAPHY & AUTOBIOGRAPHY / Business, Computer engineers",open_library_api,"Based on more than forty interviews with Jobs conducted over two years -- as well as interviews with more than a hundred family members, friends, adversaries, competitors, and colleagues -- Walter Isaacson has written a riveting story of the roller-coaster life and searingly intense personality of a creative entrepreneur whose passion for perfection and ferocious drive revolutionized six industries: personal computers, animated movies, music, phones, tablet computing, and digital publishing. At a time when America is seeking ways to sustain its innovative edge, and when societies around the world are trying to build digital-age economies, Jobs stands as the ultimate icon of inventiveness and applied imagination. He knew that the best way to create value in the twenty-first century was to connect creativity with technology. He built a company where leaps of the imagination were combined with remarkable feats of engineering. Although Jobs cooperated with this book, he asked for no control over what was written nor even the right to read it before it was published. He put nothing off-limits. He encouraged the people he knew to speak honestly. And Jobs speaks candidly, sometimes brutally so, about the people he worked with and competed against. His friends, foes, and colleagues provide an unvarnished view of the passions, perfectionism, obsessions, artistry, devilry, and compulsion for control that shaped his approach to business and the innovative products that resulted. Driven by demons, Jobs could drive those around him to fury and despair. But his personality and products were interrelated, just as Apple's hardware and software tended to be, as if part of an integrated system. His tale is instructive and cautionary, filled with lessons about innovation, character, leadership, and values. - Publisher."
Rogue Protocol,Rogue Protocol,Martha Wells,4.1538463,91,https://covers.openlibrary.org/b/id/12013488-L.jpg,https://openlibrary.org/works/OL19753589W,158,"franchise:The Murderbot Diaries, series:The Murderbot Diaries, form:novella, genre:science fiction, Fiction",open_library_api,"""Sci-Fi's favorite antisocial AI is back on a mission.  The case against the too-big-to-fail GrayChris Corporation is floundering, and more importantly, authorities are beginning to ask more questions about where Dr. Mensah's SecUnit is.  And Murderbot would rather those questions went away.  For good."""
Quantum Computing Since Democritus,Quantum Computing Since Democritus,Scott Aaronson,4.0,2,https://covers.openlibrary.org/b/id/8003805-L.jpg,https://openlibrary.org/works/OL16805611W,369,"COMPUTERS, Computer Science, Physics, Quantum Theory, Mathematics",open_library_api,"Written by noted quantum computing theorist Scott Aaronson, this book takes readers on a tour through some of the deepest ideas of maths, computer science and physics. Full of insights, arguments and philosophical perspectives, the book covers an amazing array of topics. Beginning in antiquity with Democritus, it progresses through logic and set theory, computability and complexity theory, quantum computing, cryptography, the information content of quantum states and the interpretation of quantum mechanics. There are also extended discussions about time travel, Newcomb's Paradox, the anthropic principle and the views of Roger Penrose. Aaronson's informal style makes this fascinating book accessible to readers with scientific backgrounds, as well as students and researchers working in physics, computer science, mathematics and philosophy."
Stand on Zanzibar,Stand on Zanzibar,John Brunner,3.5,12,https://covers.openlibrary.org/b/id/911128-L.jpg,https://openlibrary.org/works/OL3521966W,576,"Fiction in English, Science fiction, Hugo Award Winner, award:hugo_award=1969, award:hugo_award=novel",open_library_api,"""Originally published in 1968, Stand on Zanzibar was a breakthrough in science fiction storytelling technique, and a prophetic look at a dystopian 2010 that remains compelling today. Corporations have usurped democracy, ubiquitous information technology mediates human relationships, mass-marketed psychosomatic drugs keep billions docile, and genetic engineering is routine. Universal in reach, the world-system is out of control, and we are all its victims...and its creator""--Cover p. [4]."
An introduction to data structures with applications,An introduction to data structures with applications,Jean-Paul Tremblay,0.0,0,https://covers.openlibrary.org/b/id/4225379-L.jpg,https://openlibrary.org/works/OL4777624W,861,"Computer programming, Data structures (Computer science)",open_library_api,
Cryptonomicon,Cryptonomicon,Neal Stephenson,4.5151515,33,https://covers.openlibrary.org/b/id/6424001-L.jpg,https://openlibrary.org/works/OL38494W,864,"Fiction, World War, 1939-1945, World War, 1939-1945 in fiction, Data encryption (Computer science), Cryptography",open_library_api,"Neal Stephenson hacks into the secret histories of nations and the private obsessions of men, decrypting with dazzling virtuosity the forces that shaped this century.

In 1942, Lawrence Pritchard Waterhouse - mathematical genius and young Captain in the US Navy - is assigned to Detachment 2702. It is an outfit so secret that only a handful of people know it exists, and some of those people have names like Churchill and Roosevelt. The mission of Watrehouse and Detachment 2702 - commanded by Marine Raider Bobby Shaftoe - is to keep the Nazis ignorant of the fact that Allied Intelligence has cracked the enemy's fabled Enigma code. It is a game, a cryptographic chess match between Waterhouse and his German counterpart, translated into action by the gung-ho Shaftoe and his forces. 

Fast-forward to the present, where Waterhouse's crypto-hacker grandson, Randy, is attempting to create a ""data haven"" in Southeast Asia - a place where encrypted data can be stored and exchanged free of repression and scrutiny. As governments and multinationals attack the endeavor, Randy joins forces with Shaftoe's tough-as-nails granddaughter, Amy, to secretly salvage a sunken Nazi submarine that holds the key to keeping the dream of a data haven afloat.

But soon their scheme brings to light a massive conspiracy, with its roots in Detachment 2702, linked to an unbreakable Nazi code called Arethusa. And it will represent the path to unimaginable riches and a future of personal and digital liberty...or to universal totalitarianism reborn. 

A breathtaking tour de force, and Neal Stephenson's most accomplished and affecting work to date, Cryptonomicon is profound and prophetic, hypnotic and hyper-driven, as it leaps forward and back between World War II and the World Wide Web, hinting all the while at a dark day-after-tomorrow. It is a work of great art, thought, and creative daring."
Natural language processing and information retrieval,Natural language processing and information retrieval,Tanveer Siddiqui,5.0,2,https://covers.openlibrary.org/b/id/15099432-L.jpg,https://openlibrary.org/works/OL13650817W,406,"Natural language processing (Computer science), Computational linguistics, Information retrieval",open_library_api,
The Innovators,The Innovators,Walter Isaacson,3.9545455,22,https://covers.openlibrary.org/b/id/7313659-L.jpg,https://openlibrary.org/works/OL17074268W,583,"Biography, Computer scientists, History, Internet, Computer science",open_library_api,"Following his blockbuster biography of Steve Jobs, The Innovators is Walter Isaacson’s revealing story of the people who created the computer and the Internet. It is destined to be the standard history of the digital revolution and an indispensable guide to how innovation really happens.

What were the talents that allowed certain inventors and entrepreneurs to turn their visionary ideas into disruptive realities? What led to their creative leaps? Why did some succeed and others fail?

In his masterly saga, Isaacson begins with Ada Lovelace, Lord Byron’s daughter, who pioneered computer programming in the 1840s. He explores the fascinating personalities that created our current digital revolution, such as Vannevar Bush, Alan Turing, John von Neumann, J.C.R. Licklider, Doug Engelbart, Robert Noyce, Bill Gates, Steve Wozniak, Steve Jobs, Tim Berners-Lee, and Larry Page. 

This is the story of how their minds worked and what made them so inventive. It’s also a narrative of how their ability to collaborate and master the art of teamwork made them even more creative.

For an era that seeks to foster innovation, creativity, and teamwork, The Innovators shows how they happen."
The Basics of Hacking and Penetration Testing,The Basics of Hacking and Penetration Testing,Patrick Engebretson,2.5,4,https://covers.openlibrary.org/b/id/8621695-L.jpg,https://openlibrary.org/works/OL16190700W,192,"Computer hackers, Computer crimes, Computer security, Testing, Prevention",open_library_api,
BTEC National for IT Practitioners,BTEC National for IT Practitioners,Sharon Yull,0.0,0,https://covers.openlibrary.org/b/id/10620371-L.jpg,https://openlibrary.org/works/OL21228441W,166,"Computer science, Computer systems, Information technology, Problems, exercises",open_library_api,"& Nbsp; BTEC National for IT Practitioners has been written specifically to cover the compulsory core units and selected specialist units of the BTEC National specifications. This book provides core unit coverage for students following all courses within the new scheme - National Awards, National Certificates and National Diplomas. When used alongside its companions for the business and systems support pathways, this series delivers the most accessible and usable student textbooks available for the BTEC National. Units covered: Unit 1 - Communication and Employability Skills Unit 8 - Commu."
Programming Perl,Programming Perl,Larry Wall,3.8333333,6,https://covers.openlibrary.org/b/id/715250-L.jpg,https://openlibrary.org/works/OL1701004W,645,"Perl (Computer program language), Programming languages, Computadores (software), PERL, Programming languages (Electronic computers)",open_library_api,"<h2>Pringing History</h2>
<dl> 
<dt>January 1991</dt>
<dd>First Edition.</dd> 
<dt>August 1991</dt>
<dd>Minor Corrections.</dd> 
<dt>March 1992</dt>
<dd>Minor Corrections.</dd> 
<dt>September 1996</dt>
<dd>Second Edition.</dd> 
<dt>July 2000</dt>
<dd>Third Edition.</dd> 
</dl>"
Cyber Security,Cyber Security,Martti Lehto,0.0,0,https://covers.openlibrary.org/b/id/9370452-L.jpg,https://openlibrary.org/works/OL20695253W,296,"Computer networks, security measures, Computer security, Military art and science, Cyber intelligence (Computer security), Computer networks",open_library_api,
Advanced Computing and Systems for Security,Advanced Computing and Systems for Security,Rituparna Chaki,0.0,0,https://covers.openlibrary.org/b/id/9415738-L.jpg,https://openlibrary.org/works/OL20730220W,180,"Computer security, Machine learning, Computational intelligence, Computer science, Computer networks",open_library_api,
Readings,Readings,Unknown Author,5.0,5,,https://openlibrary.org/works/OL18825181M,0,"Computer algorithms., Data structures (Computer science)",open_library_api,
Technology in action,Technology in action,Alan Evans,4.0,3,https://covers.openlibrary.org/b/id/1108022-L.jpg,https://openlibrary.org/works/OL6031175W,649,"Microcomputers, open_syllabus_project, Computer networks, Computer science, Information technology",open_library_api,
Freedom™,Freedom™,Daniel Suarez,4.16129,31,https://covers.openlibrary.org/b/id/8231871-L.jpg,https://openlibrary.org/works/OL14996932W,416,"Human-computer interaction, Stockbrokers, International economic integration, Science fiction, Fiction",open_library_api,"The propulsive, shockingly plausible sequel to New York Times bestseller DaemonIn one of the most buzzed-about debuts of 2009, Daniel Suarez introduced a terrifying vision of a new world order, controlled by the Daemon, an insidious computer program unleashed by a hi-tech wunderkind, Daemon captured the attention of the tech community, became a New York Times and Indie bestseller, and left readers hungry for more.Well, more is here, and it's even more gripping than its predecessor.In the opening chapters of Freedom(tm), the Daemon is firmly in control, using an expanded network of real-world, dispossessed darknet operatives to tear apart civilization and rebuild it anew. Soon civil war breaks out in the American Midwest, in a brutal wave of violence that becomes known as the Corn Rebellion. Former detective Pete Sebeck, now the Daemon's most powerful-though reluctant-operative, must lead a small band of enlightened humans toward a populist movement designed to protect the new world order. But the private armies of global business are preparing to crush the Daemon once and for all.In a world of conflicted loyalties, rapidly diminishing human power, and the possibility that anyone can be a spy, what's at stake is nothing less than human freedom's last hope to survive the technology revolution."
Armada,Armada,Ernest Cline,3.2727273,44,https://covers.openlibrary.org/b/id/7421644-L.jpg,https://openlibrary.org/works/OL17343072W,384,"High school students--Fiction., Human-alien encounters--Fiction., FICTION / Thrillers, Human-alien encounters, Fiction",open_library_api,"Zack Lightman has spent his life dreaming. Dreaming that the real world could be a little more like the countless science-fiction books, movies, and videogames he's spent his life consuming. Dreaming that one day some fantastic, world-altering event will shatter the monotony of his humdrum existence and whisk him off on some grand space-faring adventure.

But hey, there's nothing wrong with a little escapism, right? After all, Zack tells himself, he knows the difference between fantasy and reality. He knows that here in the real world, aimless teenage gamers with anger issues don't get chosen to save the universe.

And then he sees the flying saucer.

Even stranger, the alien ship he's staring at is straight out of the videogame he plays every night, a hugely popular online flight simulator called *Armada*--in which gamers just happen to be protecting Earth from alien invaders.

No, Zack hasn't lost his mind. As impossible as it seems, what he's seeing is all too real. And his skills--as well as those of millions of gamers across the world--are going to be needed to save Earth from what's about to befall it.

It's Zack's chance, at last, to play the hero. But even through the terror and exhilaration, he can't help thinking back to all those science-fiction stories he grew up with, and wondering: Doesn't something about this scenario seem a little...familiar?

At once gleefully embracing and brilliantly subverting science-fiction conventions as only Ernest Cline could, *Armada* is a rollicking, surprising thriller, a classic coming-of-age adventure, and an alien invasion tale like nothing you've ever read before--one whose every page is infused with the pop-culture savvy that has helped make *Ready Player One* a phenomenon.

This description comes from the 2015 Crown Publishers edition."
All Systems Red,All Systems Red,Martha Wells,4.3076925,39,https://covers.openlibrary.org/b/id/9157148-L.jpg,https://openlibrary.org/works/OL17914663W,158,"franchise:The Murderbot Diaries, series:The Murderbot Diaries, form:novella, genre:science fiction, Human-computer interaction",open_library_api,"The series is about an artificial construct designed as a Security Unit, which manages to override its governor unit, thus enabling it to develop independence. It calls itself Murderbot, and likes to watch unrealistic soap operas. As it spends more time with some caring humans, it starts developing feelings that it does not care for."
Deep Learning,Deep Learning,Ian Goodfellow,4.0,7,https://covers.openlibrary.org/b/id/8086288-L.jpg,https://openlibrary.org/works/OL17801809W,800,"Machine learning, Apprentissage automatique, Computers and IT, Maschinelles Lernen, Deep learning (Machine learning)",open_library_api,"""Deep learning is a form of machine learning that enables computers to learn from experience and understand the world in terms of a hierarchy of concepts. Because the computer gathers knowledge from experience, there is no need for a human computer operator to formally specify all the knowledge that the computer needs. The hierarchy of concepts allows the computer to learn complicated concepts by building them out of simpler ones; a graph of these hierarchies would be many layers deep. This book introduces a broad range of topics in deep learning. The text offers mathematical and conceptual background, covering relevant concepts in linear algebra, probability theory and information theory, numerical computation, and machine learning. It describes deep learning techniques used by practitioners in industry, including deep feedforward networks, regularization, optimization algorithms, convolutional networks, sequence modeling, and practical methodology; and it surveys such applications as natural language processing, speech recognition, computer vision, online recommendation systems, bioinformatics, and videogames. Finally, the book offers research perspectives, covering such theoretical topics as linear factor models, autoencoders, representation learning, structured probabilistic models, Monte Carlo methods, the partition function, approximate inference, and deep generative models. Deep Learning can be used by undergraduate or graduate students planning careers in either industry or research, and by software engineers who want to begin using deep learning in their products or platforms. A website offers supplementary material for both readers and instructors""--"
Technology for Success,Technology for Success,Jennifer Campbell,3.0,2,https://covers.openlibrary.org/b/id/13200848-L.jpg,https://openlibrary.org/works/OL21337740W,500,"Computer science, Microsoft office (computer program), Business, computer programs",open_library_api,
Encyclopedia of Computer Science and Technology,Encyclopedia of Computer Science and Technology,Allen Kent,0.0,0,https://covers.openlibrary.org/b/id/1564172-L.jpg,https://openlibrary.org/works/OL25141530W,500,Computer science,open_library_api,
Discrete mathematics with graph theory,Discrete mathematics with graph theory,Edgar G. Goodaire,4.0,1,https://covers.openlibrary.org/b/id/1109256-L.jpg,https://openlibrary.org/works/OL2682030W,545,"Mathematics, Textbooks, Graph theory, Computer science, Computer science, mathematics",open_library_api,
Python for Everybody,Python for Everybody,Charles R. Severance,3.5,2,https://covers.openlibrary.org/b/id/8512502-L.jpg,https://openlibrary.org/works/OL19546442W,255,"Programming, Nonfiction, Computer Science, Coding, Technology",open_library_api,"***Python for Everybody*** is designed to introduce students to programming and software development through the lens of exploring data. You can think of the Python programming language as your tool to solve data problems that are beyond the capability of a spreadsheet.

Python is an easy to use and easy to learn programming language that is freely available on Macintosh, Windows, or Linux computers. So once you learn Python you can use it for the rest of your career without needing to purchase any software.

This book uses the **Python 3** language. The earlier Python 2 version of this book is titled ""***Python for Informatics: Exploring Information***"".

There are free downloadable electronic copies of this book in various formats and supporting materials for the book at <a href=""https://www.py4e.com/"" target=""_blank"">www.py4e.com</a>. The course materials are available to you under a Creative Commons License so you can adapt them to teach your own Python course."
Design Patterns,Design Patterns,Erich Gamma,3.9705882,34,https://covers.openlibrary.org/b/id/6601119-L.jpg,https://openlibrary.org/works/OL6030812W,395,"Reusability, Object-oriented programming (Computer science), Computer software, Software patterns, Entwurfsmuster",open_library_api,"Four software designers present a catalog of simple and succinct solutions to commonly occurring design problems, using Smalltalk and C++ in example code. These 23 patterns allow designers to create more flexible, elegant, and ultimately reusable designs without having to rediscover the design solutions themselves. The authors begin by describing what patterns are and how they can help you design object-oriented software. They go on to systematically name, explain, evaluate, and catalog recurring designs in object-oriented systems."
The art of doing science and engineering,The art of doing science and engineering,Richard Hamming,4.0,2,https://covers.openlibrary.org/b/id/14153910-L.jpg,https://openlibrary.org/works/OL1185120W,376,"Science, Engineering, Science, popular works, Engineering, popular works, Sciences",open_library_api,
Beautiful Code,Beautiful Code,Andy Oram,3.1666667,6,https://covers.openlibrary.org/b/id/8622062-L.jpg,https://openlibrary.org/works/OL19396663W,593,"Software engineering, Computer programming",open_library_api,"How do the experts solve difficult problems in software development? In this unique and insightful book, leading computer scientists offer case studies that reveal how they found unusual, carefully designed solutions to high-profile projects. You will be able to look over the shoulder of major coding and design experts to see problems through their eyes.

This is not simply another design patterns book, or another software engineering treatise on the right and wrong way to do things. The authors think aloud as they work through their project's architecture, the tradeoffs made in its construction, and when it was important to break rules. Beautiful Code is an opportunity for master coders to tell their story. All author royalties will be donated to Amnesty International."
Software project management,Software project management,Bob Hughes,0.0,0,https://covers.openlibrary.org/b/id/8720847-L.jpg,https://openlibrary.org/works/OL12422165W,392,"Software engineering, Project management",open_library_api,
Software architecture in practice,Software architecture in practice,Len Bass,2.0,3,https://covers.openlibrary.org/b/id/5544459-L.jpg,https://openlibrary.org/works/OL2658332W,560,"System design, Computer architecture, Computer software, Software architecture, Software engineering",open_library_api,
The Design of Design,The Design of Design,Frederick P. Brooks,3.0,3,https://covers.openlibrary.org/b/id/6878766-L.jpg,https://openlibrary.org/works/OL15452584W,421,"Engineering design, Design, Software engineering, Case studies",open_library_api,
Requirements engineering,Requirements engineering,Gerald Kotonya,4.0,1,https://covers.openlibrary.org/b/id/307564-L.jpg,https://openlibrary.org/works/OL1812051W,282,"Software engineering, Systems engineering, Computers",open_library_api,
Reversing,Reversing,Eldad Eilam,4.0,1,https://covers.openlibrary.org/b/id/522654-L.jpg,https://openlibrary.org/works/OL5894552W,624,"Computer Technology, Computer security, Nonfiction, Reverse engineering, Software engineering",open_library_api,"Beginning with a basic primer on reverse engineering-including computer internals, operating systems, and assembly language-and then discussing the various  applications of reverse engineering, this book provides readers with practical, in-depth techniques for software reverse engineering. The book is broken into two parts, the first deals with security-related reverse engineering and the second explores the more practical aspects of reverse engineering. In addition, the author explains how to reverse engineer a third-party software library to improve interfacing and how to reverse engineer a competitor's software to build a better product.   The first popular book to show how software reverse engineering can help defend against security threats, speed up development, and unlock the secrets of competitive products   Helps developers plug security holes by demonstrating how hackers exploit reverse engineering techniques to crack copy-protectio..."
Fundamentals of Software Engineering,Fundamentals of Software Engineering,Rajib Mall,0.0,0,https://covers.openlibrary.org/b/id/4884220-L.jpg,https://openlibrary.org/works/OL9081528W,410,"Software engineering, Génie logiciel",open_library_api,
97 things every software architect should know,97 things every software architect should know,Richard Monson-Haefel,3.0,1,https://covers.openlibrary.org/b/id/9464352-L.jpg,https://openlibrary.org/works/OL16927836W,200,"Software architecture, Software engineering, Project management",open_library_api,"In this unique technical book, today's leading software architects present valuable principles on key development issues that go way beyond technology. More than four dozen architects -- including Neal Ford, Michael Nygard, and Bill de h ra -- offer advice for communicating with stakeholders, eliminating complexity, empowering developers, and many more practical lessons they've learned from years of experience. You'll learn what top software architects think is important, and how they approach their projects."
Don't Make Me Think,Don't Make Me Think,Steve Krug,4.1666665,18,https://covers.openlibrary.org/b/id/554640-L.jpg,https://openlibrary.org/works/OL8578577W,201,"Web sites, Web site development, Design, Evaluation, Publishing",open_library_api,"Yesterday's Web looked far different from today's Web, and tomorrow's Web will look more different still. Amidst all of this change, however, one aspect of Web use remains the same: The sites that offer the best, easiest, most intuitive experience are the ones people visit again and again. To ensure that your sites provide that experience, this guide from usability guru Krug distills his years of on-the-job experience into a practical primer on the do's and don'ts of good Web design. The second edition of this classic adds three new chapters that explain why people really leave Web sites, how to make sites usable and accessible, and the art of surviving executive design whims, plus a new preface and updated recommended reading.--From publisher description"
AutoCAD and its applications,AutoCAD and its applications,Terence M. Shumaker,0.0,0,https://covers.openlibrary.org/b/id/1616631-L.jpg,https://openlibrary.org/works/OL14870745W,816,"AutoCAD, Computer graphics, Masonry, Computer graphics & design, Cad/cam",open_library_api,
Managing Humans,Managing Humans,Michael Lopp,4.4,5,https://covers.openlibrary.org/b/id/1971212-L.jpg,https://openlibrary.org/works/OL8977929W,209,"Management, Humor, Personnel management, Software engineering, Computer programming",open_library_api,
Site Reliability Engineering,Site Reliability Engineering,Betsy Beyer,3.8,10,https://covers.openlibrary.org/b/id/9196682-L.jpg,https://openlibrary.org/works/OL20028554W,524,"Systems engineering, Reliability (Engineering), Management, Internet industry, Google (Firm)",open_library_api,"Members of the SRE team explain how their engagement with the entire software lifecycle has enabled Google to build, deploy, monitor, and maintain some of the largest software systems in the world."
Practical Reverse Engineering,Practical Reverse Engineering,Bruce Dang,2.0,1,https://covers.openlibrary.org/b/id/10637382-L.jpg,https://openlibrary.org/works/OL19978523W,355,"Reverse engineering, Malware (Computer software), Computer security, Hackers, Engineering",open_library_api,Aims to demystify the art and systemize the reverse-engineering process for students and professionals.
Domain Modeling Made Functional,Domain Modeling Made Functional,Scott Wlaschin,4.8,5,https://covers.openlibrary.org/b/id/8508987-L.jpg,https://openlibrary.org/works/OL19542938W,312,"Software engineering, Programming languages (electronic computers)",open_library_api,
Engineering design graphics,Engineering design graphics,James H. Earle,0.0,0,https://covers.openlibrary.org/b/id/1142754-L.jpg,https://openlibrary.org/works/OL1875126W,754,"Engineering graphics, Engineering design, Dessin industriel, Me thodes graphiques, Méthodes graphiques",open_library_api,
Mechatronics,Mechatronics,W. Bolton,5.0,1,https://covers.openlibrary.org/b/id/86712-L.jpg,https://openlibrary.org/works/OL1658359W,574,"Mechatronics, Mechanical engineering, Software engineering, Electronic control, Automatic control",open_library_api,
Facts and Fallacies of Software Engineering,Facts and Fallacies of Software Engineering,Robert L. Glass,4.0,3,https://covers.openlibrary.org/b/id/192406-L.jpg,https://openlibrary.org/works/OL1966538W,210,"Software engineering, Computers &amp; the internet, Programming",open_library_api,
Managing the software process,Managing the software process,Watts S. Humphrey,0.0,0,https://covers.openlibrary.org/b/id/134238-L.jpg,https://openlibrary.org/works/OL3290293W,494,"Management, Software engineering, Computer software, Beheer, Ontwerpen",open_library_api,
"Data structures, algorithms, and software principles in C","Data structures, algorithms, and software principles in C",Thomas A. Standish,0.0,0,https://covers.openlibrary.org/b/id/135286-L.jpg,https://openlibrary.org/works/OL2681103W,748,"Computer algorithms, Software engineering, Data structures (Computer science), C (Computer program language)",open_library_api,
Foundations of software testing,Foundations of software testing,Aditya Mathur,0.0,0,https://covers.openlibrary.org/b/id/9895888-L.jpg,https://openlibrary.org/works/OL17942764W,689,"Testing, Computer software, Application software, development, Computer software, testing, Programming languages (electronic computers)",open_library_api,"""This book presents sound engineering approaches for test generation, selection, minimization, assessment, and enhancement. Using numerous examples, it offers a lucid description of a wide range of simple to complex techniques for a variety of testing-related tasks""--Resource description page."
Functional and Reactive Domain Modeling,Functional and Reactive Domain Modeling,Debasish Ghosh,3.0,1,https://covers.openlibrary.org/b/id/8511687-L.jpg,https://openlibrary.org/works/OL19545490W,320,Software engineering,open_library_api,
The Site Reliability Workbook,The Site Reliability Workbook,Niall Richard Murphy,0.0,0,https://covers.openlibrary.org/b/id/8508499-L.jpg,https://openlibrary.org/works/OL19542471W,500,"Systems engineering, Computer engineering, Reliability (Engineering), Management, Information technology",open_library_api,
Machinerys Handbook,Machinerys Handbook,Erik Oberg,0.0,0,https://covers.openlibrary.org/b/id/5444490-L.jpg,https://openlibrary.org/works/OL7707183W,2557,"Handbooks, manuals, Mechanical engineering, Technology: General Issues, Technology, Technology & Industrial Arts",open_library_api,"Machinery's Handbook has been the most popular reference work in metalworking, design, engineering and manufacturing facilities, and in technical schools and colleges throughout the world for nearly 100 years. It is universally acknowledged as an extraordinarily authoritative, comprehensive, and practical tool, providing its users with the most fundamental and essential aspects of sophisticated manufacturing practice. The 29th edition of the ""bible of the metalworking industries"" contains major revisions of existing content, as well as new material on a variety of topics. It is the essential reference for mechanical, manufacturing, and industrial engineers, designers, draftsmen, toolmakers, machinists, engineering and technology students, and the serious home hobbyist. - Publisher."
Software architecture,Software architecture,Mary Shaw,3.0,1,https://covers.openlibrary.org/b/id/88307-L.jpg,https://openlibrary.org/works/OL2982368W,242,"Software architecture, Software engineering, Computer architecture, Computer software",open_library_api,"Software developers have often adopted specific architectural patterns for system organization - but, for the most part, informally. In this book, authors Mary Shaw and David Garlan discuss the formalization of what, until now, has been ""a substantial folklore of system design, with little consistency or precision."".

With their unique perspective on the current state of software architecture and its impact on design, the authors provide useful information for several types of readers: Professional software developers will find new ideas in the discussion and evaluation of familiar patterns. Students will find useful techniques for approaching system organization from an architectural point of view, rather than following current fads or outmoded methodology.

Educators will find the book helpful as a text for a software architecture course or as a supplemental text for courses in software engineering or software design. This book also includes hints for choosing a suitable architecture, the use of well-understood paradigms for designing new systems, how formal notation and models can characterize system design, and the study of actual system architectures as models for new designs."
Beautiful architecture,Beautiful architecture,Diomidis Spinellis,3.0,1,https://covers.openlibrary.org/b/id/9856867-L.jpg,https://openlibrary.org/works/OL15630242W,404,"Development, Software architecture, Computer architecture, Software engineering, Computer software",open_library_api,
Kill It with Fire,Kill It with Fire,Marianne Bellotti,4.0,1,https://covers.openlibrary.org/b/id/10597716-L.jpg,https://openlibrary.org/works/OL24176408W,248,"Mathematics, Management, Computer science, Software engineering",open_library_api,"Kill It with Fire chronicles the challenges of dealing with aging computer systems, along with sound modernization strategies.

How to survive a legacy apocalypse
 
“Kill it with fire,” the typical first reaction to a legacy system falling into obsolescence, is a knee-jerk approach that often burns through tons of money and time only to result in a less efficient solution. This book offers a far more forgiving modernization framework, laying out smart value-add strategies and proven techniques that work equally well for ancient systems and brand-new ones.
 
Renowned for restoring some of the world’s oldest, messiest computer networks to operational excellence, software engineering expert Marianne Bellotti distills key lessons and insights from her experience into practical, research-backed guidance to help you determine when and how to modernize. With witty, engaging prose, Bellotti explains why new doesn’t always mean better, weaving in illuminating case studies and anecdotes from her work in the field.
 
You’ll learn:
Where to focus your maintenance efforts for maximum impact and value
How to pick the right modernization solutions for your specific needs and keep your plans on track
How to assess whether your migrations will add value before you invest in them
What to consider before moving data to the cloud
How to determine when a project is finished
 
Packed with resources, exercises, and flexible frameworks for organizations of all ages and sizes, Kill It with Fire will give you a vested interest in your technology’s future."
Software Defined Radio,Software Defined Radio,Wally H. W. Tuttlebee,0.0,0,https://covers.openlibrary.org/b/id/299988-L.jpg,https://openlibrary.org/works/OL8208383W,384,"Software radio, Radio, transmitters and transmission, Cell phones, Computer science, Software engineering",open_library_api,
SQL antipatterns,SQL antipatterns,Bill Karwin,4.3333335,3,https://covers.openlibrary.org/b/id/8722157-L.jpg,https://openlibrary.org/works/OL16178433W,323,"SQL (Computer program language), Antipatterns (Software engineering)",open_library_api,
Algorithms unlocked,Algorithms unlocked,Thomas H. Cormen,0.0,0,https://covers.openlibrary.org/b/id/8126209-L.jpg,https://openlibrary.org/works/OL17832792W,231,"Computer algorithms, COMPUTERS / Programming / Open Source, COMPUTERS / Software Development & Engineering / Tools, COMPUTERS / Software Development & Engineering / General",open_library_api,"""This book offers an engagingly written guide to the basics of computer algorithms. In Algorithms Unlocked, Thomas Cormen- coauthor of the leading college textbook on the subject- provides a general explanation, with limited mathematics, of how algorithms enable computers to solve problems. Readers will learn what computer algorithms are, how to describe them, and how to evaluate them. They will discover simples ways to search for information in a computer; methods for rearranging information in a computer into a prescribed order (""sorting""); how to solve basic problems that can be modeled in a computer with a mathematical structure called a ""graph"" (useful for modeling road networks, dependencies among tasks, and financial relationships); how to solve problems that ask questions about strings of characters such as DNA structures; the basic principles behind cryptography; the fundamentals of data compression; and even that there are some problems that no one has figured out how to solve on a computer in a reasonable amount of time."" -- Back cover."
Amplifying your effectiveness,Amplifying your effectiveness,Gerald M. Weinberg,3.0,1,https://covers.openlibrary.org/b/id/711895-L.jpg,https://openlibrary.org/works/OL20979398W,160,Software engineering,open_library_api,
Software Systems Architecture,Software Systems Architecture,Nick Rozanski,0.0,0,https://covers.openlibrary.org/b/id/192351-L.jpg,https://openlibrary.org/works/OL19902806W,576,"Computer software, Development, Computer architecture, Computer software, development, Software engineering",open_library_api,Annotation
A concise introduction to software engineering,A concise introduction to software engineering,Pankaj Jalote,0.0,0,https://covers.openlibrary.org/b/id/8631993-L.jpg,https://openlibrary.org/works/OL8021123W,272,Software engineering,open_library_api,
Professional issues in software engineering,Professional issues in software engineering,Frank Bott,0.0,0,https://covers.openlibrary.org/b/id/8710460-L.jpg,https://openlibrary.org/works/OL19125927W,384,"Software engineering, Software Development & Engineering, COMPUTERS, Project Management, Computer software",open_library_api,
"Wicked problems, righteous solutions","Wicked problems, righteous solutions",Peter DeGrace,0.0,0,https://covers.openlibrary.org/b/id/91050-L.jpg,https://openlibrary.org/works/OL4316576W,272,"Software engineering, Computers &amp; the internet, Computer architecture",open_library_api,
Software Requirements (3rd Edition) (Developer Best Practices),Software Requirements (3rd Edition) (Developer Best Practices),Karl Eugene Wiegers,0.0,0,https://covers.openlibrary.org/b/id/8514780-L.jpg,https://openlibrary.org/works/OL19548122W,672,"Computer software, development, Computer software, Development, Softwareentwicklung, Requirements engineering",open_library_api,
Programming Logic and Design,Programming Logic and Design,Joyce Farrell,5.0,1,https://covers.openlibrary.org/b/id/4640333-L.jpg,https://openlibrary.org/works/OL3503669W,603,"Logic programming, Logic design, Programmierung, Software Engineering, Objektorientierte Programmierung",open_library_api,
Requirements engineering for software and systems,Requirements engineering for software and systems,Phillip A. Laplante,0.0,0,https://covers.openlibrary.org/b/id/11024265-L.jpg,https://openlibrary.org/works/OL3285950W,283,"Requirements engineering, Software engineering, System design, Programming - Software Development, Computers / Programming / Software Development",open_library_api,"""Solid requirements engineering has increasingly been recognized as the key to improved, on-time and on-budget delivery of software and systems projects. This book provides practical teaching for graduate and professional systems and software engineers. It uses extensive case studies and exercises to help students grasp concepts and techniques. With a focus on software-intensive systems, this text provides a probing and comprehensive review of recent developments in intelligent systems, soft computing techniques, and their diverse applications in manufacturing. The second edition contains 100% revised content and approximately 30% new material""--"
Agile management for software engineering,Agile management for software engineering,David J Anderson,0.0,0,https://covers.openlibrary.org/b/id/87123-L.jpg,https://openlibrary.org/works/OL10429145W,336,"Agile software development, Management, Software engineering, Computer programming, Computer software",open_library_api,
Essentials of Software Engineering,Essentials of Software Engineering,Frank Tsui,0.0,0,https://covers.openlibrary.org/b/id/8514309-L.jpg,https://openlibrary.org/works/OL19547794W,331,Software engineering,open_library_api,
Version control with Git,Version control with Git,Jon Loeliger,4.5,2,https://covers.openlibrary.org/b/id/6755148-L.jpg,https://openlibrary.org/works/OL15522481W,436,"Software engineering, Open source software, Git (Computer file), Computer software, Git <Software>",open_library_api,"Version Control with Git takes you step-by-step through ways to track, merge, and manage software projects, using this highly flexible, open source version control system. Git permits virtually an infinite variety of methods for development and collaboration. Created by Linus Torvalds to manage development of the Linux kernel, it's become the principal tool for distributed version control. But Git's flexibility also means that some users don't understand how to use it to their best advantage. Version Control with Git offers tutorials on the most effective ways to use it, as well as friendly yet rigorous advice to help you navigate Git's many functions. With this book, you will: Learn how to use Git in several real-world development environments; Gain insight into Git's common-use cases, initial tasks, and basic functions; Understand how to use Git for both centralized and distributed version control; Use Git to manage patches, diffs, merges, and conflicts; Acquire advanced techniques such as rebasing, hooks, and ways to handle submodules (subprojects); Learn how to use Git with Subversion. - Publisher."
Practical DevOps,Practical DevOps,Joakim Verona,0.0,0,https://covers.openlibrary.org/b/id/12633159-L.jpg,https://openlibrary.org/works/OL27301695W,217,"Computer software, Development, COMPUTERS / Software Development & Engineering / General, Computer software, development",open_library_api,
A discipline for software engineering,A discipline for software engineering,Watts S. Humphrey,5.0,1,https://covers.openlibrary.org/b/id/135146-L.jpg,https://openlibrary.org/works/OL3290287W,789,"Software engineering, Qa76.758 .h857 1995, 005.1",open_library_api,"This new work from Watts Humphrey, author of the influential book, Managing the Software Process, broadens his orderly view of software process management, and lays the foundation for a disciplined approach to software engineering. In his earlier book, the author developed concrete methods for managing software development and maintenance.

These methods, now commonly practiced in industry, provide programmers and managers with specific steps they can take to evaluate and improve their software capabilities. In this new book, Humphrey scales those methods down to a personal level, helping software engineers develop the skills and habits needed to plan, track, and analyze large, complex projects.

.

Humphrey and others have used material from this book to train professionals and students around the world in a projects-oriented software engineering course. First establishing the need for discipline in software engineering, and the benefits to practitioners of learning how to manage their personal software process, Humphrey then develops a model that they can use to monitor, test, and improve their work.

Examples drawn from industry enhance the practical focus of the book, while project exercises give readers the opportunity to practice software process management as they learn it. Features: presents concepts and methods for a disciplined software engineering process; scales down industrial practices for planning, tracking, analysis, and defect management to fit the needs of small-scale program development; and shows how small project disciplines provide a solid base for larger projects."
Fundamentals of Computing,Fundamentals of Computing,Kamaljeet Sanghera,0.0,0,https://covers.openlibrary.org/b/id/2599874-L.jpg,https://openlibrary.org/works/OL9494537W,696,"Education, data processing, Electronic data processing, Computers, Computer science, Software engineering",open_library_api,
AntiPatterns,AntiPatterns,William J. Brown,0.0,0,https://covers.openlibrary.org/b/id/301919-L.jpg,https://openlibrary.org/works/OL18020823W,336,"Development, Software refactoring, Antipatterns (Software engineering), Reliability, Fehler",open_library_api,
Software Technologies,Software Technologies,Andreas Holzinger,0.0,0,https://covers.openlibrary.org/b/id/9413903-L.jpg,https://openlibrary.org/works/OL20728939W,347,"Computer software, Software engineering, Computer software, development, Computer science, Computer simulation",open_library_api,
Software engineering concepts,Software engineering concepts,R. E. Fairley,3.3333333,3,https://covers.openlibrary.org/b/id/4189428-L.jpg,https://openlibrary.org/works/OL5361632W,364,"Computer software, Software engineering, Programmation, Installation système, Planification",open_library_api,
Software engineering economics,Software engineering economics,Barry W. Boehm,0.0,0,https://covers.openlibrary.org/b/id/92137-L.jpg,https://openlibrary.org/works/OL6034830W,767,"Economic aspects, Economic aspects of Software engineering, Software engineering, Computer programs, design, Computer programming",open_library_api,
Professional JavaScript for Web developers,Professional JavaScript for Web developers,Nicholas C. Zakas,0.0,0,https://covers.openlibrary.org/b/id/10724347-L.jpg,https://openlibrary.org/works/OL5841457W,744,"Web site development, JavaScript (Computer program language), Computer Technology, Nonfiction, JavaScript",open_library_api,"Professional JavaScript for Web Developers, 2nd Edition, provides a developer-level introduction along with the more advanced and useful features of JavaScript.   Starting at the beginning, the book explores how JavaScript originated and evolved into what it is today. A detailed discussion of the components that make up a JavaScript implementation follows, with specific focus on standards such as ECMAScript and the Document Object Model (DOM). The differences in JavaScript implementations used in different popular web browsers are also discussed.   Building on that base, the book moves on to cover basic concepts of JavaScript including its version of object-oriented programming, inheritance, and its use in various markup languages such as HTML. An in-depth examination of events and event handling is followed by an exploration of browser detection techniques and a guide to using regular expressions in JavaScript. The book then takes all this knowledge and applies it to creating dynamic user interfaces.   The last part of the book is focused on advanced topics, including performance/memory optimization, best practices, and a look at where JavaScript is going in the future.   This book is aimed at three groups of readers:      Experienced developers familiar with object-oriented programming who are looking to learn JavaScript as it relates to traditional OO languages such as Java and C++    Web application developers attempting to enhance the usability of their web sites and web applications    Novice JavaScript developers aiming to better understand the language     In addition, familiarity with the following related technologies is a strong indicator that this book is for you:      Java    PHP    ASP.NET    HTML    CSS    XML     This book is not aimed at beginners who lack a basic computer science background or those looking to add some simple user interactions to web sites. These readers should instead refer to Wrox's Beginning JavaScript, 3rd Edition (Wiley, 2007).   This book covers:      What Is JavaScript?--Explains the origins of JavaScript: where it came from, how it evolved, and what it is today. Concepts introduced include the relationship between JavaScript and ECMAScript, the Document Object Model (DOM), and the Browser Object Model (BOM). A discussion of the relevant standards from the European Computer Manufacturer's Association (ECMA) and the World Wide Web Consortium (W3C) is also included.    JavaScript in HTML--Examines how JavaScript is used in conjunction with HTML to create dynamic web pages. Introduces the various ways of embedding JavaScript into a page, including a discussion surrounding the JavaScript content-type and its relationship to the element.    Language Basics--Introduces basic language concepts, including syntax and flow control statements. Explains the syntactic similarities of JavaScript and other C-based languages and points out the differences. Type coercion is introduced as it relates to built-in operators.    Variables, Scope, and Memory--Explores how variables are handled in JavaScript given their loosely typed nature. A discussion about the differences between primitive and reference values is included, as is information about execution context as it relates to varia..."
You Don't Know JS Yet,You Don't Know JS Yet,Kyle Simpson,0.0,0,https://covers.openlibrary.org/b/id/12539693-L.jpg,https://openlibrary.org/works/OL27032590W,0,"JavaScript, programming, coding language",open_library_api,
JavaScript Cookbook,JavaScript Cookbook,Shelley Powers,0.0,0,https://covers.openlibrary.org/b/id/8513323-L.jpg,https://openlibrary.org/works/OL16941971W,634,"JAVASCRIPT, JavaScript (Computer program language), Mathematics",open_library_api,Annotation
Secrets of the JavaScript Ninja,Secrets of the JavaScript Ninja,John Resig,5.0,1,https://covers.openlibrary.org/b/id/8511696-L.jpg,https://openlibrary.org/works/OL19545500W,464,"JavaScript (Computer program language), Javascript (computer program language)",open_library_api,
JavaScript bible,JavaScript bible,Danny Goodman,0.0,0,https://covers.openlibrary.org/b/id/10724298-L.jpg,https://openlibrary.org/works/OL2040128W,1200,"Computer Technology, Handbooks, manuals, JavaScript (Computer program language), Nonfiction, Programming languages (Computers)",open_library_api,"This new edition of the definitive guide to JavaScript has been revamped to cover the latest browsers, language updates, extensions, and JavaScript standards  Part tutorial and part reference, the book serves as a learning tool for building new JavaScript skills and a detailed reference for seasoned JavaScript developers  Danny Goodman's exclusive interactive workbench, The Evaluator, makes it easy to master JavaScript and DOM concepts  Offers deployment strategies that best suit the user's content goals and target audience  Bonus CD-ROM is packed with advanced content for the reader who wants to go an extra step    Note: CD-ROM/DVD and other supplementary materials are not included."
Estruturas de dados e algoritmos com JavaScript (Loiane Groner) (z-lib.org),Estruturas de dados e algoritmos com JavaScript (Loiane Groner) (z-lib.org),Loiane Groner,0.0,0,,https://openlibrary.org/works/OL27976274W,0,Estruturas de Dados e Algoritmos com JavaScript,open_library_api,"Uma estrutura de dados é uma maneira particular de organizar dados em um computador com o intuito de usar os recursos de modo eficaz. As estruturas de dados e os algoritmos são a base de todas as soluções para qualquer problema de programação. Com este livro, você aprenderá a escrever códigos complexos e eficazes usando os recursos mais recentes da ES 2017.
O livro ""Estruturas de dados e algoritmos com JavaScript"" começa abordando o básico sobre JavaScript e apresenta a ECMAScript 2017, antes de passar gradualmente para as estruturas de dados mais importantes, como arrays, filas, pilhas e listas ligadas. Você adquirirá um conhecimento profundo sobre como as tabelas hash e as estruturas de dados para conjuntos funcionam, assim como de que modo as árvores e os mapas hash podem ser usados para buscar arquivos em um disco rígido ou para representar um banco de dados. Este livro serve como um caminho para você mergulhar mais fundo no JavaScript. Você também terá uma melhor compreensão de como e por que os grafos – uma das estruturas de dados mais complexas que há – são amplamente usados em sistemas de navegação por GPS e em redes sociais."
Learning Angular,Learning Angular,Aristeidis Bampakos,5.0,1,https://covers.openlibrary.org/b/id/13876480-L.jpg,https://openlibrary.org/works/OL27082711W,466,"Internet programming, Javascript (computer program language)",open_library_api,
Coding with JavaScript for dummies,Coding with JavaScript for dummies,Chris Minnick,5.0,1,https://covers.openlibrary.org/b/id/12961542-L.jpg,https://openlibrary.org/works/OL20001310W,368,"JavaScript (Computer program language), Javascript (computer program language)",open_library_api,
Learn Programming,Learn Programming,Antti Salonen,4.6666665,3,https://covers.openlibrary.org/b/id/9000406-L.jpg,https://openlibrary.org/works/OL17930014W,465,"Software development, Programming languages, Computer science, Python, SQL",open_library_api,"This book is aimed at readers who are interested in software development but have very little to no prior experience.
The book focuses on teaching the core principles around software development. It uses several technologies to this goal (e.g. C, Python, JavaScript, HTML, etc.) but is not a book about the technologies themselves.
The reader will learn the basics (or in some cases more) of various technologies along the way, but the focus is on building a foundation for software development.
The book is your guided tour through the programming jungle, aiming to provide some clarity and build the foundation for software development skills.
The book web site is https://progbook.org/."
Types & grammar,Types & grammar,"Simpson, Kyle (JavaScript systems architect)",4.3333335,3,,https://openlibrary.org/works/OL19999325W,182,"JavaScript (Computer program language), Javascript (computer program language)",open_library_api,
Coding Javascript Basics,Coding Javascript Basics,Adam Crute,5.0,1,https://covers.openlibrary.org/b/id/11006867-L.jpg,https://openlibrary.org/works/OL21104069W,128,"Javascript (computer program language), JavaScript (Computer program language)",open_library_api,
Understanding ECMAScript 6: The Definitive Guide for JavaScript Developers,Understanding ECMAScript 6: The Definitive Guide for JavaScript Developers,Nicholas C. Zakas,0.0,0,https://covers.openlibrary.org/b/id/8512695-L.jpg,https://openlibrary.org/works/OL19546642W,352,"Internet programming, JavaScript (Computer program language), Javascript (computer program language)",open_library_api,
Head First Kotlin,Head First Kotlin,Dawn Griffiths,0.0,0,https://covers.openlibrary.org/b/id/8507773-L.jpg,https://openlibrary.org/works/OL19541997W,480,Javascript (computer program language),open_library_api,
JavaScript Patterns,JavaScript Patterns,Stoyan Stefanov,3.8,5,https://covers.openlibrary.org/b/id/7262394-L.jpg,https://openlibrary.org/works/OL15667637W,240,"Web site development, Software patterns, JavaScript (Computer program language), Javascript, General",open_library_api,
Beginning JavaScript,Beginning JavaScript,Paul Wilton,3.0,1,https://covers.openlibrary.org/b/id/916262-L.jpg,https://openlibrary.org/works/OL6220957W,792,"Computer Technology, World Wide Web, JavaScript (Computer program language), Web servers, Nonfiction",open_library_api,"JavaScript is a scripting language that enables you to enhance static web applications by providing dynamic, personalized, and interactive content. This improves the experience of visitors to your site and makes it more likely that they will visit again. You must have seen the flashy drop-down menus, moving text, and changing content that are now widespread on web sites--they are enabled through JavaScript. Supported by all the major browsers, JavaScript is the language of choice on the Web. It can even be used outside web applications--to automate administrative tasks, for example.  This book aims to teach you all you need to know to start experimenting with JavaScript: what it is, how it works, and what you can do with it. Starting from the basic syntax, you'll move on to learn how to create powerful web applications. Don't worry if you've never programmed before--this book will teach you all you need to know, step by step. You'll find that JavaScript can be a great introduction to the world of programming: with the knowledge and understanding that you'll gain from this book, you'll be able to move on to learn newer and more advanced technologies in the world of computing.  In order to get the most out of this book, you'll need to have an understanding of HTML and how to create a static web page. You don't need to have any programming experience.  This book will also suit you if you have some programming experience already, and would like to turn your hand to web programming. You will know a fair amount about computing concepts, but maybe not as much about web technologies.  Alternatively, you may have a design background and know relatively little about the Web and computing concepts. For you, JavaScript will be a cheap and relatively easy introduction to the world of programming and web application development.  Whoever you are, we hope that this book lives up to your expectations.  You'll begin by looking at exactly what JavaScript is, and taking your first steps with the underlying language and syntax. You'll learn all the fundamental programming concepts, including data and data types, and structuring your code to make decisions in your programs or to loop over the same piece of code many times.  Once you're comfortable with the basics, you'll move on to one of the key ideas in JavaScript--the object. You'll learn how to take advantage of the objects that are native to the JavaScript language, such as dates and strings, and find out how these objects enable you to manage complex data and simplify your programs. Next, you'll see how you can use JavaScript to manipulate objects made available to you in the browser, such as forms, windows, and other controls. Using this knowledge, you can start to create truly professional-looking applications that enable you to interact with the user.  Long pieces of code are very hard to get right every time--even for the experienced programmer--and JavaScript code is no exception. You look at common syntax and logical errors, how you can spot them, and how to use the Microsoft Script Debugger to aid you with this task. Also, you need to examine how to handle the errors that slip through the net, and ensure that these do not detract from the experience of the end user of your application.  From here, you'll move on to more advanced topics, such as using cookies and jazzing up your web pages with dynamic HTML and XML. Finally, you'll be looking at a relatively new and exciting technology, remote scripting. This allows your JavaScript in a HTML page to communicate directly with a server, and useful for, say, looking up information on..."
JavaScript Absolute Beginner's Guide,JavaScript Absolute Beginner's Guide,Kirupa Chinnathambi,0.0,0,https://covers.openlibrary.org/b/id/8509497-L.jpg,https://openlibrary.org/works/OL19543260W,440,"Web site development, JavaScript (Computer program language), Javascript (computer program language), COMPUTERS, Programming Languages",open_library_api,
Async & performance,Async & performance,"Simpson, Kyle (JavaScript systems architect)",4.5,2,,https://openlibrary.org/works/OL20034586W,280,"Development, Application software, JavaScript (Computer program language), Javascript (computer program language)",open_library_api,
Vue.js in Action,Vue.js in Action,Erik Hanchett,0.0,0,https://covers.openlibrary.org/b/id/8507951-L.jpg,https://openlibrary.org/works/OL19542163W,340,"Programming, Vue.js (Javascript framework), Web applications, Web site development, JavaScript (Computer program language)",open_library_api,
Learning JavaScript,Learning JavaScript,Ethan Brown,0.0,0,https://covers.openlibrary.org/b/id/7443810-L.jpg,https://openlibrary.org/works/OL2771689W,335,"jQuery, node, JavaScript (Computer program language), JavaScript libraries, ECMAScript",open_library_api,A tour of ECMAScript 6.
"Learning PHP, MySQL & JavaScript","Learning PHP, MySQL & JavaScript",Robin Nixon,4.2,5,https://covers.openlibrary.org/b/id/5724818-L.jpg,https://openlibrary.org/works/OL9559525W,812,"PHP (Computer program language), Web sites, Web site development, Design, MySQL (Electronic resource)",open_library_api,"Learning PHP, MySQL & JavaScript will teach you how to create responsive, data-driven websites with the three central technologies of PHP, MySQL and JavaScript - whether or not you know how to program. This simple, streamlined guide explains how the powerful combination of PHP and MySQL provides a painless way to build modern websites with dynamic data and user interaction. You'll also learn how to add JavaScript to create rich Internet websites and applications, and how to use Ajax to handle background communication with a web server. This book explains each technology separately, shows you how to combine them, and introduces valuable concepts in modern web programming, including objects, XHTML, cookies, regular expressions and session management."
Functional JavaScript,Functional JavaScript,Michael Fogus,4.0,1,https://covers.openlibrary.org/b/id/7282655-L.jpg,https://openlibrary.org/works/OL16820545W,0,"Javascript (computer program language), Functional programming (Computer science)",open_library_api,
"JavaScript, ¡inspírate!","JavaScript, ¡inspírate!",Ulises Gascón González,0.0,0,https://covers.openlibrary.org/b/id/8771605-L.jpg,https://openlibrary.org/works/OL20112262W,139,"Computer science, programming languages, JavaScript",open_library_api,"Un libro de programación sencillo y divertido que nos muestra como programar en JavaScript, desde pseudocódigo hasta las peticiones AJAX."
Learning Patterns,Learning Patterns,Lydia Hallie,0.0,0,https://covers.openlibrary.org/b/id/12458319-L.jpg,https://openlibrary.org/works/OL26438149W,434,"JavaScript, Programming, Design patterns, Architecture, React",open_library_api,
"Web Design with HTML, CSS, JavaScript and jQuery Set","Web Design with HTML, CSS, JavaScript and jQuery Set",Jon Duckett,4.0,1,https://covers.openlibrary.org/b/id/7531601-L.jpg,https://openlibrary.org/works/OL17414477W,1152,"Web sites, design, Html (document markup language), Javascript (computer program language), Cascading style sheets",open_library_api,
Learning React Native,Learning React Native,Bonnie Eisenman,3.5,2,,https://openlibrary.org/works/OL20023962W,263,"Programming, Mobile computing, Mobile apps, JavaScript (Computer program language), Javascript (computer program language)",open_library_api,
Node.js in Action,Node.js in Action,Alex R. Young,2.0,1,https://covers.openlibrary.org/b/id/8508246-L.jpg,https://openlibrary.org/works/OL19542323W,392,"Internet programming, Node.js, Web site development, JavaScript (Computer program language), Javascript (computer program language)",open_library_api,
If Hemingway Wrote JavaScript,If Hemingway Wrote JavaScript,Angus Croll,4.0,1,https://covers.openlibrary.org/b/id/10620683-L.jpg,https://openlibrary.org/works/OL20014237W,191,"Philology, JavaScript (Computer program language)",open_library_api,"""Imagines short JavaScript programs as written by famous wordsmiths.""--Back cover."
Learning JavaScript Design Pattern,Learning JavaScript Design Pattern,Addy Osmani,5.0,1,https://covers.openlibrary.org/b/id/7262420-L.jpg,https://openlibrary.org/works/OL16807226W,270,"Reusability, JavaScript (Computer program language), Software patterns, Scripting languages (Computer science), Computer software",open_library_api,
JavaScript - Comprehensive,JavaScript - Comprehensive,Gosselin,0.0,0,https://covers.openlibrary.org/b/id/395272-L.jpg,https://openlibrary.org/works/OL8220568W,720,"JavaScript, JavaScript (Computer program language)",open_library_api,
The Principles of Object-Oriented JavaScript,The Principles of Object-Oriented JavaScript,Nicholas C. Zakas,4.0,2,https://covers.openlibrary.org/b/id/8259472-L.jpg,https://openlibrary.org/works/OL17929948W,0,"javascript, Object-oriented programming languages, JavaScript (Computer program language), Object-oriented programming (computer science), COMPUTERS / Programming Languages / JavaScript",open_library_api,
Java Script Introductory Concepts and Techniques,Java Script Introductory Concepts and Techniques,Gary B. Shelly,0.0,0,https://covers.openlibrary.org/b/id/12960894-L.jpg,https://openlibrary.org/works/OL758276W,208,"JavaScript (Computer program language), JavaScript (Langage de programmation)",open_library_api,
Head First Java Script Programming,Head First Java Script Programming,Eric Freeman,0.0,0,https://covers.openlibrary.org/b/id/12772880-L.jpg,https://openlibrary.org/works/OL17357760W,704,"JavaScript (Computer program language), Javascript (computer program language), Html (document markup language), Internet programming, Web site development",open_library_api,
The Book of JavaScript,The Book of JavaScript,Dave Thau,0.0,0,https://covers.openlibrary.org/b/id/933814-L.jpg,https://openlibrary.org/works/OL8904470W,447,"JavaScript (Computer program language), Java (computer program language), Javascript (computer program language)",open_library_api,
High Performance JavaScript,High Performance JavaScript,Nicholas C. Zakas,4.0,1,https://covers.openlibrary.org/b/id/7262408-L.jpg,https://openlibrary.org/works/OL16807218W,242,"World Wide Web, JavaScript (Computer program language), Web servers, Document Object Model (Web site development technology), Javascript (computer program language)",open_library_api,
Mastering JavaScript,Mastering JavaScript,Jamie Jaworski,0.0,0,https://covers.openlibrary.org/b/id/1462809-L.jpg,https://openlibrary.org/works/OL511484W,1085,"Internet, JavaScript (Computer program language), Netscape Communicator",open_library_api,
A Smarter Way to Learn JavaScript. The new tech-assisted approach that requires half the effort,A Smarter Way to Learn JavaScript. The new tech-assisted approach that requires half the effort,Mark Myers,0.0,0,https://covers.openlibrary.org/b/id/8513204-L.jpg,https://openlibrary.org/works/OL19547098W,254,"World Wide Web, Web site development, Web servers, JavaScript (Computer program language)",open_library_api,
"Beginning HTML, XHTML, CSS, and JavaScript","Beginning HTML, XHTML, CSS, and JavaScript",Jon Duckett,0.0,0,https://covers.openlibrary.org/b/id/6448175-L.jpg,https://openlibrary.org/works/OL15191421W,849,"Computer Technology, Nonfiction, Html (document markup language), Javascript (computer program language), Xhtml (document markup language)",open_library_api,"An essential update to the key web authoring standards of HTML, XHTML, and CSSThe existence of Web pages depends on three vital technologies: HTML (base language that Web pages are written in), XHTML (standards that define how to write HTML pages), and CSS (standard that applies formatting styles to Web pages). This new edition provides you with critical coverage of these three Web authoring standards, and places special focus on the upcoming releases of HTML 5 and CSS 3.Serving as a tutorial and reference, this comprehensive resource explains the basic structure and necessary formatting to create a static (non-changing) and dynamic (changing) page on the Internet.Coverage includes:Creating Content with HTMLMarkup LanguagesHTML Values and UnitsWhat Goes into a Web Document?The HEAD ElementsText Structuring EssentialsCharacter Formatting EssentialsLists, Links, Tables, Frames, and FormsMultimediaDynamic HTMLHTML Tools and VariantsWeb Development SoftwarePublishing Your SiteAn Introduction To XMLCreating Mobile DocumentsTidying and Validating Your DocumentsControlling Presentation with CSSStyle DefinitionsCSS Values and UnitsCSS Inheritance and CascadeFont PropertiesText FormattingPadding, Margins, and BordersColors and BackgroundsCSS LayoutsPseudo-Elements and Generated ContentDynamic HTML with CSSMedia Styles and Defining Documents for PrintingThe Future of CSS: CSS3User Interface StylesTesting and Validating CSSHTML, XHTML, and CSS Tips and TricksHelpful examples round out this essential guide and will get you up and running with HTML, XHMTL, and CSS in no time!Note: CD-ROM/DVD and other supplementary materials are not included as part of eBook file.Note: CD-ROM/DVD and other supplementary materials are not included."
Data visualization with Python and JavaScript,Data visualization with Python and JavaScript,Kyran Dale,3.0,1,https://covers.openlibrary.org/b/id/14357489-L.jpg,https://openlibrary.org/works/OL20030955W,553,"Information visualization, Python (Computer program language), JavaScript (Computer program language), Python (computer program language), Javascript (computer program language)",open_library_api,
Head first JavaScript,Head first JavaScript,Michael Morrison,0.0,0,https://covers.openlibrary.org/b/id/8658000-L.jpg,https://openlibrary.org/works/OL16931728W,608,"Internet programming, Web sites, JavaScript (Computer language), Design, JavaScript (Computer program language)",open_library_api,Provides information on scripting Web applications with JavaScript.
This & object prototypes,This & object prototypes,"Simpson, Kyle (JavaScript systems architect)",4.6666665,3,,https://openlibrary.org/works/OL20034683W,158,"JavaScript (Computer program language), Javascript (computer program language), Object-oriented programming (Computer science), Engineering Prototypes",open_library_api,
Javascript The Complete Reference,Javascript The Complete Reference,Thomas Powell,0.0,0,https://covers.openlibrary.org/b/id/7690800-L.jpg,https://openlibrary.org/works/OL17494504W,0,JavaScript (Computer program language),open_library_api,
Next.js Quick Start Guide: Server-side rendering done right,Next.js Quick Start Guide: Server-side rendering done right,Kirill Konshin,0.0,0,https://covers.openlibrary.org/b/id/8511342-L.jpg,https://openlibrary.org/works/OL19545090W,164,"Javascript (computer program language), Application software, development",open_library_api,
Professional NodeJs,Professional NodeJs,Pedro Teixeira,0.0,0,https://covers.openlibrary.org/b/id/7802711-L.jpg,https://openlibrary.org/works/OL17550544W,408,"Node.js, Internet programming, Javascript (computer program language), Scripting languages",open_library_api,
Effective JavaScript,Effective JavaScript,David Herman,4.0,2,https://covers.openlibrary.org/b/id/7265123-L.jpg,https://openlibrary.org/works/OL16808618W,240,"JavaScript (Computer program language), Object-oriented programming (computer science)",open_library_api,
Learning React Native: Building Native Mobile Apps with JavaScript,Learning React Native: Building Native Mobile Apps with JavaScript,Bonnie Eisenman,0.0,0,https://covers.openlibrary.org/b/id/8508886-L.jpg,https://openlibrary.org/works/OL19542865W,242,"Mobile apps, JavaScript (Computer program language), Javascript (computer program language), Application software",open_library_api,
"Murach's JavaScript, 2nd Edition","Murach's JavaScript, 2nd Edition",Mary Delamater,0.0,0,https://covers.openlibrary.org/b/id/8965687-L.jpg,https://openlibrary.org/works/OL20305751W,630,"JavaScript (Computer program language), JavaScript, Websites, Javascript (computer program language)",open_library_api,
JavaScript for Sound Artists,JavaScript for Sound Artists,William Turner,0.0,0,https://covers.openlibrary.org/b/id/13652347-L.jpg,https://openlibrary.org/works/OL21316007W,242,"Computer sound processing, Javascript (computer program language), Webcasting, JavaScript (Computer program language), Son",open_library_api,
Node.js Design Patterns - Second Edition: Master best practices to build modular and scalable server-side web applications,Node.js Design Patterns - Second Edition: Master best practices to build modular and scalable server-side web applications,Mario Casciaro,0.0,0,https://covers.openlibrary.org/b/id/8512794-L.jpg,https://openlibrary.org/works/OL19546739W,526,Javascript (computer program language),open_library_api,
Mastering React Native,Mastering React Native,Eric Masiello,0.0,0,https://covers.openlibrary.org/b/id/8512284-L.jpg,https://openlibrary.org/works/OL19546186W,496,Javascript (computer program language),open_library_api,
"Node.js Web Development: Create real-time server-side applications with this practical, step-by-step guide, 3rd Edition","Node.js Web Development: Create real-time server-side applications with this practical, step-by-step guide, 3rd Edition",David Herron,0.0,0,https://covers.openlibrary.org/b/id/8511954-L.jpg,https://openlibrary.org/works/OL19545796W,376,"JavaScript (Computer program language), Web site development, JavaScript (Langage de programmation), Sites Web, Développement",open_library_api,
Speaking JavaScript,Speaking JavaScript,Axel Rauschmayer,4.0,1,https://covers.openlibrary.org/b/id/7778779-L.jpg,https://openlibrary.org/works/OL17538569W,437,"Development, Application software, JavaScript (Computer program language), Web site development, Web sites",open_library_api,
"MERN Quick Start Guide: Build web applications with MongoDB, Express.js, React, and Node","MERN Quick Start Guide: Build web applications with MongoDB, Express.js, React, and Node",Eddy Wilson Iriarte Koroliova,0.0,0,https://covers.openlibrary.org/b/id/8508792-L.jpg,https://openlibrary.org/works/OL19542767W,302,"Application software, development, Javascript (computer program language)",open_library_api,
Advanced JavaScript,Advanced JavaScript,Dan Livingston,0.0,0,https://covers.openlibrary.org/b/id/83421-L.jpg,https://openlibrary.org/works/OL5956364W,592,JavaScript (Computer program language),open_library_api,
jQuery in action,jQuery in action,Bear Bibeault,3.5,2,https://covers.openlibrary.org/b/id/3063780-L.jpg,https://openlibrary.org/works/OL16923641W,440,"Web site development, JavaScript (Computer program language)",open_library_api,
"Aprender HTML5, CSS3 y Javascript con 100 ejercicios prácticos","Aprender HTML5, CSS3 y Javascript con 100 ejercicios prácticos",Media Active,0.0,0,https://covers.openlibrary.org/b/id/12629885-L.jpg,https://openlibrary.org/works/OL27297959W,213,"HTML (Lenguaje de marcas), Hojas de estilo en cascada, JavaScript (lenguaje de programación), JavaScript (Lenguaje de programación)",open_library_api,
Maintainable JavaScript,Maintainable JavaScript,Nicholas C. Zakas,0.0,0,https://covers.openlibrary.org/b/id/7268394-L.jpg,https://openlibrary.org/works/OL16810512W,242,"JavaScript (Computer program language), Javascript (computer program language)",open_library_api,
JavaScript for Kids,JavaScript for Kids,Nick Morgan,5.0,1,https://covers.openlibrary.org/b/id/8513514-L.jpg,https://openlibrary.org/works/OL19547340W,336,"Javascript (Computer program language), Computer programming, Computer programming, juvenile literature, Juvenile literature",open_library_api,
Pro JavaScript Techniques,Pro JavaScript Techniques,John Paxton,0.0,0,https://covers.openlibrary.org/b/id/7892888-L.jpg,https://openlibrary.org/works/OL17608068W,204,"JavaScript (Computer program language), Javascript (computer program language)",open_library_api,
JavaScript for dummies quick reference,JavaScript for dummies quick reference,Emily A. Vander Veer,0.0,0,https://covers.openlibrary.org/b/id/520132-L.jpg,https://openlibrary.org/works/OL2765865W,224,"World Wide Web, JavaScript (Computer program language), Javascript (computer program language), World wide web",open_library_api,
JavaScript for Absolute Beginners,JavaScript for Absolute Beginners,Terry McNavage,0.0,0,https://covers.openlibrary.org/b/id/8680285-L.jpg,https://openlibrary.org/works/OL16929785W,504,"Computer science, Handbooks, manuals, JavaScript (Computer program language), Javascript (computer program language)",open_library_api,
Sams teach yourself JavaScript 1.3 in 24 hours,Sams teach yourself JavaScript 1.3 in 24 hours,Michael G. Moncur,0.0,0,https://covers.openlibrary.org/b/id/410413-L.jpg,https://openlibrary.org/works/OL53613W,328,"JavaScript (Computer program language), World Wide Web, Javascript (computer program language), JavaScript (Langage de programmation), COMPUTERS",open_library_api,
jQuery cookbook,jQuery cookbook,Cody Lindley,4.0,2,https://covers.openlibrary.org/b/id/6388018-L.jpg,https://openlibrary.org/works/OL15165439W,451,"web development, javascript, jquery library, Web site development, JavaScript (Computer program language)",open_library_api,"An intermediate jQuery book consisting of a sequence of recipes, each recipe solving a particular problem using jQuery."
Programming JavaScript Applications,Programming JavaScript Applications,Eric Elliott,0.0,0,,https://openlibrary.org/works/OL27069471W,0,Javascript (computer program language),open_library_api,
Black Hat Python,Black Hat Python,Justin Seitz,3.3333333,9,https://covers.openlibrary.org/b/id/8513526-L.jpg,https://openlibrary.org/works/OL19547345W,192,"Python (Computer program language), Computer security, Python (język programowania), Sieci komputerowe, Dostęp",open_library_api,
Python For Data Analysis,Python For Data Analysis,Wes McKinney,3.9166667,12,https://covers.openlibrary.org/b/id/7548132-L.jpg,https://openlibrary.org/works/OL17422847W,508,"Programming languages (Electronic computers), Python (Computer program language), Data mining, Python (Langage de programmation), Exploration de données (Informatique)",open_library_api,Serves as an introduction to Python for data-intensive applications.
Python Data Science Handbook,Python Data Science Handbook,Jake VanderPlas,4.0,2,https://covers.openlibrary.org/b/id/8512092-L.jpg,https://openlibrary.org/works/OL19545956W,548,"Python (Computer program language), Data mining, COMPUTERS, General, Datenanalyse",open_library_api,"**Revision History**
December 2016: First Edition
2016-11-17: First Release"
Python in a Nutshell,Python in a Nutshell,Alex Martelli,3.0,1,https://covers.openlibrary.org/b/id/389166-L.jpg,https://openlibrary.org/works/OL6045694W,673,"Python (Computer program language), Python (programmeertaal), Scripting languages (Computer science), Python (Langage de programmation), COMPUTERS",open_library_api,"xiv, 753 pages ; 23 cm"
Effective Python,Effective Python,Brett Slatkin,4.2,5,https://covers.openlibrary.org/b/id/7363706-L.jpg,https://openlibrary.org/works/OL17192267W,368,"Python (Computer program language), Computer programming, Python (computer program language), Python (programspråk), Programmering",open_library_api,"The Python programming language has unique strengths and charms that can be hard to grasp. Many programmers familiar with other languages often approach Python from a limited mindset instead of embracing its full expressivity. Some programmers go too far in the other direction, overusing Python features that can cause big problems later.

Effective Python provides insight into the Pythonic way of writing programs: the best way to use Python. It builds on a fundamental understanding of the language that I assume you already have. Novice programmers will learn the best practices of Python’s capabilities. Experienced programmers will learn how to embrace the strangeness of a new tool with confidence.  -[(Source)][1]


  [1]: http://www.effectivepython.com/"
Python for dummies,Python for dummies,Stef Maruch,5.0,1,https://covers.openlibrary.org/b/id/8712020-L.jpg,https://openlibrary.org/works/OL8232424W,432,"Python (Computer program language), Python (computer program language)",open_library_api,
Programming Python,Programming Python,Mark Lutz,3.375,8,https://covers.openlibrary.org/b/id/805644-L.jpg,https://openlibrary.org/works/OL2784126W,1584,"Python (Computer program language), Qa76.73.p98 l88 2001, Qa 76.73 p98 l875 2001, Python, Object oriented",open_library_api,"Accompanying CD-ROM has examples from the book, Python 2.0 interpreter and standard documentation manuals, Python-related software packages, and the full Python 2.0 source code for PC, Macintosh, and Unix platforms."
Starting out with Python,Starting out with Python,Tony Gaddis,0.0,0,https://covers.openlibrary.org/b/id/2384057-L.jpg,https://openlibrary.org/works/OL5825093W,482,"Python (Computer program language), Python (computer program language)",open_library_api,
Verdi,Verdi,Janell Cannon,4.875,8,https://covers.openlibrary.org/b/id/14424577-L.jpg,https://openlibrary.org/works/OL86708W,48,"Fiction, Old age, Pythons, Snakes, Juvenile fiction",open_library_api,"Deep in the jungle where all the pythons are green, Verdi is born a little bit different. This gorgeously illustrated picture book from the creator of Stellaluna sends a timely message to young readers about the importance of loving the skin you're in.

Young Verdi doesn’t want to grow up big and green. He likes his bright yellow skin and sporty stripes. Besides, all the green snakes he meets are lazy, boring, and rude. When Verdi finds a pale green stripe stretching along his whole body, he tries every trick he can think of to get rid of it—and ends up in a heap of trouble. Despite his efforts, Verdi turns green, but to his delight, he discovers that being green doesn’t mean he has to stop being himself."
Django for Professionals,Django for Professionals,William S. Vincent,5.0,1,https://covers.openlibrary.org/b/id/9395215-L.jpg,https://openlibrary.org/works/OL20714695W,370,Python web development,open_library_api,Very helping
Intro to Python for Computer Science and Data Science,Intro to Python for Computer Science and Data Science,Paul J. Deitel,0.0,0,https://covers.openlibrary.org/b/id/15112914-L.jpg,https://openlibrary.org/works/OL19541895W,880,Python (computer program language),open_library_api,
Learn More Python 3 the Hard Way: The Next Step for New Python Programmers (Zed Shaw's Hard Way Series),Learn More Python 3 the Hard Way: The Next Step for New Python Programmers (Zed Shaw's Hard Way Series),Zed Shaw,0.0,0,https://covers.openlibrary.org/b/id/8510064-L.jpg,https://openlibrary.org/works/OL19543605W,236,"Python (Computer program language), Problems, exercises, Computer programming, Python (computer program language), MATHEMATICS / General",open_library_api,
Dive into Python,Dive into Python,Mark Pilgrim,3.0,4,https://covers.openlibrary.org/b/id/3371419-L.jpg,https://openlibrary.org/works/OL5857527W,500,"Python (Computer program language), Python (computer program language)",open_library_api,
Think Complexity: Complexity Science and Computational Modeling,Think Complexity: Complexity Science and Computational Modeling,Allen B. Downey,4.2,5,https://covers.openlibrary.org/b/id/8508584-L.jpg,https://openlibrary.org/works/OL19542561W,160,"Computational complexity, Python (Computer program language), Python (computer program language), COMPUTERS, Programming Languages",open_library_api,
Python All-in-One For Dummies,Python All-in-One For Dummies,John Shovic,0.0,0,https://covers.openlibrary.org/b/id/9171103-L.jpg,https://openlibrary.org/works/OL20520768W,712,Python (computer program language),open_library_api,
Python programming,Python programming,John M. Zelle,0.0,0,https://covers.openlibrary.org/b/id/935554-L.jpg,https://openlibrary.org/works/OL6037340W,528,Python (Computer program language),open_library_api,
Introduction to Python Programming,Introduction to Python Programming,Gowrishankar S,5.0,1,,https://openlibrary.org/works/OL25217001W,444,"Python (computer program language), Python (Computer program language), Python (Langage de programmation), COMPUTERS, Programming Languages",open_library_api,
Starting Out with Python (4th Edition),Starting Out with Python (4th Edition),Tony Gaddis,5.0,1,https://covers.openlibrary.org/b/id/8508653-L.jpg,https://openlibrary.org/works/OL19542630W,744,"Python (computer program language), Python (Computer program language)",open_library_api,
Python essential reference,Python essential reference,David M. Beazley,0.0,0,https://covers.openlibrary.org/b/id/461687-L.jpg,https://openlibrary.org/works/OL515806W,558,"Computer Technology, Python (Computer program language), Python (Programmiersprache), Nonfiction",open_library_api,"This is the eBook version of the printed book.Python Essential Reference, 3rd Edition, is a comprehensive reference to the Python programming language. The focus of this latest edition is to add coverage of significant new features and new library modules added to the language over the past five years. Clearly written with concise organization, the new features covered include new style classes, unification of types and classes, xmlrpclip, intertools, bz2 and optparse, making it the most up-to-date Python book on the market."
"Python Programming: An Introduction to Computer Science, 3rd Ed.","Python Programming: An Introduction to Computer Science, 3rd Ed.",John Zelle,2.5,2,https://covers.openlibrary.org/b/id/8509622-L.jpg,https://openlibrary.org/works/OL19543337W,552,"Python, Python (Computer program language)",open_library_api,
Beginning Python,Beginning Python,James R. Payne,0.0,0,https://covers.openlibrary.org/b/id/6438264-L.jpg,https://openlibrary.org/works/OL15181426W,624,"Computer Technology, Nonfiction, Python (computer program language), Python (Langage de programmation), COMPUTERS",open_library_api,"Beginning Python: Using Python 2.6 and Python 3.1 introduces this open source, portable, interpreted, object-oriented programming language that combines remarkable power with clear syntax. This book enables you to quickly create robust, reliable, and reusable Python applications by teaching the basics so you can quickly develop Web and scientific applications, incorporate databases, and master systems tasks on various operating systems, including Linux, MAC OS, and Windows. You'll get a comprehensive tutorial that guides you from writing simple, basic Python scripts all the way through complex concepts, and also features a reference of the standard modules with examples illustrating how to implement features in the various modules. Plus, the book covers using Python in specific program development domains, such as XML, databases, scientific applications, network programming, and Web development."
Python for Everyone,Python for Everyone,Cay S. Horstmann,5.0,1,https://covers.openlibrary.org/b/id/8509385-L.jpg,https://openlibrary.org/works/OL19543188W,752,"Python (Computer program language), Python (computer program language), Python",open_library_api,
Python Algorithms,Python Algorithms,Magnus Lie Hetland,0.0,0,https://covers.openlibrary.org/b/id/8712014-L.jpg,https://openlibrary.org/works/OL16127158W,326,"Computer algorithms, Python (Computer program language), Python (computer program language)",open_library_api,
The Hitchhiker’s Guide To Python,The Hitchhiker’s Guide To Python,Kenneth Reitz,4.0,2,https://covers.openlibrary.org/b/id/8512679-L.jpg,https://openlibrary.org/works/OL19546626W,338,"Microcomputers, Python (Computer program language), Programming, Python (computer program language)",open_library_api,
Introduction To Computation And Programming Using Python,Introduction To Computation And Programming Using Python,John Guttag,1.5,2,https://covers.openlibrary.org/b/id/7851275-L.jpg,https://openlibrary.org/works/OL17575152W,385,"Electronic books, Python (Computer program language), Object-oriented programming (Computer science), Computer programming, Textbooks",open_library_api,
Head First Python,Head First Python,Paul Barry,3.0,2,https://covers.openlibrary.org/b/id/6681113-L.jpg,https://openlibrary.org/works/OL15664278W,624,"Programming languages (electronic computers), Python (Computer program language), Python (Langage de programmation), COMPUTERS, Programming Languages",open_library_api,"Ben shu nei rong bao kuo chu shi Python, Gong xiang ni de dai ma, Wen jian yu yi chang, Chi jiu cun chu, Tui dao shu ju, Ding zhi shu ju dui xiang deng 11 zhang."
Natural Language Processing With Python,Natural Language Processing With Python,Edward Loper,4.0,2,https://covers.openlibrary.org/b/id/6296394-L.jpg,https://openlibrary.org/works/OL14940051W,508,"Python (Computer program language), Natural language processing (Computer science), Python <Programmiersprache>, Sprachverarbeitung, Natural Language Processing",open_library_api,"This book offers a highly accessible introduction to Natural Language Processing, the field that underpins a variety of language technologies ranging from predictive text and email filtering to automatic summarization and translation. You'll learn how to write Python programs to analyze the structure and meaning of texts, drawing on techniques from the fields of linguistics and artificial intelligence."
Web Scraping with Python,Web Scraping with Python,Ryan Mitchell,0.0,0,https://covers.openlibrary.org/b/id/7387255-L.jpg,https://openlibrary.org/works/OL17308344W,256,"Python (Computer program language), Automatic data collection systems, Data mining, Python (computer program language), Electronic data processing, distributed processing",open_library_api,"Learn web scraping and crawling techniques to access unlimited data from any web source in any format. With this practical guide, you’ll learn how to use Python scripts and web APIs to gather and process data from thousands—or even millions—of web pages at once.

Ideal for programmers, security professionals, and web administrators familiar with Python, this book not only teaches basic web scraping mechanics, but also delves into more advanced topics, such as analyzing raw data or using scrapers for frontend website testing. Code samples are available to help you understand the concepts in practice.

    Learn how to parse complicated HTML pages
    Traverse multiple pages and sites
    Get a general overview of APIs and how they work
    Learn several methods for storing the data you scrape
    Download, read, and extract data from documents
    Use tools and techniques to clean badly formatted data
    Read and write natural languages
    Crawl through forms and logins
    Understand how to scrape JavaScript
    Learn image processing and text recognition

<h2>Printing History</h2>
<dl>
<dt>April 2018:</dt><dd>Second Edition</dd>
<dt>2018-03-20:</dt><dd>First Release</dd>
<dt>2018-11-21:</dt><dd>Second Release</dd>
</dl>"
Beginning Programming with Python for Dummies,Beginning Programming with Python for Dummies,John Paul Mueller,0.0,0,https://covers.openlibrary.org/b/id/13320889-L.jpg,https://openlibrary.org/works/OL21616091W,412,Python (computer program language),open_library_api,
The Practice of Computing Using Python,The Practice of Computing Using Python,William F. Punch,0.0,0,https://covers.openlibrary.org/b/id/10167739-L.jpg,https://openlibrary.org/works/OL20854618W,828,"Python (computer program language), Python (Computer program language), Computer programming",open_library_api,
Pythons' Autobiography by the Pythons,Pythons' Autobiography by the Pythons,Monty Python,5.0,1,https://covers.openlibrary.org/b/id/499218-L.jpg,https://openlibrary.org/works/OL14947004W,364,"Monty python (comedy troupe), Comedians, biography, Comedians, Biography, Television comedies",open_library_api,"""From its humble beginnings as late night entertainment on a British TV channel that went off the air before midnight, it blossomed into arguably the most influential movement in modern comedy. They found the Holy Grail, they detailed the life of the Savior-also-ran Brian, and when they were lost, they explained the Meaning of Life. The Pythons by the Pythons is a unique look at arguably the most important comic team of the modern age, lavishly illustrated with 1000 photographs and illustrations, many culled from the teams' own personal collections, many seen here for the first time.""--BOOK JACKET."
Python Basics,Python Basics,Unknown Author,0.0,0,https://covers.openlibrary.org/b/id/8758915-L.jpg,https://openlibrary.org/works/OL20094082W,0,"Python, Programming, Financial markets, algorithmic trading, trading",open_library_api,"The material presented here is a condensed introduction to Python and its data science related libraries such as NumPy, Pandas, and Matplotlib. The illustrative examples we use are associated with the financial markets.

We think it should also be useful to
- Anyone who wants a brief introduction to Python and the key components
of its data science stack, and
- Python programmers who want a quick refresher on using Python for
data analysis.

We do not expect any of our readers to have a formal background in computer science, although some familiarity with programming would be nice to have. The concepts and ideas here are covered with several examples to help connect theory to practice."
Python for Kids,Python for Kids,Jason R. Briggs,5.0,1,https://covers.openlibrary.org/b/id/9144057-L.jpg,https://openlibrary.org/works/OL17530235W,319,"Python (language programming), Python (Computer program language), Computer programming, Juvenile literature, Computer software",open_library_api,"*Python for Kids* brings Python to life and brings you into the world of programming. For kids aged 10+ (and their parents). The code in this book runs on almost anything: Windows, Mac, Linux, even an OLPC laptop or Raspberry Pi!"
Python Guide Documentation,Python Guide Documentation,Kenneth Reitz,0.0,0,https://covers.openlibrary.org/b/id/8138241-L.jpg,https://openlibrary.org/works/OL17842208W,123,"Python, Python 3, Programming languages, Computing, Initiation",open_library_api,
Invent your Own Computer Games with Python,Invent your Own Computer Games with Python,Al Sweigart,2.0,1,https://covers.openlibrary.org/b/id/8512290-L.jpg,https://openlibrary.org/works/OL17192139W,372,"Computer games, Python (Computer program language), Programming, Computer games, programming, Spelprogrammering",open_library_api,"Invent Your Own Computer Games with Python teaches you how to program in the Python. Each chapter gives you the complete source code for a new game, and then teaches the programming concepts from the example. The programs covered include Hangman, Tic Tac Toe, Reversi, Caesar Cipher, Guess the Number, and Dragon Realm. Later chapters cover how to make 2D graphical games using the popular Pygame library. You'll learn how to: * Put together loops, variables, input/output, and flow control statements into working programs * Use data structures such as lists, dictionaries, and tuples * Debug programs and find errors * Program simple game-playing AI opponents * Draw graphics and animation into your games The book is available under a Creative Commons license and can be downloaded in full for free from http://inventwithpython.com ""Invent with Python"" was written to be understandable by kids as young as 10 to 12 years old, although it is great for anyone of any age who has never programmed before. [(Source)][1]


  [1]: http://www.amazon.com/Invent-Computer-Games-Python-Edition/dp/1503212300"
"Think Like a Programmer, Python Edition","Think Like a Programmer, Python Edition",V. Anton Spraul,0.0,0,https://covers.openlibrary.org/b/id/11917842-L.jpg,https://openlibrary.org/works/OL21309839W,424,"Python (computer program language), Computer programming, Problem solving",open_library_api,
Game Programming With Python (Game Development Series),Game Programming With Python (Game Development Series),Sean Riley,5.0,1,https://covers.openlibrary.org/b/id/848279-L.jpg,https://openlibrary.org/works/OL8947739W,488,"Computer games, Programming, Python (Computer program language)",open_library_api,
Learn to Program Using Python,Learn to Program Using Python,Alan Gauld,0.0,0,https://covers.openlibrary.org/b/id/135925-L.jpg,https://openlibrary.org/works/OL4277391W,279,Python (Computer program language),open_library_api,
Data Structures and Algorithms in Python,Data Structures and Algorithms in Python,Michael T. Goodrich,0.0,0,https://covers.openlibrary.org/b/id/8514959-L.jpg,https://openlibrary.org/works/OL19548248W,525,"Computer algorithms, Python (Computer program language), Data structures (Computer science), Algorithms",open_library_api,
Introduction to Computer Science Using Python: A Computational Problem-Solving Focus,Introduction to Computer Science Using Python: A Computational Problem-Solving Focus,Charles Dierbach,0.0,0,https://covers.openlibrary.org/b/id/8514960-L.jpg,https://openlibrary.org/works/OL19548249W,612,"Python (computer program language), Python (Computer program language)",open_library_api,
Data science from scratch,Data science from scratch,Joel Grus,5.0,1,https://covers.openlibrary.org/b/id/12672936-L.jpg,https://openlibrary.org/works/OL20006690W,330,"Python (Computer program language), Data structures (Computer science), Database management, Mathematics, Data mining",open_library_api,
Who Would Win? Alligator vs. Python,Who Would Win? Alligator vs. Python,Jerry Pallotta,2.0,1,https://covers.openlibrary.org/b/id/8167621-L.jpg,https://openlibrary.org/works/OL17863444W,0,"Alligators, Juvenile literature, Pythons",open_library_api,
Monty Python's Big Red Book,Monty Python's Big Red Book,Monty Python,0.0,0,https://covers.openlibrary.org/b/id/261841-L.jpg,https://openlibrary.org/works/OL8088570W,64,"English wit and humor, Monty Python (Comedy troupe), Humor, general, Monty python (comedy troupe)",open_library_api,
Monty Python & the Holy Grail,Monty Python & the Holy Grail,Monty Python,0.0,0,https://covers.openlibrary.org/b/id/4699714-L.jpg,https://openlibrary.org/works/OL8088581W,196,"Monty python (comedy troupe), Motion pictures",open_library_api,Screenplay
Python Playground,Python Playground,Mahesh Venkitachalam,0.0,0,https://covers.openlibrary.org/b/id/10637438-L.jpg,https://openlibrary.org/works/OL21093399W,352,"Python (computer program language), Electric apparatus and appliances, Programmable controllers, Computer programming, Electronic apparatus and appliances",open_library_api,
"Introduction to Computation and Programming Using Python, third edition","Introduction to Computation and Programming Using Python, third edition",John V. Guttag,0.0,0,https://covers.openlibrary.org/b/id/10549695-L.jpg,https://openlibrary.org/works/OL24150725W,496,"Mathematics, Python (Computer program language), Textbooks, Computer programming",open_library_api,
Deep Learning with Python,Deep Learning with Python,Francois Chollet,3.0,1,https://covers.openlibrary.org/b/id/8507718-L.jpg,https://openlibrary.org/works/OL19541947W,384,"Machine learning, Python (computer program language), Python (Computer program language), Neural networks (Computer science), Computers and IT",open_library_api,
A Smarter Way to Learn Python,A Smarter Way to Learn Python,Mark Myers,0.0,0,https://covers.openlibrary.org/b/id/12375745-L.jpg,https://openlibrary.org/works/OL26419632W,236,Python (Computer program language),open_library_api,
Introducing Python,Introducing Python,Bill Lubanovic,0.0,0,https://covers.openlibrary.org/b/id/7503511-L.jpg,https://openlibrary.org/works/OL17400331W,630,"Development, Python (Computer program language), Application software, Python (Langage de programmation), Logiciels d'application",open_library_api,"**Revision History for the First Edition**

 - 2014-11-07: First release
 - 2015-02-20: Second release
 - 2016-02-26: Third release"
Let Us Python,Let Us Python,Yashavant Kanetkar,0.0,0,,https://openlibrary.org/works/OL27484186W,359,"Python, Object oriented, Open source, Professional, career & trade -> computer science -> python, Professional, career & trade -> computer science -> programming languages (jr/sr)",open_library_api,
Hands-On Machine Learning with Scikit-Learn and TensorFlow,Hands-On Machine Learning with Scikit-Learn and TensorFlow,Aurélien Géron,5.0,1,https://covers.openlibrary.org/b/id/8509535-L.jpg,https://openlibrary.org/works/OL19543288W,574,"Artificial intelligence, Machine learning, Python (Computer program language), Apprentissage automatique, Python (Langage de programmation)",open_library_api,"xx, 543 pages : 24 cm"
Data Structure and Algorithmic Thinking with Python: Data Structure and Algorithmic Puzzles,Data Structure and Algorithmic Thinking with Python: Data Structure and Algorithmic Puzzles,Narasimha Karumanchi,4.0,2,https://covers.openlibrary.org/b/id/8512282-L.jpg,https://openlibrary.org/works/OL19546184W,494,"Data structures (computer science), Computer algorithms, Python (computer program language)",open_library_api,
Mastering Python Design Patterns,Mastering Python Design Patterns,Sakis Kasampalis,4.0,1,https://covers.openlibrary.org/b/id/8513254-L.jpg,https://openlibrary.org/works/OL19547142W,248,"Python (Computer program language), Computer software, Development, Python (Langage de programmation), COMPUTERS",open_library_api,
Foundations of Python network programming,Foundations of Python network programming,John Goerzen,5.0,1,https://covers.openlibrary.org/b/id/861348-L.jpg,https://openlibrary.org/works/OL512984W,388,"Python (Computer program language), Scripting languages (Computer science)",open_library_api,
The Quick Python Book,The Quick Python Book,Naomi Ceder,4.0,1,https://covers.openlibrary.org/b/id/8508566-L.jpg,https://openlibrary.org/works/OL19542542W,472,"Python (Computer program language), Python (computer program language)",open_library_api,
Python Programming Patterns,Python Programming Patterns,Thomas W. Christopher,5.0,1,https://covers.openlibrary.org/b/id/82943-L.jpg,https://openlibrary.org/works/OL7945591W,400,"Python (computer program language), Python (Computer program language)",open_library_api,
Python 3,Python 3,James R. Parker,0.0,0,https://covers.openlibrary.org/b/id/14767703-L.jpg,https://openlibrary.org/works/OL21152591W,250,"Python (computer program language), Python (Computer program language), Computer programming, Computer games, Programming",open_library_api,
Learn Python The Hard Way A Very Simple Introduction To The Terrifyingly Beautiful World Of Computers And Code,Learn Python The Hard Way A Very Simple Introduction To The Terrifyingly Beautiful World Of Computers And Code,Zed Shaw,5.0,1,https://covers.openlibrary.org/b/id/7514688-L.jpg,https://openlibrary.org/works/OL17405916W,320,"Python (Computer program language), Problems, exercises, Computer programming",open_library_api,
Learning Scientific Programming with Python,Learning Scientific Programming with Python,Christian Hill,0.0,0,https://covers.openlibrary.org/b/id/11404762-L.jpg,https://openlibrary.org/works/OL20028518W,501,"Science, Python (Computer program language), Data processing, Mathematics, Science, data processing",open_library_api,"""Learn to master basic programming tasks from scratch with real-life scientifically relevant examples and solutions drawn from both science and engineering. Students and researchers at all levels are increasingly turning to the powerful Python programming language as an alternative to commercial packages and this fast-paced introduction moves from the basics to advanced concepts in one complete volume, enabling readers to quickly gain proficiency. Beginning with general programming concepts such as loops and functions within the core Python 3 language, and moving onto the NumPy, SciPy and Matplotlib libraries for numerical programming and data visualisation, this textbook also discusses the use of IPython notebooks to build rich-media, shareable documents for scientific analysis. Including a final chapter introducing challenging topics such as floating-point precision and algorithm stability, and with extensive online resources to support advanced study, this textbook represents a targeted package for students requiring a solid foundation in Python programming""--"
"Python Crash Course, 2nd Edition","Python Crash Course, 2nd Edition",Eric Matthes,3.5555556,9,https://covers.openlibrary.org/b/id/8800209-L.jpg,https://openlibrary.org/works/OL20155144W,544,"Python (computer program language), Criticism and interpretationmurasaki shikibu , 978?-, Murasaki shikibu , 978?-, Pl788.4.z5 m87 2011, Criticism and interpretation紫式部 , b. 978?",open_library_api,
Game Development Using Python,Game Development Using Python,James R. Parker,0.0,0,https://covers.openlibrary.org/b/id/9212008-L.jpg,https://openlibrary.org/works/OL20569937W,500,"Computer games, Programming, Python (Computer program language)",open_library_api,
Data wrangling with Python,Data wrangling with Python,Jacqueline Kazil,3.0,1,https://covers.openlibrary.org/b/id/13086574-L.jpg,https://openlibrary.org/works/OL20028472W,488,"Python (Computer program language), Data mining, Python (computer program language), Data Mining, Datenanalyse",open_library_api,
Big Java,Big Java,Cay S. Horstmann,5.0,1,https://covers.openlibrary.org/b/id/1239523-L.jpg,https://openlibrary.org/works/OL449055W,1232,"Java (Computer program language), Java (Langage de programmation), Java (programmeertaal), Java (computer program language)",open_library_api,
Beginning programming with Java for dummies,Beginning programming with Java for dummies,Barry A. Burd,1.0,1,https://covers.openlibrary.org/b/id/520702-L.jpg,https://openlibrary.org/works/OL3372614W,480,"Java (Computer program language), Computer Technology, Nonfiction, Java (programmeertaal), Java (Computer language)",open_library_api,"Covering everything from basic Java development concepts to the latest tools and techniques used in Java, this book will put would-be programmers on their way to Java mastery  Explores what goes into creating a program, how to put the pieces together, dealing with standard programming challenges, debugging, and making it work  Updated for the release of the Java SDK 2.0, with all examples revised to reflect the changes in the technology"
Java how to program,Java how to program,Paul J. Deitel,3.0,1,https://covers.openlibrary.org/b/id/15111441-L.jpg,https://openlibrary.org/works/OL7943177W,1498,"Java (Computer program language), Object-oriented programming (Computer science), open_syllabus_project, Java (Langage de programmation), Java 2.",open_library_api,
Door duisternis tot licht,Door duisternis tot licht,Kartini Raden Adjeng,5.0,1,https://covers.openlibrary.org/b/id/1554059-L.jpg,https://openlibrary.org/works/OL1628788W,310,"Correspondence, Feminists, Social conditions, Women, Women, indonesia, java",open_library_api,"Collection of letters of Kartini, a pioneer of women's rights for native Indonesians."
Fundamentals of Programming using Java,Fundamentals of Programming using Java,Edward Currie,5.0,1,https://covers.openlibrary.org/b/id/2031875-L.jpg,https://openlibrary.org/works/OL9029736W,264,"Java (computer program language), Computer programming, Java (Computer program language), Computer software, Development",open_library_api,
Effective Java,Effective Java,Joshua Bloch,4.5555553,9,https://covers.openlibrary.org/b/id/1176573-L.jpg,https://openlibrary.org/works/OL6223299W,311,"Java (Computer program language), Object-oriented programming (Computer science), Java 2., Java yu yan, Cheng xu she ji",open_library_api,
Java software solutions,Java software solutions,"Lewis, John",0.0,0,https://covers.openlibrary.org/b/id/135371-L.jpg,https://openlibrary.org/works/OL94732W,832,"Java (Computer program language), Object-oriented programming (Computer science), Electronic data processing, study and teaching, Java (Programmiersprache), Softwareentwicklung",open_library_api,"'Java Software Solutions', fourth edition, takes full advantage of the Java 5. 0 release in a way that is appropriate for those just learning to write high quality programs. This new edition has an earlier evolution of object concepts, developed in a waythat capitalizes on the power of objects without overwhelming beginning programmers."
An Introduction to Object-Oriented Programming With Java,An Introduction to Object-Oriented Programming With Java,C. Thomas Wu,4.0,1,https://covers.openlibrary.org/b/id/149216-L.jpg,https://openlibrary.org/works/OL1982658W,950,"Java (Computer program language), Object-oriented programming (Computer science), Objektorientierte Programmierung, Java (programmeertaal), Java (Programmiersprache)",open_library_api,
Java how to program--late objects version,Java how to program--late objects version,Paul J. Deitel,0.0,0,https://covers.openlibrary.org/b/id/15113231-L.jpg,https://openlibrary.org/works/OL15529971W,1234,"Java (Computer program language), Object-oriented programming (Computer science), Java, Professional, career & trade -> computer science -> java",open_library_api,
Absolute Java,Absolute Java,Walter J. Savitch,0.0,0,https://covers.openlibrary.org/b/id/15161494-L.jpg,https://openlibrary.org/works/OL1915448W,1244,"Java (Computer program language), Literary collections",open_library_api,
Thinking in Java,Thinking in Java,Bruce Eckel,4.25,4,https://covers.openlibrary.org/b/id/6792786-L.jpg,https://openlibrary.org/works/OL15828509W,1123,"Java (Computer program language), Linguagem de programacao (outras), Java (programmeertaal), open_syllabus_project, Java",open_library_api,"“Thinking in Java should be read cover to cover by every Java programmer, then kept close at hand for frequent reference. The exercises are challenging, and the chapter on Collections is superb! Not only did this book help me to pass the Sun Certified Java Programmer exam; it’s also the first book I turn to whenever I have a Java question.”
—Jim Pleger, Loudoun County (Virginia) Government 

“Much better than any other Java book I’ve seen. Make that ‘by an order of magnitude’.... Very complete, with excellent right-to-the-point examples and intelligent, not dumbed-down, explanations.... In contrast to many other Java books I found it to be unusually mature, consistent, intellectually honest, well-written, and precise. IMHO, an ideal book for studying Java.”
—Anatoly Vorobey, Technion University, Haifa, Israel 

“Absolutely one of the best programming tutorials I’ve seen for any language.”
—Joakim Ziegler, FIX sysop 

“Thank you again for your awesome book. I was really floundering (being a non-C programmer), but your book has brought me up to speed as fast as I could read it. It’s really cool to be able to understand the underlying principles and concepts from the start, rather than having to try to build that conceptual model through trial and error. Hopefully I will be able to attend your seminar in the not-too-distant future.”
—Randall R. Hawley, automation technician, Eli Lilly & Co.

“This is one of the best books I’ve read about a programming language.... The best book ever written on Java.”
—Ravindra Pai, Oracle Corporation, SUNOS product line 

“Bruce, your book is wonderful! Your explanations are clear and direct. Through your fantastic book I have gained a tremendous amount of Java knowledge. The exercises are also fantastic and do an excellent job reinforcing the ideas explained throughout the chapters. I look forward to reading more books written by you. Thank you for the tremendous service that you are providing by writing such great books. My code will be much better after reading Thinking in Java. I thank you and I’m sure any programmers who will have to maintain my code are also grateful to you.”
- Yvonne Watkins, Java artisan, Discover Technologies, Inc.

“Other books cover the what of Java (describing the syntax and the libraries) or the how of Java (practical programming examples). Thinking in Java is the only book I know that explains the why of Java: Why it was designed the way it was, why it works the way it does, why it sometimes doesn’t work, why it’s better than C++, why it’s not. Although it also does a good job of teaching the what and how of the language, Thinking in Java is definitely the thinking person’s choice in a Java book.”
—Robert S. Stephenson 

Awards for Thinking in Java  
 - 2003 Software Development Magazine Jolt Award for Best Book
 - 2003 Java Developer’s Journal Reader’s Choice Award for Best Book
       2001 JavaWorld Editor’s Choice Award for Best Book
       2000 JavaWorld Reader’s Choice Award for Best Book
       1999 Software Development Magazine Productivity Award
       1998 Java Developer’s Journal Editor’s Choice Award for Best Book


Download seven free sample chapters from Thinking in Java, Fourth Edition. Visit http://mindview.net/Books/TIJ4."
Java 2,Java 2,Herbert Schildt,0.0,0,https://covers.openlibrary.org/b/id/61332-L.jpg,https://openlibrary.org/works/OL720122W,1077,"Java (Computer program language), Java (computer program language)",open_library_api,
"Introduction to Java Programming and Data Structures, Comprehensive Version","Introduction to Java Programming and Data Structures, Comprehensive Version",Y. Liang,0.0,0,https://covers.openlibrary.org/b/id/10615185-L.jpg,https://openlibrary.org/works/OL24188866W,1240,Java (computer program language),open_library_api,
Core Java 2.,Core Java 2.,Cay S. Horstmann,0.0,0,https://covers.openlibrary.org/b/id/87624-L.jpg,https://openlibrary.org/works/OL449052W,835,"Java (Computer program language), Java 2., Java (computer program language), Computers, Qa76.73.j38 h6753 2003",open_library_api,
"Introduction to Java Programming, Comprehensive","Introduction to Java Programming, Comprehensive",Y. Daniel Liang,0.0,0,https://covers.openlibrary.org/b/id/5033291-L.jpg,https://openlibrary.org/works/OL114675W,1314,"Java (computer program language), Java (Computer program language), Java (programmeertaal), Java, Literary collections",open_library_api,
"Introduction to Java Programming and Data Structures, Comprehensive Version (11th Edition)","Introduction to Java Programming and Data Structures, Comprehensive Version (11th Edition)",Y. Daniel Liang,0.0,0,https://covers.openlibrary.org/b/id/8508587-L.jpg,https://openlibrary.org/works/OL19542564W,1232,Java (computer program language),open_library_api,
Java foundations,Java foundations,"Lewis, John",0.0,0,https://covers.openlibrary.org/b/id/10151437-L.jpg,https://openlibrary.org/works/OL15452906W,880,Java (Computer program language),open_library_api,
Spring in action,Spring in action,Craig Walls,4.0,2,https://covers.openlibrary.org/b/id/8722096-L.jpg,https://openlibrary.org/works/OL8955978W,496,"Application software, Development, Java (Computer program language), Spring (Computer file), Java",open_library_api,
"Java, Java, Java","Java, Java, Java",R. Morelli,0.0,0,https://covers.openlibrary.org/b/id/87542-L.jpg,https://openlibrary.org/works/OL5851856W,880,"Java (Computer program language), Object-oriented programming (Computer science), Java (computer program language), Object-oriented programming (computer science)",open_library_api,
Core Java,Core Java,Cay S. Horstmann,0.0,0,https://covers.openlibrary.org/b/id/6578914-L.jpg,https://openlibrary.org/works/OL449035W,864,"Java (Computer program language), computer programming, java programming language, object-oriented programming, Java (computer program language)",open_library_api,Describes the Java programming language and system.
Java Black Book,Java Black Book,Steven Holzner,5.0,1,https://covers.openlibrary.org/b/id/958580-L.jpg,https://openlibrary.org/works/OL15035953W,1196,"Java (Computer program language), Java 2",open_library_api,
Programming in JAVA,Programming in JAVA,Sachin Malhotra,5.0,1,https://covers.openlibrary.org/b/id/12697255-L.jpg,https://openlibrary.org/works/OL21234461W,668,"Java (computer program language), Java (Computer program language)",open_library_api,
The Java programming language,The Java programming language,"Arnold, Ken",0.0,0,https://covers.openlibrary.org/b/id/135609-L.jpg,https://openlibrary.org/works/OL2734879W,595,"Java (Computer program language), Java (Langage de programmation), Java 1.3., Java (programmeertaal), Programmation orientée objets (informatique)",open_library_api,
Understanding object-oriented programming with Java,Understanding object-oriented programming with Java,Timothy Budd,0.0,0,https://covers.openlibrary.org/b/id/5430841-L.jpg,https://openlibrary.org/works/OL2642456W,420,"Object-oriented programming (Computer science), Java (Computer program language), Programmation orientée objet (Informatique), Java (Langage de programmation), Java",open_library_api,"""This updated edition of Understanding Object-Oriented Programming with Java develops the object-oriented programming skills of experienced programmers by showing them how to use Java 2, the latest release of Sun's Java platform. Dr. Budd provides a complete understanding of the philosophy behind Java 2 and teaches readers why the Java language works the way it does, unlike many other authors who focus only on how Java works.

The book begins by covering the language-independent concepts that are at the heart of the Java world and then moves on to introducing Java through several example programs. This is followed by an in-depth discussion of inheritance and polymorphism. The book concludes with material on important features of Java that are not object-oriented.""--BOOK JACKET."
Professional Java server programming,Professional Java server programming,Subrahmanyam Allamaraju,1.0,1,https://covers.openlibrary.org/b/id/916315-L.jpg,https://openlibrary.org/works/OL17310019W,1300,"Java (Computer program language), Java 1.3., Java (langage de programmation), Server, Java 2 Enterprise Edition",open_library_api,
Learning Java,Learning Java,Patrick Niemeyer,0.0,0,https://covers.openlibrary.org/b/id/10991044-L.jpg,https://openlibrary.org/works/OL1741822W,817,"Java (Computer program language), Java (Langage de programmation), Mathematics, Java (programmeertaal), Java",open_library_api,
Batik,Batik,Inger McCabe Elliott,0.0,0,https://covers.openlibrary.org/b/id/1505582-L.jpg,https://openlibrary.org/works/OL4281504W,240,"Batik, Java (indonesia), history",open_library_api,
Data structures and algorithms in Java,Data structures and algorithms in Java,Michael T. Goodrich,0.0,0,https://covers.openlibrary.org/b/id/9671168-L.jpg,https://openlibrary.org/works/OL5970265W,689,"Computer algorithms, Data structures (Computer science), Java (Computer program language), Data structures (computer science), Java (computer program language)",open_library_api,A textbook covering design and analysis of efficient data structures and associated algorithms using the Java programming language.
Schaum's Outline of Programming with Java,Schaum's Outline of Programming with Java,John R. Hubbard,0.0,0,https://covers.openlibrary.org/b/id/59154-L.jpg,https://openlibrary.org/works/OL6463467W,257,"Java (computer program language), Java (Computer program language), Network programming, Java",open_library_api,
Pro Spring Boot,Pro Spring Boot,Felipe Gutierrez,0.0,0,https://covers.openlibrary.org/b/id/8512945-L.jpg,https://openlibrary.org/works/OL19546884W,388,Java (Computer program language),open_library_api,
Java Language Reference,Java Language Reference,Mark Grand,0.0,0,https://covers.openlibrary.org/b/id/805648-L.jpg,https://openlibrary.org/works/OL1649483W,475,"Java (Computer program language), JAVA, Java 1.1., Langage programmation, Java (langage de programmation)",open_library_api,"<h2>Printing History</h2>
<dl> 
<dt>January 1997</dt>
<dd>First Edition.</dd> 
<dt>July 1997</dt>
<dd>Second Edition, updated for Java 1.1.</dd> 
</dl>"
Clojure programming,Clojure programming,Chas Emerick,4.0,3,https://covers.openlibrary.org/b/id/7440852-L.jpg,https://openlibrary.org/works/OL16690207W,630,"Java (Computer program language), Java virtual machine, Functional programming (Computer science), Clojure (Computer program language), Java (computer program language)",open_library_api,"""Clojure programming ... This functional programming language not only lets you take advantage of Java libraries, services, and other JVM resources, it rivals other dynamic languages such as Ruby and Python. With this comprehensive guide, you'll learn Clojure fundamentals with examples that relate it to languages you already know""--P. [4] of cover."
"Java: The Complete Reference, Eleventh Edition","Java: The Complete Reference, Eleventh Edition",Herbert Schildt,0.0,0,https://covers.openlibrary.org/b/id/8507957-L.jpg,https://openlibrary.org/works/OL19542166W,1248,"Java (computer program language), Internet programming",open_library_api,
Javanese culture,Javanese culture,Koentjaraningrat,5.0,1,,https://openlibrary.org/works/OL338831W,550,"Civilization, Java (indonesia)",open_library_api,
Java ist auch eine Insel,Java ist auch eine Insel,Christian Ullenboom,0.0,0,https://covers.openlibrary.org/b/id/14141204-L.jpg,https://openlibrary.org/works/OL16804541W,1308,"java, programming",open_library_api,"A great introduction to programming Java.
The book is also available online (look at the ""openbook"" link)"
Java Swing,Java Swing,Marc Loy,0.0,0,https://covers.openlibrary.org/b/id/388718-L.jpg,https://openlibrary.org/works/OL16087280W,1265,"Java (Computer program language), Swing (Computer file), Java, Games, Com051280",open_library_api,"""Swing is a fully featured user interface development kit for Java applications. Building on the foundations of the Abstract Window Toolkit (AWT), Swing enables cross-platform applications to use any of several pluggable look-and-feels. Swing developers can take advantage of its rich, flexible features and modular components, building elegant user interfaces with very little code. This second edition of 'Java Swing' thoroughly covers all the features available in Java 2 SDK 1.3 and 1.4. More than simply a reference, this new edition takes a practical approach. It is a book by developers for developers, with hundreds of useful examples, from beginning level to advanced.""--Back cover."
Java Programming 9th Edition,Java Programming 9th Edition,Joyce Farrell,0.0,0,https://covers.openlibrary.org/b/id/8485288-L.jpg,https://openlibrary.org/works/OL19365484W,870,Java (computer program language),open_library_api,
How Tomcat Works,How Tomcat Works,"Kurniawan, Budi.",5.0,2,https://covers.openlibrary.org/b/id/1717260-L.jpg,https://openlibrary.org/works/OL9405773M,464,"Java & variants, Programming Languages - Java, Computers, Computers - Languages / Programming, Computer Books: Languages",open_library_api,
Programming.Java,Programming.Java,Rick Decker,0.0,0,https://covers.openlibrary.org/b/id/1275268-L.jpg,https://openlibrary.org/works/OL2699202W,596,"Java (Computer program language), Java (programmeertaal), Java (Programmiersprache), Java (computer program language)",open_library_api,
Exploring Java,Exploring Java,Patrick Niemeyer,0.0,0,https://covers.openlibrary.org/b/id/805639-L.jpg,https://openlibrary.org/works/OL1741824W,413,"Java (Computer program language), Java (Langage de programmation), COMPUTERS, Programming Languages, Java",open_library_api,"Exploring Java is a comprehensive introduction to a new tool for building the next generation of network-capable applications. The ability to create animated World Wide Web pages with Java has sparked its popularity. But Java is also important because it's truly portable. The code runs on all systems that provide a Java interpreter, whether Windows 95, Windows NT, Macintosh, or UNIX. Java's most dramatic claim concerns safety; its design makes it difficult to write viruses and other hostile software.

Therefore it's an ideal language for writing software that travels across the Internet.

With a practical, hands-on approach, Exploring Java shows how to write Java applets and create dynamic Web pages. But that's only the beginning. This book shows you how to get up to speed writing advanced applications like networking programs, content and protocol handlers, and security managers. Exploring Java is the first book in a Java documentation series from O'Reilly that will keep pace with rapid Java developments."
Java Performance,Java Performance,Scott Oaks,0.0,0,https://covers.openlibrary.org/b/id/8514235-L.jpg,https://openlibrary.org/works/OL19547763W,438,"Java (Computer program language), Mathematics",open_library_api,
Building Java programs,Building Java programs,Stuart Reges,0.0,0,https://covers.openlibrary.org/b/id/8625443-L.jpg,https://openlibrary.org/works/OL18346166W,1204,"Java (Computer program language), Java (computer program language), Qa76.73.j38 r447 2011, 005.13/3",open_library_api,
Swing,Swing,Herbert Schildt,0.0,0,https://covers.openlibrary.org/b/id/62381-L.jpg,https://openlibrary.org/works/OL720114W,590,"Java (Computer program language), Swing (Computer file), Graphical user interfaces (Computer systems), Java (computer program language), Java Swing",open_library_api,
Java Coding Problems,Java Coding Problems,Anghel Leonard,0.0,0,,https://openlibrary.org/works/OL28169136W,807,"Java (computer program language), Coding theory",open_library_api,
Graphic Java,Graphic Java,David M. Geary,0.0,0,https://covers.openlibrary.org/b/id/92332-L.jpg,https://openlibrary.org/works/OL2695702W,739,"Computer graphics, Graphic Java toolkit, Java (Computer program language), Java (Programmiersprache), Gráficas por computadoras",open_library_api,
An introduction to computer science using Java,An introduction to computer science using Java,Samuel N. Kamin,0.0,0,https://covers.openlibrary.org/b/id/62683-L.jpg,https://openlibrary.org/works/OL2719311W,665,"Java (Computer program language), Computer science, Informatique, Java (Langage de programmation), Java",open_library_api,
The Religion of Java,The Religion of Java,Clifford Geertz,0.0,0,https://covers.openlibrary.org/b/id/140892-L.jpg,https://openlibrary.org/works/OL926839W,392,"Java (indonesia), Ethnology, Religion, Religión, Godsdienst",open_library_api,
OCA: Oracle Certified Associate Java SE 8 Programmer I Study Guide: Exam 1Z0-808,OCA: Oracle Certified Associate Java SE 8 Programmer I Study Guide: Exam 1Z0-808,Jeanne Boyarsky,0.0,0,https://covers.openlibrary.org/b/id/8513346-L.jpg,https://openlibrary.org/works/OL19547217W,432,Java (computer program language),open_library_api,
"Don't Make Me Think, Revisited","Don't Make Me Think, Revisited",Steve Krug,4.214286,14,https://covers.openlibrary.org/b/id/10329409-L.jpg,https://openlibrary.org/works/OL21163225W,216,"Web sites, design, Web sites--design, Web site development, Web sites--evaluation, Tk5105.888 .k78 2014",open_library_api,
Web Programming,Web Programming,Chris Bates,0.0,0,https://covers.openlibrary.org/b/id/300000-L.jpg,https://openlibrary.org/works/OL8204155W,626,"Internet programming, Web site development, World Wide Web, Web sites, Design",open_library_api,
CSS,CSS,David Sawyer McFarland,0.0,0,https://covers.openlibrary.org/b/id/12191343-L.jpg,https://openlibrary.org/works/OL20013553W,565,"Web sites, Design, Cascading style sheets, Web site development, Computer graphics",open_library_api,"This book combines crystal-clear explanations, real-world examples, a dash of humor, and dozens of step-by-step tutorials to show you ways to design sites with CSS that work consistently across browsers. Create HTML that's simpler, uses less code, is search-engine friendly, and works well with CSS, style text by changing fonts, colors, font sizes, and adding borders. Create complex layouts using CSS, including multi-column designs that do not require using old techniques like HTML tables and turn simple HTML links into complex and attractive navigation bars-complete with CSS-only rollover effects that add interactivity to your Web pages, and style images to create effective photo galleries and special effects like CSS-based drop shadows."
Fundamentals of Web Development,Fundamentals of Web Development,Randy Connolly,5.0,1,https://covers.openlibrary.org/b/id/9423191-L.jpg,https://openlibrary.org/works/OL20732060W,1240,Web site development,open_library_api,
Blogging for dummies,Blogging for dummies,Susannah Gardner,0.0,0,https://covers.openlibrary.org/b/id/6451571-L.jpg,https://openlibrary.org/works/OL5894556W,384,"Computer Technology, Nonfiction, Blogs, Internet, Journalism (General)",open_library_api,"Everybody's doing it! And while that logic never got far with your mother, it's a fine reason to start blogging, especially if you have a business to build or a cause to promote. Well-run blogs do more than offer an outlet for your thoughts. They've actually influenced everything from a company's image to the outcome of a local election.   Because the blogosphere is pretty crowded, it's a good idea to find out a bit about the anatomy of a blog, what makes a good one, and what it takes to keep one going before you dive right in and start sharing with the world. Blogging For Dummies, 2nd Edition gives you all the basics so you can get a good start. And if you've been around the blog a few times and want to advance to the next level, Blogging For Dummies, 2nd Edition even takes a look at podcasting and videoblogging.   You'll find out how to:    Make your blog stand out in a crowd, build an audience, and even make it pay  Choose the best software options, boost readership, and handle comments  Generate revenue from your blog with ads and sponsorships  Protect your privacy and your job  Deal with spam and the inappropriate comments from that guy who posts several times a day  Find your niche  Attract and keep readers  Use your blog to promote your business, cause, or organization  Add audio, video, cool widgets, and more     Ready? Get Blogging for Dummies and let's get started!"
WordPress For Dummies,WordPress For Dummies,Lisa Sabin-Wilson,0.0,0,https://covers.openlibrary.org/b/id/1239987-L.jpg,https://openlibrary.org/works/OL8206689W,425,"Computer Technology, Nonfiction, Blogs, Authoring programs, Web sites",open_library_api,"Bloggers love WordPress! If you're ready to start using this free blogging software, WordPress For Dummies, 2nd Edition is just what you and your blog need to make a splash.   Professional blog designer Lisa Sabin-Wilson shows you how to use all the latest upgrades to WordPress and helps you decide whether to use the Wordpress.com hosted service or self-host your blog with WordPress.org. Whether you're just venturing into the blogosphere or you want to shift an existing blog to WordPress, WordPress For Dummies, 2nd Edition will help.   Explore theme development and learn where to find free WordPress themes Extend WordPress through plug-ins, CSS, custom fields, and more Find out about archiving, interacting with readers through comments, tracking back, and handling spam Get the scoop on domain registration, Web hosting providers, basic tools like FTP, and more Create a unique blog theme and presentation by using template tags with CSS Sign up for WordPress.com, log in, set options, and create a profile Install WordPress.org, set up a MySQL database, explore RSS feeds, and organize a blogroll Discover the secrets of creating a blog that draws readers Get tips on wonderful widgets, upgrades, and plugins you can add to make your blog extra cool Learn how to use the Dashboard, manage comments, and make permalinks work with your Web server With WordPress For Dummies, 2nd Edition on hand, it's easy to make the most of the free software and build a blog that stands out in a crowd."
Creating Web pages for dummies,Creating Web pages for dummies,Bud E. Smith,4.0,1,https://covers.openlibrary.org/b/id/520523-L.jpg,https://openlibrary.org/works/OL57789W,359,"Amateurs' manuals, Web sites, Hypertext systems, World Wide Web, HTML (Document markup language)",open_library_api,"Chances are, you're already a Web user and use the Internet on a regular basis. You've probably seen a few impressive Web sites and now you're inspired to create a Web page of your own, but you're not sure where to start. The answer is: right here!   Creating Web Pages For Dummies guides you through the process of making your own Web pages without hassle or confusion. This straightforward book shows you just how easy it is to launch a site, specialize a page, making your site interactive, and much more! In no time you will become a pro in:    Web publishing basics  Geocities, Google page creator, and AOL Web publishing  Using Flickr, creating blogs, and selling products on eBay  HTML and other handy tools to ""beef up"" your site  Writing and formatting Web text  Creating and adding graphics for your site  Adding links, animation, and multimedia"
"Beginning Web programming with HTML, XHTML, and CSS","Beginning Web programming with HTML, XHTML, and CSS",Jon Duckett,4.0,1,https://covers.openlibrary.org/b/id/6817644-L.jpg,https://openlibrary.org/works/OL15854724W,808,"Development, Application software, Cascading style sheets, HTML (Document markup language), Web sites (desenvolvimento)",open_library_api,"What is this book about?Beginning Web Programming with HTML, XHTML, and CSS teaches you how to write Web pages using HTML, XHTML, and CSS. It follows standards-based principles, but also teaches readers ways around problems they are likely to face using (X)HTML.While XHTML is the ""current"" standard, the book still covers HTML because many people do not yet understand that XHTML is the official successor to HTML, and many readers will still stick with HTML for backward compatibility and simpler/informal Web pages that don't require XHTML compliance.The book teaches basic principles of usability and accessibility along the way, to get users into the mode of developing Web pages that will be available to as many viewers as possible from the start. The book also covers the most commonly used programming/scripting language -- JavaScript -- and provides readers with a roadmap of other Web technologies to learn after mastering this book to add more functionality to their sites."
Dynamic HTML,Dynamic HTML,Danny Goodman,4.0,1,https://covers.openlibrary.org/b/id/6821912-L.jpg,https://openlibrary.org/works/OL15859253W,1073,"Éditique, DHTML (Langage de balisage), Internet, HTML (Langage de balisage), Hypermedia",open_library_api,This text is an indispensable compendium for Web content developers. It contains everything you need to create functional cross-platform Web applications.
PHP for the World Wide Web,PHP for the World Wide Web,Larry Ullman,0.0,0,https://covers.openlibrary.org/b/id/8578103-L.jpg,https://openlibrary.org/works/OL5740521W,455,"World Wide Web, PHP, Internet, Information Technology, Internet languages",open_library_api,Teach yourself PHP the quick and easy way! This Visual QuickStart Guide uses pictures rather than lengthy explanations. You'll be up and running in no time!
Understanding web development,Understanding web development,Arlyn Hubbell,0.0,0,https://covers.openlibrary.org/b/id/9816765-L.jpg,https://openlibrary.org/works/OL7944421W,273,"Design, Web publishing, Web site development, Web sites, World Wide Web",open_library_api,
Web design for dummies,Web design for dummies,Lisa Lopuck,0.0,0,https://covers.openlibrary.org/b/id/11882932-L.jpg,https://openlibrary.org/works/OL19954603W,352,"Web sites, Design, Web site development, Web sites, design",open_library_api,"Build your own eye-popping site design. Create a user-friendly site, design great graphics, and make updating easy. Whether you're designing a site on your own or are a member of a design team, this updated guide will be your best assistant."
Content strategy for the Web,Content strategy for the Web,Kristina Halvorson,0.0,0,https://covers.openlibrary.org/b/id/6645380-L.jpg,https://openlibrary.org/works/OL18618506W,179,"Management, Web site development, Web sites, design",open_library_api,
Designing with web standards,Designing with web standards,Jeffrey Zeldman,4.4,5,https://covers.openlibrary.org/b/id/461827-L.jpg,https://openlibrary.org/works/OL6045343W,432,"web development and design, Web sites, Standards, Design, Coding theory",open_library_api,"Best-selling author, designer, and web standards evangelist Jeffrey Zeldman has revisited his classic, industry-shaking guidebook. Updated in collaboration with co-author Ethan Marcotte, this third edition covers improvements and challenges in the changing environment of standards-based design.

Written in the same engaging and witty style, making even the most complex information easy to digest, *Designing with Web Standards* remains your essential guide to creating sites that load faster, reach more users, and cost less to design and maintain.

* Substantially revised—packed with new ideas
* How will HTML5, CSS3, and web fonts change your work?
* Learn new strategies for selling standards
* Change what “IE6 support” means

Dubbed King of Web Standards by Business Week, Jeffrey Zeldman (zeldman.com) was one of the web’s first designers and bloggers. He publishes *A List Apart* “for people who make websites;” runs Happy Cog™, a leading web design studio; and co-founded An Event Apart, The Deck, and The Web Standards Project.

Versatile user experience designer/developer Ethan Marcotte served as a steering committee member of The Web Standards Project, and has worked with clients including *New York Magazine*, Harvard University, and the World Wide Web Consortium (W3C). Books to which he has contributed include *Handcrafted CSS*, *Web Standards Creativity*, and *Professional CSS*. Ethan writes and does technical editing at *A List Apart*, and is a popular educator and conference speaker. He would like to be an unstoppable robot ninja when he grows up (unstoppablerobotninja.com).

“A web designer without a copy of *Designing with Web Standards* is like a carpenter without a level. With this third edition, Zeldman continues to be the voice of clarity; explaining the complex in plain English for the rest of us.” — Dan Cederholm, author, *Bulletproof Web Design* and *Handcrafted CSS*

“Jeffrey Zeldman sits somewhere between ‘guru’ and ‘god’ in this industry—and manages to fold wisdom and wit into a tale about WHAT web standards are, HOW standards-based coding works, and WHY we should care.” — Kelly Goto, author, *Web ReDesign 2.0: Workflow that Works*

“Some books are meant to be read. *Designing with Web Standards* is even more: intended to be highlighted, dogeared, bookmarked, shared, passed around, and evangelized, it goes beyond reading to revolution.” — Liz Danzico, Chair, MFA Interaction Design, School of Visual Arts

“Occasionally (very occasionally) you come across an author who makes you think, ‘This guy is smart! And he makes me feel smarter, because now I finally understand this concept.’” — Steve Krug, author of *Don’t Make Me Think* and *Rocket Surgery Made Easy*"
The Year Without Pants,The Year Without Pants,Scott Berkun,4.0,9,https://covers.openlibrary.org/b/id/7859733-L.jpg,https://openlibrary.org/works/OL17579381W,272,"Work environment, Authoring programs, Computer programs, Blogs, Web sites",open_library_api,"A behind-the-scenes look at the firm behind WordPress.com and the unique work culture that contributes to its phenomenal success.

50 million websites, or twenty percent of the entire web, use WordPress software. The force behind WordPress.com is a convention-defying company called Automattic, Inc., whose 120 employees work from anywhere in the world they wish, barely use email, and launch improvements to their products dozens of times a day. With a fraction of the resources of Google, Amazon, or Facebook, they have a similar impact on the future of the Internet. How is this possible? What's different about how they work, and what can other companies learn from their methods?

To find out, former Microsoft veteran Scott Berkun worked as a manager at WordPress.com, leading a team of young programmers developing new ideas. The Year Without Pants shares the secrets of WordPress.com's phenomenal success from the inside. Berkun's story reveals insights on creativity, productivity, and leadership from the kind of workplace that might be in everyone's future.

The Year Without Pants shares what every organization can learn from the world-changing ideas for the future of work at the heart of Automattic's success."
The Basics of Web Design,The Basics of Web Design,Terry Felke-Morris,0.0,0,https://covers.openlibrary.org/b/id/10125525-L.jpg,https://openlibrary.org/works/OL15621102W,496,"Html (document markup language), Cascading style sheets, Web site development, Web sites, design",open_library_api,
Create your own website,Create your own website,Scott Mitchell,0.0,0,https://covers.openlibrary.org/b/id/8322855-L.jpg,https://openlibrary.org/works/OL11641515W,215,"Web sites, Design, Websites, Web site development, Web sites, design",open_library_api,
Learning React,Learning React,Alex Banks,0.0,0,https://covers.openlibrary.org/b/id/10282783-L.jpg,https://openlibrary.org/works/OL20915214W,330,"Engineering, Java (computer program language), Web site development, Web applications--computer programs, Qa76.9.u83",open_library_api,"This book is for developers who want to learn the React library while learning the latest techniques currently emerging in the JavaScript language. This book does not assume any knowledge of React at all, but you will be better prepared for the contents of this book if you are comfortable with HTML, CSS, and JavaScript."
WordPress all-in-one for dummies,WordPress all-in-one for dummies,Lisa Sabin-Wilson,0.0,0,https://covers.openlibrary.org/b/id/8735593-L.jpg,https://openlibrary.org/works/OL16158839W,864,"Design, Computer programs, Weblogs, Blogs, Web sites",open_library_api,"Provides information on using WordPress to create and maintain a blog, covering such topics as domains and hosts, plugins, themes, creating and managing content, multimedia, and security."
UX for Beginners,UX for Beginners,Joel Marsh,2.0,1,https://covers.openlibrary.org/b/id/9147966-L.jpg,https://openlibrary.org/works/OL20488489W,256,"New products, Application software, development, Web sites, design, User interfaces (Computer systems)",open_library_api,
Web application architecture,Web application architecture,Leon Shklar,0.0,0,https://covers.openlibrary.org/b/id/305243-L.jpg,https://openlibrary.org/works/OL18764419W,440,"Development, Design, Application software, Software architecture, Web sites",open_library_api,
HTML5 For Web Designers,HTML5 For Web Designers,Jeremy Keith,4.3333335,9,https://covers.openlibrary.org/b/id/6666412-L.jpg,https://openlibrary.org/works/OL15437498W,0,"HTML (Document markup language), Multimedia communications, Web site development, HTML",open_library_api,"The HTML5 spec is 900 pages and hard to read. HTML5 for Web Designers is 85 pages and fun to read. Easy choice.

HTML5 is the longest HTML specification ever written. It is also the most powerful, and in some ways, the most confusing. What do accessible, content-focused standards-based web designers and front-end developers need to know? And how can we harness the power of HTML5 in today’s browsers?

In this brilliant and entertaining user’s guide, Jeremy Keith cuts to the chase, with crisp, clear, practical examples, and his patented twinkle and charm."
PHP cookbook,PHP cookbook,David Sklar,0.0,0,https://covers.openlibrary.org/b/id/805908-L.jpg,https://openlibrary.org/works/OL5759153W,810,"Algoritmen, PHP (Computer program language), Web sites, Internet programming, Design",open_library_api,
Building Cross-Platform Mobile and Web Apps for Engineers and Scientists,Building Cross-Platform Mobile and Web Apps for Engineers and Scientists,"Matt Triff, Rucha Lingras Pawan Lingras",2.0,1,https://covers.openlibrary.org/b/id/8895447-L.jpg,https://openlibrary.org/works/OL20240747W,0,Web site development,open_library_api,
Web Design,Web Design,Jennifer T. Campbell,0.0,0,https://covers.openlibrary.org/b/id/10190261-L.jpg,https://openlibrary.org/works/OL20870682W,260,"Web sites, design, Design, Web sites, Web site development",open_library_api,
Building Scalable Web Sites,Building Scalable Web Sites,Cal Henderson,0.0,0,https://covers.openlibrary.org/b/id/389263-L.jpg,https://openlibrary.org/works/OL8167609W,348,"Web sites, Design, Web site development, Web sites, design",open_library_api,"From the back cover: ""Learn the tricks of the trade so you can build and architect applications that scale quickly - without all the high-priced headaches and service-level agreements associated with enterprise app servers and proprietary programming and database products. Culled from the experience of the [flickr.com][1] lead developer, *Building Scalable Websites* offers techniques for creating fast sites that your users will enjoy.""


  [1]: http://flickr.com"
Starting an Online Business For Dummies,Starting an Online Business For Dummies,Greg Holden,0.0,0,https://covers.openlibrary.org/b/id/8515008-L.jpg,https://openlibrary.org/works/OL19548279W,456,"Electronic commerce, Computer networks, New business enterprises, Web site development",open_library_api,
Introducing HTML 5,Introducing HTML 5,Bruce Lawson,4.0,1,https://covers.openlibrary.org/b/id/8664599-L.jpg,https://openlibrary.org/works/OL16558904W,295,"HTML (Document markup language), Html (document markup language), Web site development",open_library_api,
Web Hosting For Dummies,Web Hosting For Dummies,Peter Pollock,0.0,0,https://covers.openlibrary.org/b/id/8515004-L.jpg,https://openlibrary.org/works/OL19548277W,360,"Web hosting, Web site development, Virtual reality, Web sites, design, Imaging systems",open_library_api,
Spring: Microservices with Spring Boot: Build and deploy microservices with Spring Boot,Spring: Microservices with Spring Boot: Build and deploy microservices with Spring Boot,Ranga Rao Karanam,0.0,0,https://covers.openlibrary.org/b/id/8508397-L.jpg,https://openlibrary.org/works/OL19542398W,140,"Application software, development, Java (computer program language), Web site development",open_library_api,
Building a Web site for dummies,Building a Web site for dummies,David A. Crowder,0.0,0,https://covers.openlibrary.org/b/id/522549-L.jpg,https://openlibrary.org/works/OL2039642W,382,"Computer Technology, Web sites, Web site development, Design, Nonfiction",open_library_api,"Ever wanted to build your own Web site to express your views? Or maybe you want to set up an e-business? Now, not only will you be able to create your own space on the Web, but you can also make it look professional with Building a Web Site For Dummies. This resourceful guide lays down all the basics for getting started with creating a Web site for your club, team, family, or business.   This is the only book that walks aspiring Webmasters like you through all the steps of designing, building, publishing, publicizing, and updating a Web site without concentrating on a single tool. While reading this laid-back and down-to-earth guide, you will discover how to:    Make your site easy to navigate  Get optimum listing on Google  Accept payment for an online business  Gain feedback with message boards  Add photos, sound, and video to your site     Along with this helpful guide is a CD-ROM that includes many exciting features to give you access to more Web site-creating tools:    Adobe Photoshop CS and Adobe GoLive CS tryout versions  Trial versions of Macromedia Flash MX 2004, ColdFusion MX Enterprise, Fireworks MX 2004, Dreamweaver MX 2004, and FreeHand MX  Hemera Photo-Objects 500 Sampler     Under the wing of David Crowder, author of over 10 books and former Vice President of Data Processing with National Research Corporation, creating your own Web site has never been easier. Building a Web Site for Dummies provides plenty of hands-on guidance to turn you into a Web designer in no time!   Note: CD-ROM/DVD and other supplementary materials are not included as part of eBook file.  Note: CD-ROM/DVD and other supplementary materials are not included."
Web engineering,Web engineering,Gerti Kappel,0.0,0,https://covers.openlibrary.org/b/id/8733937-L.jpg,https://openlibrary.org/works/OL19281177W,384,"Web services, Web site development, Web sites, design",open_library_api,
High Performance Web Sites,High Performance Web Sites,Steve Souders,3.0,1,https://covers.openlibrary.org/b/id/1312627-L.jpg,https://openlibrary.org/works/OL8167704W,157,"Web programming, Internet software, Web site development, Web sites, Design",open_library_api,
Seductive interaction design,Seductive interaction design,Stephen P. Anderson,4.0,1,https://covers.openlibrary.org/b/id/13854189-L.jpg,https://openlibrary.org/works/OL16299953W,223,"Design, Web sites, Web site development, Web sites, design",open_library_api,Provides information on creating an effective Web site based on the stages of seduction and looks at the motivations of the site's users.
WordPress Web Design For Dummies,WordPress Web Design For Dummies,Lisa Sabin-Wilson,0.0,0,https://covers.openlibrary.org/b/id/8514582-L.jpg,https://openlibrary.org/works/OL19547931W,384,"Authoring programs, Web sites, Design, WordPress (Electronic resource), Web site development",open_library_api,"Learn to create a custom site with e-commerce, social media, and more. No longer just a blogging tool, WordPress has secret powers that enable you in include photo and video galleries, client testimonials, integration with Facebook and Twitter, and a whole lot more!"
Articulating Design Decisions,Articulating Design Decisions,Tom Greever,0.0,0,https://covers.openlibrary.org/b/id/8253809-L.jpg,https://openlibrary.org/works/OL17926245W,278,"design, leadership, career development, User-centered system design, Business communication",open_library_api,
Mobile First,Mobile First,Luke Wroblewski,3.3333333,3,https://covers.openlibrary.org/b/id/6958462-L.jpg,https://openlibrary.org/works/OL16226039W,130,"Mobile computing, Programming, Application software, Development, Web sites",open_library_api,"*""Our industry’s long wait for the complete, strategic guide to mobile web design is finally over. Former Yahoo! design architect and co-creator of Bagcheck Luke Wroblewski knows more about mobile experience than the rest of us, and packs all he knows into this entertaining, to-the-point guidebook. Its data-driven strategies and battle tested techniques will make you a master of mobile—and improve your non-mobile design, too!""* - [A Book Apart][1]


  [1]: http://www.abookapart.com/products/mobile-first"
Foundations of Semantic Web technologies,Foundations of Semantic Web technologies,Pascal Hitzler,3.0,1,https://covers.openlibrary.org/b/id/12686304-L.jpg,https://openlibrary.org/works/OL18692957W,456,"Semantic Web, Web site development, Web sites, design, Computers &amp; the internet, Database management",open_library_api,
Website Design and Development,Website Design and Development,George Plumley,0.0,0,https://covers.openlibrary.org/b/id/8733991-L.jpg,https://openlibrary.org/works/OL16944749W,360,"Web site development, Web sites, Design, Web sites, design",open_library_api,"Covers the details of creating a Web site, with information on finding a host, creating content, design and layout, marketing, and security."
Progressive Web Apps,Progressive Web Apps,Dean Alan Hume,0.0,0,https://covers.openlibrary.org/b/id/8508997-L.jpg,https://openlibrary.org/works/OL19542942W,200,Web site development,open_library_api,
An introduction to Web design and programming,An introduction to Web design and programming,Paul S. Wang,0.0,0,https://covers.openlibrary.org/b/id/6894281-L.jpg,https://openlibrary.org/works/OL1905945W,572,"Textbooks, Web sites, Web site development, Design",open_library_api,
Content management bible,Content management bible,Bob Boiko,0.0,0,https://covers.openlibrary.org/b/id/522617-L.jpg,https://openlibrary.org/works/OL5716435W,1122,"Collection management (Libraries), Computer Technology, Computer network resources, Database management, Design",open_library_api,"Written by one of the leading experts in content management systems (CMS), this newly revised bestseller guides readers through the confusing-and often intimidating-task of building, implementing, running, and managing a CMS  Updated to cover recent developments in online delivery systems, as well as XML and related technologies  Reflects valuable input from CMS users who attended the author's workshops, conferences, and courses  An essential reference showing anyone involved in information delivery systems how to plan and implement a system that can handle large amounts of information and help achieve an organization's overall goals"
Getting Real,Getting Real,37 Signals,4.5,2,https://covers.openlibrary.org/b/id/10653467-L.jpg,https://openlibrary.org/works/OL24207590W,0,"Web sites, design, Application software, development, Internet programming, Web site development",open_library_api,
Developing Web Applications,Developing Web Applications,Ralph Moseley,0.0,0,https://covers.openlibrary.org/b/id/1238097-L.jpg,https://openlibrary.org/works/OL8204139W,410,"Web services, Application software, development, Web site development, Application software, Development",open_library_api,
Cascading Style Sheets,Cascading Style Sheets,Eric A. Meyer,4.0,2,https://covers.openlibrary.org/b/id/805880-L.jpg,https://openlibrary.org/works/OL4039767W,528,"Computer graphics, Cascading style sheets, Web sites, HTML (Document markup language), Design",open_library_api,Behandelt CSS2 & CSS2.1
The Art of Seo,The Art of Seo,Eric Enge,4.5,2,https://covers.openlibrary.org/b/id/8619642-L.jpg,https://openlibrary.org/works/OL15910386W,688,"Program transformation (Computer programming), Internet marketing, Web sites, Web site development, Design",open_library_api,"""Four of the most noted experts in the field of search engine optimization (SEO) provide you with proven guidelines and cutting-edge techniques for planning and executing a comprehensive SEO strategy. In this book, you will explore the underlying theory behind SEO and how search engines work, learn the steps you need to prepare for, execute, and evaluate SEO initiatives, examine a number of advanced strategies and tactics, understand the intricacies involved in managing complex SEO projects, learn what's necessary to build a competent SEO team with defined roles  and glimpse the future of search and what lies ahead for the SEO industry.""--Publisher's description."
Elasticsearch,Elasticsearch,Clinton Gormley,0.0,0,https://covers.openlibrary.org/b/id/8513370-L.jpg,https://openlibrary.org/works/OL19547240W,724,"Computer software, development, Search engines, Application software, Development, Web sites",open_library_api,A Distributed Real-Time Search and Analytics Engine
How To Design Websites,How To Design Websites,Alan Pipes,0.0,0,https://covers.openlibrary.org/b/id/7716021-L.jpg,https://openlibrary.org/works/OL17507140W,0,"Design, Web sites, COMPUTERS, Web site development, General",open_library_api,
Modern Web Development,Modern Web Development,Dino Esposito,0.0,0,https://covers.openlibrary.org/b/id/12420655-L.jpg,https://openlibrary.org/works/OL21572859W,432,Web site development,open_library_api,
Flask Framework Cookbook,Flask Framework Cookbook,Shalabh Aggarwal,0.0,0,https://covers.openlibrary.org/b/id/11316138-L.jpg,https://openlibrary.org/works/OL24636257W,302,"Application software, Development, Web applications",open_library_api,
"Build Your Own Website: A Comic Guide to HTML, CSS, and WordPress","Build Your Own Website: A Comic Guide to HTML, CSS, and WordPress",Nate Cooper,0.0,0,https://covers.openlibrary.org/b/id/8513401-L.jpg,https://openlibrary.org/works/OL19547266W,264,"Humor, Web sites, Design, Web site development, Comics & graphic novels, nonfiction, general",open_library_api,
"Fundamentals of Web Development, Global Edition","Fundamentals of Web Development, Global Edition",Ricardo Hoar (author) Randy Connolly (author),0.0,0,https://covers.openlibrary.org/b/id/8510093-L.jpg,https://openlibrary.org/works/OL19543634W,1024,Web site development,open_library_api,
Running lean,Running lean,Ash Maurya,4.5,4,https://covers.openlibrary.org/b/id/8122897-L.jpg,https://openlibrary.org/works/OL16605567W,207,"New business enterprises, Business planning, Entrepreneurship, Electronic commerce, Web site development",open_library_api,
Create Your Own Website Using Wordpress In A Weekend,Create Your Own Website Using Wordpress In A Weekend,Alannah Moore,0.0,0,https://covers.openlibrary.org/b/id/7529467-L.jpg,https://openlibrary.org/works/OL17413395W,160,"Web site development, WordPress (Electronic resource), Authoring programs, Web sites",open_library_api,
REST in Practice,REST in Practice,Jim Webber,3.0,1,https://covers.openlibrary.org/b/id/6671533-L.jpg,https://openlibrary.org/works/OL15528265W,448,"Web Series, Web Development, REST, HTTP, Web site development",open_library_api,
Web 3.0 startups,Web 3.0 startups,R. L. Adams,0.0,0,https://covers.openlibrary.org/b/id/12625870-L.jpg,https://openlibrary.org/works/OL27294600W,158,"Semantic Web, Web site development",open_library_api,
Flask Web Development,Flask Web Development,Miguel Grinberg,0.0,0,https://covers.openlibrary.org/b/id/7481281-L.jpg,https://openlibrary.org/works/OL17389190W,316,"Software frameworks, Web applications, Application software, Development, Python (Computer program language)",open_library_api,
HTML5,HTML5,Joseph Lowery,0.0,0,https://covers.openlibrary.org/b/id/10343631-L.jpg,https://openlibrary.org/works/OL16001766W,300,"HTML, HTML5, Web development, HTML (Document markup language)",open_library_api,"Provides information on the elements on HTML, offers code examples, and describes how to build accessible markup to create Web sites."
The Content Code,The Content Code,Mark W. Schaefer,0.0,0,https://covers.openlibrary.org/b/id/10292583-L.jpg,https://openlibrary.org/works/OL20921319W,258,"Web site development, Internet marketing",open_library_api,
Web Hosting and Web Site Development,Web Hosting and Web Site Development,Matthew Drouin,0.0,0,https://covers.openlibrary.org/b/id/1562188-L.jpg,https://openlibrary.org/works/OL8558897W,54,"Vocational guidance, Web site development industry, Web sites, Web site development, Design",open_library_api,
The content strategy toolkit,The content strategy toolkit,Meghan Casey,5.0,1,,https://openlibrary.org/works/OL20045684W,288,"Web site development, Web sites, Management, Design, Content analysis (Communication)",open_library_api,"""In this essential guide, Meghan Casey outlines a step-by-step approach for doing content strategy, from planning and creating your content to delivering and managing it. Armed with this book, you can confidently tackle difficult activities like telling your boss or client what's wrong with their content, getting the budget to do content work, and aligning stakeholders on a common vision. Reading The Content Strategy Toolkit is like having your own personal consulting firm on retainer with a complete array of tools and tips for every challenge you'll face. In this practical and relevant guide, you'll learn how to: Identify problems with your content and persuade your bosses it's worth the time and resources to do it right. Make sense of your business environment and understand your audience. Get stakeholders aligned on business goals and user needs. Set your content strategy and decide how to measure success. Create, maintain, and govern on-strategy content. You'll learn to control your content-and not have it control you""--Amazon.com."
PHP,PHP,Julie C. Meloni,0.0,0,https://covers.openlibrary.org/b/id/6908646-L.jpg,https://openlibrary.org/works/OL16044815W,436,"Development, Web databases, Application software, PHP (Computer program language), Design",open_library_api,
PHP Hacks,PHP Hacks,Jack Herrington,0.0,0,https://covers.openlibrary.org/b/id/389222-L.jpg,https://openlibrary.org/works/OL6085711W,443,"Web sites, Design, PHP (Computer program language), Programming, Web site development",open_library_api,
Algorithms to Live By,Algorithms to Live By,Brian Christian,4.0487804,41,https://covers.openlibrary.org/b/id/8042539-L.jpg,https://openlibrary.org/works/OL17357767W,359,"Human behavior, Problem solving, Mathematics, Computer simulation, Mathematical models",open_library_api,"Algorithms to Live By looks at the simple, precise algorithms that computers use to solve the complex 'human' problems that we face, and discovers what they can tell us about the nature and origin of the mind.

An audiobook version can be found at [here][1]


  [1]: https://archive.org/details/AlgorithmstoLiveBy"
Hello world,Hello world,Hannah Fry,4.0833335,12,https://covers.openlibrary.org/b/id/10567981-L.jpg,https://openlibrary.org/works/OL19761312W,256,"Social aspects, Technology, Moral and ethical aspects, Algorithms, Information technology",open_library_api,"""Hello World takes us on a tour through the good, the bad, and the downright ugly of the algorithms that surround us on a daily basis. Mathematician Hannah Fry reveals their inner workings, showing us how algorithms are written and implemented, and demonstrates the ways in which human bias can literally be written into the code. By weaving in relatable, real world stories with accessible explanations of the underlying mathematics that power algorithms, Hello World helps us to determine their power, expose their limitations, and examine whether they really are improvement on the human systems they replace.""--"
Algorithmics,Algorithmics,David Harel,0.0,0,https://covers.openlibrary.org/b/id/135029-L.jpg,https://openlibrary.org/works/OL1874330W,476,"Computer algorithms, Electronic data processing, Algorithms",open_library_api,This is a very good book I read in the past. I hope to read it again and wish a pdf to read it since my eyesight is too weak to read paper copy.
Algorithms,Algorithms,Robert Sedgewick,4.0,4,https://covers.openlibrary.org/b/id/7992499-L.jpg,https://openlibrary.org/works/OL16116506W,955,"Computer algorithms, Textbooks, Algorithms, Computer programming",open_library_api,
Introduction to the design & analysis of algorithms,Introduction to the design & analysis of algorithms,Anany Levitin,5.0,1,https://covers.openlibrary.org/b/id/136142-L.jpg,https://openlibrary.org/works/OL5840892W,528,"Algorithms, Computer algorithms",open_library_api,my son college sybualls has to verfiy and read and write exam
Data structures and algorithms,Data structures and algorithms,Alfred V. Aho,4.6,5,https://covers.openlibrary.org/b/id/134008-L.jpg,https://openlibrary.org/works/OL3509435W,427,"Algorithmes, Computer algorithms, Algoritmen, Structures de données (Informatique), Datastructuren",open_library_api,
প্রোগ্রামিং কনটেস্ট,প্রোগ্রামিং কনটেস্ট,মোঃ মাহবুবুল হাসান,5.0,2,https://covers.openlibrary.org/b/id/7912050-L.jpg,https://openlibrary.org/works/OL17639679W,276,"programming, algorithm, data stucture",open_library_api,বাংলা ভাষায় ডেটা স্ট্রাকচার ও অ্যালগরিদমের ওপর প্রথম বই।
Weapons of Math Destruction,Weapons of Math Destruction,Cathy O'Neil,3.7105262,38,https://covers.openlibrary.org/b/id/8136557-L.jpg,https://openlibrary.org/works/OL17840708W,278,"math, big data, inequality, democracy, Social indicators",open_library_api,"<strong>A former Wall Street quant sounds an alarm on the mathematical models that pervade modern life — and threaten to rip apart our social fabric</strong>

We live in the age of the algorithm. Increasingly, the decisions that affect our lives—where we go to school, whether we get a car loan, how much we pay for health insurance—are being made not by humans, but by mathematical models. In theory, this should lead to greater fairness: Everyone is judged according to the same rules, and bias is eliminated.

But as Cathy O’Neil reveals in this urgent and necessary book, the opposite is true. The models being used today are opaque, unregulated, and uncontestable, even when they’re wrong. Most troubling, they reinforce discrimination: If a poor student can’t get a loan because a lending model deems him too risky (by virtue of his zip code), he’s then cut off from the kind of education that could pull him out of poverty, and a vicious spiral ensues. Models are propping up the lucky and punishing the downtrodden, creating a “toxic cocktail for democracy.” Welcome to the dark side of Big Data.

Tracing the arc of a person’s life, O’Neil exposes the black box models that shape our future, both as individuals and as a society. These “weapons of math destruction” score teachers and students, sort résumés, grant (or deny) loans, evaluate workers, target voters, set parole, and monitor our health.

O’Neil calls on modelers to take more responsibility for their algorithms and on policy makers to regulate their use. But in the end, it’s up to us to become more savvy about the models that govern our lives. This important book empowers us to ask the tough questions, uncover the truth, and demand change.

— Longlist for National Book Award (Non-Fiction)
— Goodreads, semi-finalist for the 2016 Goodreads Choice Awards (Science and Technology)
— Kirkus, Best Books of 2016
— New York Times, 100 Notable Books of 2016 (Non-Fiction)
— The Guardian, Best Books of 2016
— WBUR’s “On Point,” Best Books of 2016: Staff Picks
— Boston Globe, Best Books of 2016, Non-Fiction"
The algorithm design manual,The algorithm design manual,Steven S. Skiena,4.3333335,6,https://covers.openlibrary.org/b/id/245565-L.jpg,https://openlibrary.org/works/OL2677499W,748,"Computer algorithms, Qa76.9.a43 s55 2008, 005.1",open_library_api,CD-ROM contains: Hypertext version of text -- Source code and URLs for all cited implementations -- Audio lectures on design and analysis of algorithms.
