title,raw_title,author,avg_rating,ratings_count,cover_url,details_url,page_count,genres,description,source,combined_text,cluster
প্রোগ্রামিং কনটেস্ট,প্রোগ্রামিং কনটেস্ট,মোঃ মাহবুবুল হাসান,5.0,2,https://covers.openlibrary.org/b/id/7912050-L.jpg,https://openlibrary.org/works/OL17639679W,276,"programming, algorithm, data stucture",বাংলা ভাষায় ডেটা স্ট্রাকচার ও অ্যালগরিদমের ওপর প্রথম বই।,open_library_api,"programming, algorithm, data stucture programming, algorithm, data stucture বাংলা ভাষায় ডেটা স্ট্রাকচার ও অ্যালগরিদমের ওপর প্রথম বই।",8
Coding Javascript Basics,Coding Javascript Basics,Adam Crute,5.0,1,https://covers.openlibrary.org/b/id/11006867-L.jpg,https://openlibrary.org/works/OL21104069W,128,"Javascript (computer program language), JavaScript (Computer program language)",No description available.,open_library_api,"Javascript (computer program language), JavaScript (Computer program language) Javascript (computer program language), JavaScript (Computer program language) No description available.",1
Learning Angular,Learning Angular,Aristeidis Bampakos,5.0,1,https://covers.openlibrary.org/b/id/13876480-L.jpg,https://openlibrary.org/works/OL27082711W,466,"Internet programming, Javascript (computer program language)",No description available.,open_library_api,"Internet programming, Javascript (computer program language) Internet programming, Javascript (computer program language) No description available.",1
Secrets of the JavaScript Ninja,Secrets of the JavaScript Ninja,John Resig,5.0,1,https://covers.openlibrary.org/b/id/8511696-L.jpg,https://openlibrary.org/works/OL19545500W,464,"JavaScript (Computer program language), Javascript (computer program language)",No description available.,open_library_api,"JavaScript (Computer program language), Javascript (computer program language) JavaScript (Computer program language), Javascript (computer program language) No description available.",1
A discipline for software engineering,A discipline for software engineering,Watts S. Humphrey,5.0,1,https://covers.openlibrary.org/b/id/135146-L.jpg,https://openlibrary.org/works/OL3290287W,789,"Software engineering, Qa76.758 .h857 1995, 005.1","This new work from Watts Humphrey, author of the influential book, Managing the Software Process, broadens his orderly view of software process management, and lays the foundation for a disciplined approach to software engineering. In his earlier book, the author developed concrete methods for managing software development and maintenance.

These methods, now commonly practiced in industry, provide programmers and managers with specific steps they can take to evaluate and improve their software capabilities. In this new book, Humphrey scales those methods down to a personal level, helping software engineers develop the skills and habits needed to plan, track, and analyze large, complex projects.

.

Humphrey and others have used material from this book to train professionals and students around the world in a projects-oriented software engineering course. First establishing the need for discipline in software engineering, and the benefits to practitioners of learning how to manage their personal software process, Humphrey then develops a model that they can use to monitor, test, and improve their work.

Examples drawn from industry enhance the practical focus of the book, while project exercises give readers the opportunity to practice software process management as they learn it. Features: presents concepts and methods for a disciplined software engineering process; scales down industrial practices for planning, tracking, analysis, and defect management to fit the needs of small-scale program development; and shows how small project disciplines provide a solid base for larger projects.",open_library_api,"Software engineering, Qa76.758 .h857 1995, 005.1 Software engineering, Qa76.758 .h857 1995, 005.1 This new work from Watts Humphrey, author of the influential book, Managing the Software Process, broadens his orderly view of software process management, and lays the foundation for a disciplined approach to software engineering. In his earlier book, the author developed concrete methods for managing software development and maintenance.

These methods, now commonly practiced in industry, provide programmers and managers with specific steps they can take to evaluate and improve their software capabilities. In this new book, Humphrey scales those methods down to a personal level, helping software engineers develop the skills and habits needed to plan, track, and analyze large, complex projects.

.

Humphrey and others have used material from this book to train professionals and students around the world in a projects-oriented software engineering course. First establishing the need for discipline in software engineering, and the benefits to practitioners of learning how to manage their personal software process, Humphrey then develops a model that they can use to monitor, test, and improve their work.

Examples drawn from industry enhance the practical focus of the book, while project exercises give readers the opportunity to practice software process management as they learn it. Features: presents concepts and methods for a disciplined software engineering process; scales down industrial practices for planning, tracking, analysis, and defect management to fit the needs of small-scale program development; and shows how small project disciplines provide a solid base for larger projects.",5
Programming Logic and Design,Programming Logic and Design,Joyce Farrell,5.0,1,https://covers.openlibrary.org/b/id/4640333-L.jpg,https://openlibrary.org/works/OL3503669W,603,"Logic programming, Logic design, Programmierung, Software Engineering, Objektorientierte Programmierung",No description available.,open_library_api,"Logic programming, Logic design, Programmierung, Software Engineering, Objektorientierte Programmierung Logic programming, Logic design, Programmierung, Software Engineering, Objektorientierte Programmierung No description available.",5
Readings,Readings,Unknown Author,5.0,5,https://images.unsplash.com/photo-1543002588-bfa74002ed7e?q=80&w=300&auto=format&fit=crop,https://openlibrary.org/works/OL18825181M,437,"Computer algorithms., Data structures (Computer science)",No description available.,open_library_api,"Computer algorithms., Data structures (Computer science) Computer algorithms., Data structures (Computer science) No description available.",8
Invitation to Computer Science,Invitation to Computer Science,G. Michael Schneider,5.0,1,https://covers.openlibrary.org/b/id/8524066-L.jpg,https://openlibrary.org/works/OL1926026W,724,"Computer science, Java (Computer program language), C++ (Computer program language), General Theory of Computing, Computers - General Information",No description available.,open_library_api,"Computer science, Java (Computer program language), C++ (Computer program language), General Theory of Computing, Computers - General Information Computer science, Java (Computer program language), C++ (Computer program language), General Theory of Computing, Computers - General Information No description available.",5
Python,Python,Mark Lutz,5.0,2,https://covers.openlibrary.org/b/id/988215-L.jpg,https://openlibrary.org/works/OL2784127W,158,"Python (Computer program language), Python (Langage de programmation), COMPUTERS, Programming Languages, Python","<p>Python is optimized for quality, productivity, portability, and integration. Hundreds of thousands of Python developers around the world rely on Python for general-purpose tasks, Internet scripting, systems programming, user interfaces, and product customization. Available on all major computing platforms, including commercial versions of Unix, Linux, Windows, and Mac OS X, Python is portable, powerful and remarkable easy to use. With its convenient, quick-reference format, <em>Python Pocket Reference</em>, 3rd Edition is the perfect on-the-job reference. More importantly, it's now been refreshed to cover the language's latest release, Python 2.4. For experienced Python developers, this book is a compact toolbox that delivers need-to-know information at the flip of a page. This third edition also includes an easy-lookup index to help developers find answers fast! Python 2.4 is more than just optimization and library enhancements; it's also chock full of bug fixes and upgrades. And these changes are addressed in the <em>Python Pocket Reference</em>, 3rd Edition. New language features, new and upgraded built-ins, and new and upgraded modules and packages—they're all clarified in detail. The <em>Python Pocket Reference</em>, 3rd Edition serves as the perfect companion to <em><a href=""/works/OL2784125W/"">Learning Python</a></em>
and <em>Programming Python</em>.</p>

<h2>Revision History</h2>
<dl>
<dt>October 1998</dt><dd>First Edition</dd> 
<dt>January 2002</dt><dd>Second Edition</dd> 
<dt>February 2005</dt><dd>Third Edition</dd> 
<dt>October 2009</dt><dd>Fourth Edition</dd> 
<dt></dt><dd>5th Edition</dd> 
<dt>2014-01-17</dt><dd>First release</dd> 
<dt>2014-02-14</dt><dd>Second release</dd> 
<dt>2015-02-06</dt><dd>Third release</dd> 
<dt>2018-08-10</dt><dd>Fourth release</dd>
<dt>2018-11-21</dt><dd>Fifth release</dd>
</dl>",open_library_api,"Python (Computer program language), Python (Langage de programmation), COMPUTERS, Programming Languages, Python Python (Computer program language), Python (Langage de programmation), COMPUTERS, Programming Languages, Python <p>Python is optimized for quality, productivity, portability, and integration. Hundreds of thousands of Python developers around the world rely on Python for general-purpose tasks, Internet scripting, systems programming, user interfaces, and product customization. Available on all major computing platforms, including commercial versions of Unix, Linux, Windows, and Mac OS X, Python is portable, powerful and remarkable easy to use. With its convenient, quick-reference format, <em>Python Pocket Reference</em>, 3rd Edition is the perfect on-the-job reference. More importantly, it's now been refreshed to cover the language's latest release, Python 2.4. For experienced Python developers, this book is a compact toolbox that delivers need-to-know information at the flip of a page. This third edition also includes an easy-lookup index to help developers find answers fast! Python 2.4 is more than just optimization and library enhancements; it's also chock full of bug fixes and upgrades. And these changes are addressed in the <em>Python Pocket Reference</em>, 3rd Edition. New language features, new and upgraded built-ins, and new and upgraded modules and packages—they're all clarified in detail. The <em>Python Pocket Reference</em>, 3rd Edition serves as the perfect companion to <em><a href=""/works/OL2784125W/"">Learning Python</a></em>
and <em>Programming Python</em>.</p>

<h2>Revision History</h2>
<dl>
<dt>October 1998</dt><dd>First Edition</dd> 
<dt>January 2002</dt><dd>Second Edition</dd> 
<dt>February 2005</dt><dd>Third Edition</dd> 
<dt>October 2009</dt><dd>Fourth Edition</dd> 
<dt></dt><dd>5th Edition</dd> 
<dt>2014-01-17</dt><dd>First release</dd> 
<dt>2014-02-14</dt><dd>Second release</dd> 
<dt>2015-02-06</dt><dd>Third release</dd> 
<dt>2018-08-10</dt><dd>Fourth release</dd>
<dt>2018-11-21</dt><dd>Fifth release</dd>
</dl>",8
"Python, The Complete Reference","Python, The Complete Reference",Martin C. Brown,5.0,1,https://covers.openlibrary.org/b/id/61313-L.jpg,https://openlibrary.org/works/OL725930W,1200,"Programming languages (Electronic computers), Python (computer program language)",No description available.,open_library_api,"Programming languages (Electronic computers), Python (computer program language) Programming languages (Electronic computers), Python (computer program language) No description available.",6
Java how to program--early objects,Java how to program--early objects,Paul J. Deitel,5.0,1,https://covers.openlibrary.org/b/id/15111749-L.jpg,https://openlibrary.org/works/OL19543270W,1250,"Java (computer program language), Computer programming, Object-oriented programming (computer science), Object-oriented programming (Computer science)",No description available.,open_library_api,"Java (computer program language), Computer programming, Object-oriented programming (computer science), Object-oriented programming (Computer science) Java (computer program language), Computer programming, Object-oriented programming (computer science), Object-oriented programming (Computer science) No description available.",6
Beginning programming for dummies,Beginning programming for dummies,Wallace Wang,5.0,1,https://covers.openlibrary.org/b/id/520470-L.jpg,https://openlibrary.org/works/OL58316W,408,"Computer programming, QBasic (Computer program language), Computer Technology, Nonfiction, Computer programs","Discover the latest programming tips and techniquesStart writing programs for Windows, Linux, Macintosh, Palms, and PocketPCsReady to take control of your computer by writing your own programs? Mixing concepts with humor, author Wallace Wang shows you how to begin programming as simply and quickly as possible. In no time, you'll find out how to create and debug programs in Liberty BASIC, use algorithms, build interactive Web pages, and more!All this on the bonus CD-ROM Liberty BASIC and other compilers All the examples and code from the book IBM Robocode V1.0.6 JBuilder 9 Personal, C# Builder Personal, and Kylix Enterprise TrialSee the ""About the CD-ROM"" appendix for details and complete system requirements.Discover how to: Choose the best programming language for your project Work with data structures Install and use Liberty BASIC Create interactive Web sites  Program multiple platform devicesNote: CD-ROM/DVD and other supplementary materials are not included.",open_library_api,"Computer programming, QBasic (Computer program language), Computer Technology, Nonfiction, Computer programs Computer programming, QBasic (Computer program language), Computer Technology, Nonfiction, Computer programs Discover the latest programming tips and techniquesStart writing programs for Windows, Linux, Macintosh, Palms, and PocketPCsReady to take control of your computer by writing your own programs? Mixing concepts with humor, author Wallace Wang shows you how to begin programming as simply and quickly as possible. In no time, you'll find out how to create and debug programs in Liberty BASIC, use algorithms, build interactive Web pages, and more!All this on the bonus CD-ROM Liberty BASIC and other compilers All the examples and code from the book IBM Robocode V1.0.6 JBuilder 9 Personal, C# Builder Personal, and Kylix Enterprise TrialSee the ""About the CD-ROM"" appendix for details and complete system requirements.Discover how to: Choose the best programming language for your project Work with data structures Install and use Liberty BASIC Create interactive Web sites  Program multiple platform devicesNote: CD-ROM/DVD and other supplementary materials are not included.",8
 Fundamentals of Data Structures in C++ 2nd Edition, Fundamentals of Data Structures in C++ 2nd Edition,Ellis Horowitz,5.0,3,https://covers.openlibrary.org/b/id/1672674-L.jpg,https://openlibrary.org/works/OL17362575W,694,"C++ (Computer program language), Data structures (Computer science), Programming Languages - General, Computer Books: Languages, Computers",No description available.,open_library_api,"C++ (Computer program language), Data structures (Computer science), Programming Languages - General, Computer Books: Languages, Computers C++ (Computer program language), Data structures (Computer science), Programming Languages - General, Computer Books: Languages, Computers No description available.",5
Fluent Python,Fluent Python,Luciano Ramalho,5.0,5,https://covers.openlibrary.org/b/id/8743408-L.jpg,https://openlibrary.org/works/OL19932156W,821,"Python (Computer program language), Computer programming, Object-oriented programming languages, Object-oriented programming (computer science), Python (computer program language)",No description available.,open_library_api,"Python (Computer program language), Computer programming, Object-oriented programming languages, Object-oriented programming (computer science), Python (computer program language) Python (Computer program language), Computer programming, Object-oriented programming languages, Object-oriented programming (computer science), Python (computer program language) No description available.",5
C programming,C programming,K. N. King,5.0,5,https://covers.openlibrary.org/b/id/252635-L.jpg,https://openlibrary.org/works/OL3233592W,832,"C (Computer program language), Computer programming",No description available.,open_library_api,"C (Computer program language), Computer programming C (Computer program language), Computer programming No description available.",5
Learn to Program using Lazarus,Learn to Program using Lazarus,Howard Page-Clark,5.0,1,https://covers.openlibrary.org/b/id/7248467-L.jpg,https://openlibrary.org/works/OL16799439W,255,"Software development, Pascal (programming language), Object Pascal, Free Pascal, Cross-platform development",No description available.,open_library_api,"Software development, Pascal (programming language), Object Pascal, Free Pascal, Cross-platform development Software development, Pascal (programming language), Object Pascal, Free Pascal, Cross-platform development No description available.",8
Usability engineering,Usability engineering,Jakob Nielsen,5.0,2,https://covers.openlibrary.org/b/id/80225-L.jpg,https://openlibrary.org/works/OL3522752W,358,"Development, User interfaces (Computer systems), Computer software, Computer software, development",No description available.,open_library_api,"Development, User interfaces (Computer systems), Computer software, Computer software, development Development, User interfaces (Computer systems), Computer software, Computer software, development No description available.",0
Implementing lean software development,Implementing lean software development,Mary Poppendieck,5.0,1,https://covers.openlibrary.org/b/id/11951086-L.jpg,https://openlibrary.org/works/OL9188183W,304,"Development, Production management, Computer software, Computer software, development",No description available.,open_library_api,"Development, Production management, Computer software, Computer software, development Development, Production management, Computer software, Computer software, development No description available.",0
Free Pascal,Free Pascal,Michaël van Canneyt,5.0,1,https://covers.openlibrary.org/b/id/7248465-L.jpg,https://openlibrary.org/works/OL16799438W,762,"Software development, Pascal (programming language), Object Pascal, Free Pascal, Cross-platform development",No description available.,open_library_api,"Software development, Pascal (programming language), Object Pascal, Free Pascal, Cross-platform development Software development, Pascal (programming language), Object Pascal, Free Pascal, Cross-platform development No description available.",5
Secure software design,Secure software design,Theodor Richardson,5.0,1,https://covers.openlibrary.org/b/id/13496024-L.jpg,https://openlibrary.org/works/OL16190903W,412,"Development, Computer security, Computer software, Computer software, development",No description available.,open_library_api,"Development, Computer security, Computer software, Computer software, development Development, Computer security, Computer software, Computer software, development No description available.",0
Android Programming,Android Programming,Bill Phillips,5.0,1,https://covers.openlibrary.org/b/id/7370198-L.jpg,https://openlibrary.org/works/OL17202810W,624,"Development, Application software, Android (Electronic resource), Android (electronic resource), Application software, development","These are the droids you're looking for. With our Android programming guide, based on our Android Fundamentals development bootcamp, you can hit the ground running on Android app development. This guide leads you through the wilderness using hands-on example apps, combined with clear explanations of key concepts and APIs. You will need Java expertise before you begin reading. Our top-notch Android instructors have put together a guide that focuses on practical techniques for developing apps compatible with Android 4.1 (Jelly Bean) through Android 5.1 (Lollipop) and beyond, including coverage of material design. Write and run code every step of the way, using Android Studio to create apps that integrate with other apps, download and display pictures from the web, play sounds, and more. Each chapter and app has been designed and tested to provide the knowledge and experience you need to get started in Android development. - Publisher.",open_library_api,"Development, Application software, Android (Electronic resource), Android (electronic resource), Application software, development Development, Application software, Android (Electronic resource), Android (electronic resource), Application software, development These are the droids you're looking for. With our Android programming guide, based on our Android Fundamentals development bootcamp, you can hit the ground running on Android app development. This guide leads you through the wilderness using hands-on example apps, combined with clear explanations of key concepts and APIs. You will need Java expertise before you begin reading. Our top-notch Android instructors have put together a guide that focuses on practical techniques for developing apps compatible with Android 4.1 (Jelly Bean) through Android 5.1 (Lollipop) and beyond, including coverage of material design. Write and run code every step of the way, using Android Studio to create apps that integrate with other apps, download and display pictures from the web, play sounds, and more. Each chapter and app has been designed and tested to provide the knowledge and experience you need to get started in Android development. - Publisher.",5
How to Build a Billion Dollar App,How to Build a Billion Dollar App,George Berkowski,5.0,1,https://covers.openlibrary.org/b/id/8407360-L.jpg,https://openlibrary.org/works/OL19090197W,480,"Development, Application software, Internet software industry, Entrepreneurship, Computer software industry",No description available.,open_library_api,"Development, Application software, Internet software industry, Entrepreneurship, Computer software industry Development, Application software, Internet software industry, Entrepreneurship, Computer software industry No description available.",0
Software Testing,Software Testing,Brian Hambling,5.0,1,https://covers.openlibrary.org/b/id/9472671-L.jpg,https://openlibrary.org/works/OL16944106W,276,"Computer software, Computer software, testing, Study guides, Testing, Examinations",Annotation,open_library_api,"Computer software, Computer software, testing, Study guides, Testing, Examinations Computer software, Computer software, testing, Study guides, Testing, Examinations Annotation",8
Front-End Developer,Front-End Developer,Dominic Myers,5.0,1,https://covers.openlibrary.org/b/id/12884620-L.jpg,https://openlibrary.org/works/OL21638091W,232,"Software Development, Programming, Software Architecture, Front-end Development","Even amazing products can be let down by poor user interfaces. It is the job of front-end developers to make the user-interface (front-end) of software products and websites usable, engaging and attractive. This book covers the role of front-end developer in terms of typical responsibilities, required skills and relevant tools, methods and techniques. Career progression for front-end developers is also discussed, with real life practical examples and code snippets used throughout the book to illustrate the topics.",open_library_api,"Software Development, Programming, Software Architecture, Front-end Development Software Development, Programming, Software Architecture, Front-end Development Even amazing products can be let down by poor user interfaces. It is the job of front-end developers to make the user-interface (front-end) of software products and websites usable, engaging and attractive. This book covers the role of front-end developer in terms of typical responsibilities, required skills and relevant tools, methods and techniques. Career progression for front-end developers is also discussed, with real life practical examples and code snippets used throughout the book to illustrate the topics.",8
Black-box testing,Black-box testing,Boris Beizer,5.0,1,https://covers.openlibrary.org/b/id/300822-L.jpg,https://openlibrary.org/works/OL3523173W,307,"Computer software, Development, Testing, Computer software, development",No description available.,open_library_api,"Computer software, Development, Testing, Computer software, development Computer software, Development, Testing, Computer software, development No description available.",0
Lean Software Development,Lean Software Development,Mary Poppendieck,5.0,2,https://covers.openlibrary.org/b/id/5547795-L.jpg,https://openlibrary.org/works/OL9188185W,222,"Agile software development, Software engineering, Systems management, Software Development, Computers",No description available.,open_library_api,"Agile software development, Software engineering, Systems management, Software Development, Computers Agile software development, Software engineering, Systems management, Software Development, Computers No description available.",0
Agile Project Management For Dummies,Agile Project Management For Dummies,Mark C. Layton,5.0,1,https://covers.openlibrary.org/b/id/7774239-L.jpg,https://openlibrary.org/works/OL17536293W,432,"Development, Agile software development, Management, Software engineering, Computer software",No description available.,open_library_api,"Development, Agile software development, Management, Software engineering, Computer software Development, Agile software development, Management, Software engineering, Computer software No description available.",0
Object-Oriented Software Engineering,Object-Oriented Software Engineering,Ivar Jacobson,5.0,3,https://covers.openlibrary.org/b/id/135140-L.jpg,https://openlibrary.org/works/OL1953422W,524,"Development, Computer software, Object-oriented programming (Computer science), Software engineering",No description available.,open_library_api,"Development, Computer software, Object-oriented programming (Computer science), Software engineering Development, Computer software, Object-oriented programming (Computer science), Software engineering No description available.",0
Designing Data-Intensive Applications,Designing Data-Intensive Applications,Martin Kleppmann,5.0,3,https://covers.openlibrary.org/b/id/8434671-L.jpg,https://openlibrary.org/works/OL19293745W,618,"Development, Web site development, Application software, Database management, Databases","Data is at the center of many challenges in system design today. Difficult issues need to be figured out, such as scalability, consistency, reliability, efficiency, and maintainability. In addition, we have an overwhelming variety of tools, including relational databases, NoSQL datastores, stream or batch processors, and message brokers. What are the right choices for your application? How do you make sense of all these buzzwords?

In this practical and comprehensive guide, author Martin Kleppmann helps you navigate this diverse landscape by examining the pros and cons of various technologies for processing and storing data. Software keeps changing, but the fundamental principles remain the same. With this book, software engineers and architects will learn how to apply those ideas in practice, and how to make full use of data in modern applications.

Peer under the hood of the systems you already use, and learn how to use and operate them more effectively. Make informed decisions by identifying the strengths and weaknesses of different tools. Navigate the trade-offs around consistency, scalability, fault tolerance, and complexity. Understand the distributed systems research upon which modern databases are built. Peek behind the scenes of major online services, and learn from their architectures",open_library_api,"Development, Web site development, Application software, Database management, Databases Development, Web site development, Application software, Database management, Databases Data is at the center of many challenges in system design today. Difficult issues need to be figured out, such as scalability, consistency, reliability, efficiency, and maintainability. In addition, we have an overwhelming variety of tools, including relational databases, NoSQL datastores, stream or batch processors, and message brokers. What are the right choices for your application? How do you make sense of all these buzzwords?

In this practical and comprehensive guide, author Martin Kleppmann helps you navigate this diverse landscape by examining the pros and cons of various technologies for processing and storing data. Software keeps changing, but the fundamental principles remain the same. With this book, software engineers and architects will learn how to apply those ideas in practice, and how to make full use of data in modern applications.

Peer under the hood of the systems you already use, and learn how to use and operate them more effectively. Make informed decisions by identifying the strengths and weaknesses of different tools. Navigate the trade-offs around consistency, scalability, fault tolerance, and complexity. Understand the distributed systems research upon which modern databases are built. Peek behind the scenes of major online services, and learn from their architectures",5
Coding with JavaScript for dummies,Coding with JavaScript for dummies,Chris Minnick,5.0,1,https://covers.openlibrary.org/b/id/12961542-L.jpg,https://openlibrary.org/works/OL20001310W,368,"JavaScript (Computer program language), Javascript (computer program language)",No description available.,open_library_api,"JavaScript (Computer program language), Javascript (computer program language) JavaScript (Computer program language), Javascript (computer program language) No description available.",1
Computer Science With C++ Class,Computer Science With C++ Class,Sumita Arora,5.0,2,https://covers.openlibrary.org/b/id/10865309-L.jpg,https://openlibrary.org/works/OL24341765W,437,"Computer, Program, C++ (Program computer)",No description available.,open_library_api,"Computer, Program, C++ (Program computer) Computer, Program, C++ (Program computer) No description available.",1
Learn Python The Hard Way A Very Simple Introduction To The Terrifyingly Beautiful World Of Computers And Code,Learn Python The Hard Way A Very Simple Introduction To The Terrifyingly Beautiful World Of Computers And Code,Zed Shaw,5.0,1,https://covers.openlibrary.org/b/id/7514688-L.jpg,https://openlibrary.org/works/OL17405916W,320,"Python (Computer program language), Problems, exercises, Computer programming",No description available.,open_library_api,"Python (Computer program language), Problems, exercises, Computer programming Python (Computer program language), Problems, exercises, Computer programming No description available.",1
Hands-On Machine Learning with Scikit-Learn and TensorFlow,Hands-On Machine Learning with Scikit-Learn and TensorFlow,Aurélien Géron,5.0,1,https://covers.openlibrary.org/b/id/8509535-L.jpg,https://openlibrary.org/works/OL19543288W,574,"Artificial intelligence, Machine learning, Python (Computer program language), Apprentissage automatique, Python (Langage de programmation)","xx, 543 pages : 24 cm",open_library_api,"Artificial intelligence, Machine learning, Python (Computer program language), Apprentissage automatique, Python (Langage de programmation) Artificial intelligence, Machine learning, Python (Computer program language), Apprentissage automatique, Python (Langage de programmation) xx, 543 pages : 24 cm",5
Game Programming With Python (Game Development Series),Game Programming With Python (Game Development Series),Sean Riley,5.0,1,https://covers.openlibrary.org/b/id/848279-L.jpg,https://openlibrary.org/works/OL8947739W,488,"Computer games, Programming, Python (Computer program language)",No description available.,open_library_api,"Computer games, Programming, Python (Computer program language) Computer games, Programming, Python (Computer program language) No description available.",1
Foundations of Python network programming,Foundations of Python network programming,John Goerzen,5.0,1,https://covers.openlibrary.org/b/id/861348-L.jpg,https://openlibrary.org/works/OL512984W,388,"Python (Computer program language), Scripting languages (Computer science)",No description available.,open_library_api,"Python (Computer program language), Scripting languages (Computer science) Python (Computer program language), Scripting languages (Computer science) No description available.",1
Python Programming Patterns,Python Programming Patterns,Thomas W. Christopher,5.0,1,https://covers.openlibrary.org/b/id/82943-L.jpg,https://openlibrary.org/works/OL7945591W,400,"Python (computer program language), Python (Computer program language)",No description available.,open_library_api,"Python (computer program language), Python (Computer program language) Python (computer program language), Python (Computer program language) No description available.",1
Big Java,Big Java,Cay S. Horstmann,5.0,1,https://covers.openlibrary.org/b/id/1239523-L.jpg,https://openlibrary.org/works/OL449055W,1232,"Java (Computer program language), Java (Langage de programmation), Java (programmeertaal), Java (computer program language)",No description available.,open_library_api,"Java (Computer program language), Java (Langage de programmation), Java (programmeertaal), Java (computer program language) Java (Computer program language), Java (Langage de programmation), Java (programmeertaal), Java (computer program language) No description available.",6
Python for Kids,Python for Kids,Jason R. Briggs,5.0,1,https://covers.openlibrary.org/b/id/9144057-L.jpg,https://openlibrary.org/works/OL17530235W,319,"Python (language programming), Python (Computer program language), Computer programming, Juvenile literature, Computer software","*Python for Kids* brings Python to life and brings you into the world of programming. For kids aged 10+ (and their parents). The code in this book runs on almost anything: Windows, Mac, Linux, even an OLPC laptop or Raspberry Pi!",open_library_api,"Python (language programming), Python (Computer program language), Computer programming, Juvenile literature, Computer software Python (language programming), Python (Computer program language), Computer programming, Juvenile literature, Computer software *Python for Kids* brings Python to life and brings you into the world of programming. For kids aged 10+ (and their parents). The code in this book runs on almost anything: Windows, Mac, Linux, even an OLPC laptop or Raspberry Pi!",1
Python for Everyone,Python for Everyone,Cay S. Horstmann,5.0,1,https://covers.openlibrary.org/b/id/8509385-L.jpg,https://openlibrary.org/works/OL19543188W,752,"Python (Computer program language), Python (computer program language), Python",No description available.,open_library_api,"Python (Computer program language), Python (computer program language), Python Python (Computer program language), Python (computer program language), Python No description available.",5
Starting Out with Python (4th Edition),Starting Out with Python (4th Edition),Tony Gaddis,5.0,1,https://covers.openlibrary.org/b/id/8508653-L.jpg,https://openlibrary.org/works/OL19542630W,744,"Python (computer program language), Python (Computer program language)",No description available.,open_library_api,"Python (computer program language), Python (Computer program language) Python (computer program language), Python (Computer program language) No description available.",5
Fundamentals of Programming using Java,Fundamentals of Programming using Java,Edward Currie,5.0,1,https://covers.openlibrary.org/b/id/2031875-L.jpg,https://openlibrary.org/works/OL9029736W,264,"Java (computer program language), Computer programming, Java (Computer program language), Computer software, Development",No description available.,open_library_api,"Java (computer program language), Computer programming, Java (Computer program language), Computer software, Development Java (computer program language), Computer programming, Java (Computer program language), Computer software, Development No description available.",1
Java Black Book,Java Black Book,Steven Holzner,5.0,1,https://covers.openlibrary.org/b/id/958580-L.jpg,https://openlibrary.org/works/OL15035953W,1196,"Java (Computer program language), Java 2",No description available.,open_library_api,"Java (Computer program language), Java 2 Java (Computer program language), Java 2 No description available.",6
Programming in JAVA,Programming in JAVA,Sachin Malhotra,5.0,1,https://covers.openlibrary.org/b/id/12697255-L.jpg,https://openlibrary.org/works/OL21234461W,668,"Java (computer program language), Java (Computer program language)",No description available.,open_library_api,"Java (computer program language), Java (Computer program language) Java (computer program language), Java (Computer program language) No description available.",5
Introduction to Python Programming,Introduction to Python Programming,Gowrishankar S,5.0,1,https://images.unsplash.com/photo-1543002588-bfa74002ed7e?q=80&w=300&auto=format&fit=crop,https://openlibrary.org/works/OL25217001W,444,"Python (computer program language), Python (Computer program language), Python (Langage de programmation), COMPUTERS, Programming Languages",No description available.,open_library_api,"Python (computer program language), Python (Computer program language), Python (Langage de programmation), COMPUTERS, Programming Languages Python (computer program language), Python (Computer program language), Python (Langage de programmation), COMPUTERS, Programming Languages No description available.",1
Javanese culture,Javanese culture,Koentjaraningrat,5.0,1,https://images.unsplash.com/photo-1543002588-bfa74002ed7e?q=80&w=300&auto=format&fit=crop,https://openlibrary.org/works/OL338831W,550,"Civilization, Java (indonesia)",No description available.,open_library_api,"Civilization, Java (indonesia) Civilization, Java (indonesia) No description available.",5
How Tomcat Works,How Tomcat Works,"Kurniawan, Budi.",5.0,2,https://covers.openlibrary.org/b/id/1717260-L.jpg,https://openlibrary.org/works/OL9405773M,464,"Java & variants, Programming Languages - Java, Computers, Computers - Languages / Programming, Computer Books: Languages",No description available.,open_library_api,"Java & variants, Programming Languages - Java, Computers, Computers - Languages / Programming, Computer Books: Languages Java & variants, Programming Languages - Java, Computers, Computers - Languages / Programming, Computer Books: Languages No description available.",8
Django for Professionals,Django for Professionals,William S. Vincent,5.0,1,https://covers.openlibrary.org/b/id/9395215-L.jpg,https://openlibrary.org/works/OL20714695W,370,Python web development,Very helping,open_library_api,Python web development Python web development Very helping,8
Python for dummies,Python for dummies,Stef Maruch,5.0,1,https://covers.openlibrary.org/b/id/8712020-L.jpg,https://openlibrary.org/works/OL8232424W,432,"Python (Computer program language), Python (computer program language)",No description available.,open_library_api,"Python (Computer program language), Python (computer program language) Python (Computer program language), Python (computer program language) No description available.",1
Fundamentals of Web Development,Fundamentals of Web Development,Randy Connolly,5.0,1,https://covers.openlibrary.org/b/id/9423191-L.jpg,https://openlibrary.org/works/OL20732060W,1240,Web site development,No description available.,open_library_api,Web site development Web site development No description available.,6
JavaScript for Kids,JavaScript for Kids,Nick Morgan,5.0,1,https://covers.openlibrary.org/b/id/8513514-L.jpg,https://openlibrary.org/works/OL19547340W,336,"Javascript (Computer program language), Computer programming, Computer programming, juvenile literature, Juvenile literature",No description available.,open_library_api,"Javascript (Computer program language), Computer programming, Computer programming, juvenile literature, Juvenile literature Javascript (Computer program language), Computer programming, Computer programming, juvenile literature, Juvenile literature No description available.",8
Introduction to the design & analysis of algorithms,Introduction to the design & analysis of algorithms,Anany Levitin,5.0,1,https://covers.openlibrary.org/b/id/136142-L.jpg,https://openlibrary.org/works/OL5840892W,528,"Algorithms, Computer algorithms",my son college sybualls has to verfiy and read and write exam,open_library_api,"Algorithms, Computer algorithms Algorithms, Computer algorithms my son college sybualls has to verfiy and read and write exam",5
Learning JavaScript Design Pattern,Learning JavaScript Design Pattern,Addy Osmani,5.0,1,https://covers.openlibrary.org/b/id/7262420-L.jpg,https://openlibrary.org/works/OL16807226W,270,"Reusability, JavaScript (Computer program language), Software patterns, Scripting languages (Computer science), Computer software",No description available.,open_library_api,"Reusability, JavaScript (Computer program language), Software patterns, Scripting languages (Computer science), Computer software Reusability, JavaScript (Computer program language), Software patterns, Scripting languages (Computer science), Computer software No description available.",1
Data science from scratch,Data science from scratch,Joel Grus,5.0,1,https://covers.openlibrary.org/b/id/12672936-L.jpg,https://openlibrary.org/works/OL20006690W,330,"Python (Computer program language), Data structures (Computer science), Database management, Mathematics, Data mining",No description available.,open_library_api,"Python (Computer program language), Data structures (Computer science), Database management, Mathematics, Data mining Python (Computer program language), Data structures (Computer science), Database management, Mathematics, Data mining No description available.",8
Game Programming Patterns,Game Programming Patterns,Robert Nystrom,4.8,5,https://covers.openlibrary.org/b/id/8566115-L.jpg,https://openlibrary.org/works/OL19650342W,327,"Computer games, Programming, Computer science","From the author: ""Game Programming Patterns is a collection of patterns I found in games that make code cleaner, easier to understand, and faster.""",open_library_api,"Computer games, Programming, Computer science Computer games, Programming, Computer science From the author: ""Game Programming Patterns is a collection of patterns I found in games that make code cleaner, easier to understand, and faster.""",8
Domain Modeling Made Functional,Domain Modeling Made Functional,Scott Wlaschin,4.8,5,https://covers.openlibrary.org/b/id/8508987-L.jpg,https://openlibrary.org/works/OL19542938W,312,"Software engineering, Programming languages (electronic computers)",No description available.,open_library_api,"Software engineering, Programming languages (electronic computers) Software engineering, Programming languages (electronic computers) No description available.",8
"The Art of Computer Programming, Volumes 1-4A Boxed Set","The Art of Computer Programming, Volumes 1-4A Boxed Set",Donald Ervin Knuth,4.75,237,https://i.gr-assets.com/images/S/compressed.photo.goodreads.com/books/1347464918i/9410434._SX50_.jpg,https://www.goodreads.com/book/show/9410434-the-art-of-computer-programming-volumes-1-4a-boxed-set,437,General,No description available.,goodreads_scraped,General General No description available.,4
Operating Systems: Three Easy Pieces,Operating Systems: Three Easy Pieces,Remzi H. Arpaci-Dusseau,4.7,868,https://i.gr-assets.com/images/S/compressed.photo.goodreads.com/books/1360887934i/17374825._SY75_.jpg,https://www.goodreads.com/book/show/17374825-operating-systems,714,Mathematics,No description available.,goodreads_scraped,Mathematics Mathematics No description available.,5
"Designing Data-Intensive Applications: The Big Ideas Behind Reliable, Scalable, and Maintainable Systems","Designing Data-Intensive Applications: The Big Ideas Behind Reliable, Scalable, and Maintainable Systems",Martin Kleppmann,4.69,10936,https://i.gr-assets.com/images/S/compressed.photo.goodreads.com/books/1501626846i/23466395._SX50_.jpg,https://www.goodreads.com/book/show/23466395-designing-data-intensive-applications,618,"Development, Web site development, Application software, Database management, Databases","Data is at the center of many challenges in system design today. Difficult issues need to be figured out, such as scalability, consistency, reliability, efficiency, and maintainability. In addition, we have an overwhelming variety of tools, including relational databases, NoSQL datastores, stream or batch processors, and message brokers. What are the right choices for your application? How do you make sense of all these buzzwords?

In this practical and comprehensive guide, author Martin Kleppmann helps you navigate this diverse landscape by examining the pros and cons of various technologies for processing and storing data. Software keeps changing, but the fundamental principles remain the same. With this book, software engineers and architects will learn how to apply those ideas in practice, and how to make full use of data in modern applications.

Peer under the hood of the systems you already use, and learn how to use and operate them more effectively. Make informed decisions by identifying the strengths and weaknesses of different tools. Navigate the trade-offs around consistency, scalability, fault tolerance, and complexity. Understand the distributed systems research upon which modern databases are built. Peek behind the scenes of major online services, and learn from their architectures",goodreads_scraped,"Development, Web site development, Application software, Database management, Databases Development, Web site development, Application software, Database management, Databases Data is at the center of many challenges in system design today. Difficult issues need to be figured out, such as scalability, consistency, reliability, efficiency, and maintainability. In addition, we have an overwhelming variety of tools, including relational databases, NoSQL datastores, stream or batch processors, and message brokers. What are the right choices for your application? How do you make sense of all these buzzwords?

In this practical and comprehensive guide, author Martin Kleppmann helps you navigate this diverse landscape by examining the pros and cons of various technologies for processing and storing data. Software keeps changing, but the fundamental principles remain the same. With this book, software engineers and architects will learn how to apply those ideas in practice, and how to make full use of data in modern applications.

Peer under the hood of the systems you already use, and learn how to use and operate them more effectively. Make informed decisions by identifying the strengths and weaknesses of different tools. Navigate the trade-offs around consistency, scalability, fault tolerance, and complexity. Understand the distributed systems research upon which modern databases are built. Peek behind the scenes of major online services, and learn from their architectures",5
This & object prototypes,This & object prototypes,"Simpson, Kyle (JavaScript systems architect)",4.67,3,https://images.unsplash.com/photo-1543002588-bfa74002ed7e?q=80&w=300&auto=format&fit=crop,https://openlibrary.org/works/OL20034683W,158,"JavaScript (Computer program language), Javascript (computer program language), Object-oriented programming (Computer science), Engineering Prototypes",No description available.,open_library_api,"JavaScript (Computer program language), Javascript (computer program language), Object-oriented programming (Computer science), Engineering Prototypes JavaScript (Computer program language), Javascript (computer program language), Object-oriented programming (Computer science), Engineering Prototypes No description available.",1
The Rust Programming Language,The Rust Programming Language,Steve Klabnik,4.67,3,https://covers.openlibrary.org/b/id/8508621-L.jpg,https://openlibrary.org/works/OL19080231W,560,"Rust (Computer programming language), Computer programming, Programming languages (electronic computers)",No description available.,open_library_api,"Rust (Computer programming language), Computer programming, Programming languages (electronic computers) Rust (Computer programming language), Computer programming, Programming languages (electronic computers) No description available.",5
Learn Programming,Learn Programming,Antti Salonen,4.67,3,https://covers.openlibrary.org/b/id/9000406-L.jpg,https://openlibrary.org/works/OL17930014W,465,"Software development, Programming languages, Computer science, Python, SQL","This book is aimed at readers who are interested in software development but have very little to no prior experience.
The book focuses on teaching the core principles around software development. It uses several technologies to this goal (e.g. C, Python, JavaScript, HTML, etc.) but is not a book about the technologies themselves.
The reader will learn the basics (or in some cases more) of various technologies along the way, but the focus is on building a foundation for software development.
The book is your guided tour through the programming jungle, aiming to provide some clarity and build the foundation for software development skills.
The book web site is https://progbook.org/.",open_library_api,"Software development, Programming languages, Computer science, Python, SQL Software development, Programming languages, Computer science, Python, SQL This book is aimed at readers who are interested in software development but have very little to no prior experience.
The book focuses on teaching the core principles around software development. It uses several technologies to this goal (e.g. C, Python, JavaScript, HTML, etc.) but is not a book about the technologies themselves.
The reader will learn the basics (or in some cases more) of various technologies along the way, but the focus is on building a foundation for software development.
The book is your guided tour through the programming jungle, aiming to provide some clarity and build the foundation for software development skills.
The book web site is https://progbook.org/.",0
New Programmers Start Here: An Introduction to Computer Programming Using JavaScript,New Programmers Start Here: An Introduction to Computer Programming Using JavaScript,Jonathan Bartlett,4.67,6,https://i.gr-assets.com/images/S/compressed.photo.goodreads.com/books/1594003224i/28870125._SX50_.jpg,https://www.goodreads.com/book/show/28870125-new-programmers-start-here,437,General,No description available.,goodreads_scraped,General General No description available.,4
The Linux Programming Interface: A Linux and UNIX System Programming Handbook,The Linux Programming Interface: A Linux and UNIX System Programming Handbook,Michael Kerrisk,4.63,725,https://i.gr-assets.com/images/S/compressed.photo.goodreads.com/books/1391032547i/7672214._SX50_.jpg,https://www.goodreads.com/book/show/7672214-the-linux-programming-interface,437,General,No description available.,goodreads_scraped,General General No description available.,4
Functional Programming,Functional Programming (International Computer Science Series),Anthony J. Field,4.62,8,https://i.gr-assets.com/images/S/compressed.photo.goodreads.com/books/1267206507i/4079840._SY75_.jpg,https://www.goodreads.com/book/show/4079840-functional-programming,602,Functional programming (Computer science),No description available.,goodreads_scraped,Functional programming (Computer science) Functional programming (Computer science) No description available.,5
"Fluent Python: Clear, Concise, and Effective Programming","Fluent Python: Clear, Concise, and Effective Programming",Luciano Ramalho,4.61,1820,https://i.gr-assets.com/images/S/compressed.photo.goodreads.com/books/1442848456i/22800567._SX50_.jpg,https://www.goodreads.com/book/show/22800567-fluent-python,821,"Python (Computer program language), Computer programming, Object-oriented programming languages, Object-oriented programming (computer science), Python (computer program language)",No description available.,goodreads_scraped,"Python (Computer program language), Computer programming, Object-oriented programming languages, Object-oriented programming (computer science), Python (computer program language) Python (Computer program language), Computer programming, Object-oriented programming languages, Object-oriented programming (computer science), Python (computer program language) No description available.",5
Data structures and algorithms,Data structures and algorithms,Alfred V. Aho,4.6,5,https://covers.openlibrary.org/b/id/134008-L.jpg,https://openlibrary.org/works/OL3509435W,427,"Algorithmes, Computer algorithms, Algoritmen, Structures de données (Informatique), Datastructuren",No description available.,open_library_api,"Algorithmes, Computer algorithms, Algoritmen, Structures de données (Informatique), Datastructuren Algorithmes, Computer algorithms, Algoritmen, Structures de données (Informatique), Datastructuren No description available.",8
99 Bottles of OOP,99 Bottles of OOP,Sandi Metz,4.55,672,https://i.gr-assets.com/images/S/compressed.photo.goodreads.com/books/1477514056i/31183020._SX50_.jpg,https://www.goodreads.com/book/show/31183020-99-bottles-of-oop,437,General,No description available.,goodreads_scraped,General General No description available.,4
The Elements Of Computing Systems: Building A Modern Computer From First Principles,The Elements Of Computing Systems: Building A Modern Computer From First Principles,Noam Nisan,4.55,978,https://i.gr-assets.com/images/S/compressed.photo.goodreads.com/books/1387737217i/910789._SX50_.jpg,https://www.goodreads.com/book/show/910789.The_Elements_Of_Computing_Systems,437,"Computer Science, Electronic data processing, Electronic digital computers","In the early days of computer science, the interactions of hardware, software, compilers, and operating system were simple enough to allow students to see an overall picture of how computers worked. With the increasing complexity of computer technology and the resulting specialization of knowledge, such clarity is often lost. Unlike other texts that cover only one aspect of the field, The Elements of Computing Systems gives students an integrated and rigorous picture of applied computer science, as its comes to play in the construction of a simple yet powerful computer system.

Indeed, the best way to understand how computers work is to build one from scratch, and this textbook leads students through twelve chapters and projects that gradually build a basic hardware platform and a modern software hierarchy from the ground up. In the process, the students gain hands-on knowledge of hardware architecture, operating systems, programming languages, compilers, data structures, algorithms, and software engineering. Using this constructive approach, the book exposes a significant body of computer science knowledge and demonstrates how theoretical and applied techniques taught in other courses fit into the overall picture.

Designed to support one- or two-semester courses, the book is based on an abstraction-implementation paradigm; each chapter presents a key hardware or software abstraction, a proposed implementation that makes it concrete, and an actual project. The emerging computer system can be built by following the chapters, although this is only one option, since the projects are self-contained and can be done or skipped in any order. All the computer science knowledge necessary for completing the projects is embedded in the book, the only pre-requisite being a programming experience.

The book's web site provides all tools and materials necessary to build all the hardware and software systems described in the text, including two hundred test programs for the twelve projects. The projects and systems can be modified to meet various teaching needs, and all the supplied software is open-source.",goodreads_scraped,"Computer Science, Electronic data processing, Electronic digital computers Computer Science, Electronic data processing, Electronic digital computers In the early days of computer science, the interactions of hardware, software, compilers, and operating system were simple enough to allow students to see an overall picture of how computers worked. With the increasing complexity of computer technology and the resulting specialization of knowledge, such clarity is often lost. Unlike other texts that cover only one aspect of the field, The Elements of Computing Systems gives students an integrated and rigorous picture of applied computer science, as its comes to play in the construction of a simple yet powerful computer system.

Indeed, the best way to understand how computers work is to build one from scratch, and this textbook leads students through twelve chapters and projects that gradually build a basic hardware platform and a modern software hierarchy from the ground up. In the process, the students gain hands-on knowledge of hardware architecture, operating systems, programming languages, compilers, data structures, algorithms, and software engineering. Using this constructive approach, the book exposes a significant body of computer science knowledge and demonstrates how theoretical and applied techniques taught in other courses fit into the overall picture.

Designed to support one- or two-semester courses, the book is based on an abstraction-implementation paradigm; each chapter presents a key hardware or software abstraction, a proposed implementation that makes it concrete, and an actual project. The emerging computer system can be built by following the chapters, although this is only one option, since the projects are self-contained and can be done or skipped in any order. All the computer science knowledge necessary for completing the projects is embedded in the book, the only pre-requisite being a programming experience.

The book's web site provides all tools and materials necessary to build all the hardware and software systems described in the text, including two hundred test programs for the twelve projects. The projects and systems can be modified to meet various teaching needs, and all the supplied software is open-source.",8
Parallel and Concurrent Programming in Haskell: Techniques for Multicore and Multithreaded Programming,Parallel and Concurrent Programming in Haskell: Techniques for Multicore and Multithreaded Programming,Simon Marlow,4.54,169,https://i.gr-assets.com/images/S/compressed.photo.goodreads.com/books/1368811788i/17802513._SX50_.jpg,https://www.goodreads.com/book/show/17802513-parallel-and-concurrent-programming-in-haskell,437,General,No description available.,goodreads_scraped,General General No description available.,4
Cryptonomicon,Cryptonomicon,Neal Stephenson,4.52,33,https://covers.openlibrary.org/b/id/6424001-L.jpg,https://openlibrary.org/works/OL38494W,864,"Fiction, World War, 1939-1945, World War, 1939-1945 in fiction, Data encryption (Computer science), Cryptography","Neal Stephenson hacks into the secret histories of nations and the private obsessions of men, decrypting with dazzling virtuosity the forces that shaped this century.

In 1942, Lawrence Pritchard Waterhouse - mathematical genius and young Captain in the US Navy - is assigned to Detachment 2702. It is an outfit so secret that only a handful of people know it exists, and some of those people have names like Churchill and Roosevelt. The mission of Watrehouse and Detachment 2702 - commanded by Marine Raider Bobby Shaftoe - is to keep the Nazis ignorant of the fact that Allied Intelligence has cracked the enemy's fabled Enigma code. It is a game, a cryptographic chess match between Waterhouse and his German counterpart, translated into action by the gung-ho Shaftoe and his forces. 

Fast-forward to the present, where Waterhouse's crypto-hacker grandson, Randy, is attempting to create a ""data haven"" in Southeast Asia - a place where encrypted data can be stored and exchanged free of repression and scrutiny. As governments and multinationals attack the endeavor, Randy joins forces with Shaftoe's tough-as-nails granddaughter, Amy, to secretly salvage a sunken Nazi submarine that holds the key to keeping the dream of a data haven afloat.

But soon their scheme brings to light a massive conspiracy, with its roots in Detachment 2702, linked to an unbreakable Nazi code called Arethusa. And it will represent the path to unimaginable riches and a future of personal and digital liberty...or to universal totalitarianism reborn. 

A breathtaking tour de force, and Neal Stephenson's most accomplished and affecting work to date, Cryptonomicon is profound and prophetic, hypnotic and hyper-driven, as it leaps forward and back between World War II and the World Wide Web, hinting all the while at a dark day-after-tomorrow. It is a work of great art, thought, and creative daring.",open_library_api,"Fiction, World War, 1939-1945, World War, 1939-1945 in fiction, Data encryption (Computer science), Cryptography Fiction, World War, 1939-1945, World War, 1939-1945 in fiction, Data encryption (Computer science), Cryptography Neal Stephenson hacks into the secret histories of nations and the private obsessions of men, decrypting with dazzling virtuosity the forces that shaped this century.

In 1942, Lawrence Pritchard Waterhouse - mathematical genius and young Captain in the US Navy - is assigned to Detachment 2702. It is an outfit so secret that only a handful of people know it exists, and some of those people have names like Churchill and Roosevelt. The mission of Watrehouse and Detachment 2702 - commanded by Marine Raider Bobby Shaftoe - is to keep the Nazis ignorant of the fact that Allied Intelligence has cracked the enemy's fabled Enigma code. It is a game, a cryptographic chess match between Waterhouse and his German counterpart, translated into action by the gung-ho Shaftoe and his forces. 

Fast-forward to the present, where Waterhouse's crypto-hacker grandson, Randy, is attempting to create a ""data haven"" in Southeast Asia - a place where encrypted data can be stored and exchanged free of repression and scrutiny. As governments and multinationals attack the endeavor, Randy joins forces with Shaftoe's tough-as-nails granddaughter, Amy, to secretly salvage a sunken Nazi submarine that holds the key to keeping the dream of a data haven afloat.

But soon their scheme brings to light a massive conspiracy, with its roots in Detachment 2702, linked to an unbreakable Nazi code called Arethusa. And it will represent the path to unimaginable riches and a future of personal and digital liberty...or to universal totalitarianism reborn. 

A breathtaking tour de force, and Neal Stephenson's most accomplished and affecting work to date, Cryptonomicon is profound and prophetic, hypnotic and hyper-driven, as it leaps forward and back between World War II and the World Wide Web, hinting all the while at a dark day-after-tomorrow. It is a work of great art, thought, and creative daring.",6
Effective Java,Effective Java,Joshua Bloch,4.51,8092,https://i.gr-assets.com/images/S/compressed.photo.goodreads.com/books/1513389229i/34927404._SX50_.jpg,https://www.goodreads.com/book/show/34927404-effective-java,311,"Java (Computer program language), Object-oriented programming (Computer science), Java 2., Java yu yan, Cheng xu she ji",No description available.,goodreads_scraped,"Java (Computer program language), Object-oriented programming (Computer science), Java 2., Java yu yan, Cheng xu she ji Java (Computer program language), Object-oriented programming (Computer science), Java 2., Java yu yan, Cheng xu she ji No description available.",8
Effective Java : Programming Language Guide,Effective Java : Programming Language Guide,Joshua Bloch,4.51,8092,https://i.gr-assets.com/images/S/compressed.photo.goodreads.com/books/1433511045i/105099._SX50_.jpg,https://www.goodreads.com/book/show/105099.Effective_Java_,311,"Java (Computer program language), Object-oriented programming (Computer science), Java 2., Java yu yan, Cheng xu she ji",No description available.,goodreads_scraped,"Java (Computer program language), Object-oriented programming (Computer science), Java 2., Java yu yan, Cheng xu she ji Java (Computer program language), Object-oriented programming (Computer science), Java 2., Java yu yan, Cheng xu she ji No description available.",8
Web Scalability for Startup Engineers,Web Scalability for Startup Engineers,Artur Ejsmont,4.5,347,https://i.gr-assets.com/images/S/compressed.photo.goodreads.com/books/1421011132i/23615147._SX50_.jpg,https://www.goodreads.com/book/show/23615147-web-scalability-for-startup-engineers,396,"Development, Computer networks, Web applications, Application software, Scalability","""Design and build scalable web applications quickly.This is an invaluable roadmap for meeting the rapid demand to deliver scalable applications in a startup environment. With a focus on core concepts and best practices rather than on individual languages, platforms, or technologies, Web Scalability for Startup Engineers describes how infrastructure and software architecture work together to support a scalable environment.You'll learn, step by step, how scalable systems work and how to solve common challenges. Helpful diagrams are included throughout, and real-world examples illustrate the concepts presented. Even if you have limited time and resources, you can successfully develop and deliver robust, scalable web applications with help from this practical guide. Learn the key principles of good software design required for scalable systems. Build the front-end layer to sustain the highest levels of concurrency and request rates. Design and develop web services, including REST-ful APIs. Enable a horizontally scalable data layer. Implement caching best practices. Leverage asynchronous processing, messaging, and event-driven architecture. Structure, index, and store data for optimized search. Explore other aspects of scalability, such as automation, project management, and agile teams""--

""This is an invaluable roadmap for meeting the rapid demand to deliver scalable applications in a startup environment. With a focus on core concepts and best practices rather than on individual languages, platforms, or technologies, Web Scalability for Startup Engineers describes how infrastructure and software architecture work together to support a scalable environment""--",goodreads_scraped,"Development, Computer networks, Web applications, Application software, Scalability Development, Computer networks, Web applications, Application software, Scalability ""Design and build scalable web applications quickly.This is an invaluable roadmap for meeting the rapid demand to deliver scalable applications in a startup environment. With a focus on core concepts and best practices rather than on individual languages, platforms, or technologies, Web Scalability for Startup Engineers describes how infrastructure and software architecture work together to support a scalable environment.You'll learn, step by step, how scalable systems work and how to solve common challenges. Helpful diagrams are included throughout, and real-world examples illustrate the concepts presented. Even if you have limited time and resources, you can successfully develop and deliver robust, scalable web applications with help from this practical guide. Learn the key principles of good software design required for scalable systems. Build the front-end layer to sustain the highest levels of concurrency and request rates. Design and develop web services, including REST-ful APIs. Enable a horizontally scalable data layer. Implement caching best practices. Leverage asynchronous processing, messaging, and event-driven architecture. Structure, index, and store data for optimized search. Explore other aspects of scalability, such as automation, project management, and agile teams""--

""This is an invaluable roadmap for meeting the rapid demand to deliver scalable applications in a startup environment. With a focus on core concepts and best practices rather than on individual languages, platforms, or technologies, Web Scalability for Startup Engineers describes how infrastructure and software architecture work together to support a scalable environment""--",8
High Performance Browser Networking,High Performance Browser Networking,Ilya Grigorik,4.5,859,https://i.gr-assets.com/images/S/compressed.photo.goodreads.com/books/1369754654i/17985198._SX50_.jpg,https://www.goodreads.com/book/show/17985198-high-performance-browser-networking,400,"Computer networks, Application software, Development, Computer network protocols",No description available.,goodreads_scraped,"Computer networks, Application software, Development, Computer network protocols Computer networks, Application software, Development, Computer network protocols No description available.",0
Essential Software Development,Essential Software Development,AppJungle NET LLC,4.5,10,https://i.gr-assets.com/images/S/compressed.photo.goodreads.com/books/1678170934i/123197645._SX50_.jpg,https://www.goodreads.com/book/show/123197645-essential-software-development,437,General,No description available.,goodreads_scraped,General General No description available.,4
"Web API Development with ASP.NET Core 8: Learn techniques, patterns, and tools for building high-performance, robust, and scalable web APIs","Web API Development with ASP.NET Core 8: Learn techniques, patterns, and tools for building high-performance, robust, and scalable web APIs",Xiaodi Yan,4.5,4,https://i.gr-assets.com/images/S/compressed.photo.goodreads.com/books/1719632391i/175426128._SX50_.jpg,https://www.goodreads.com/book/show/175426128-web-api-development-with-asp-net-core-8,804,General,No description available.,goodreads_scraped,General General No description available.,4
Python crash course,Python crash course,Eric Matthes,4.5,4,https://covers.openlibrary.org/b/id/8245395-L.jpg,https://openlibrary.org/works/OL17920482W,543,"Python (Computer program language), Python (computer program language)",No description available.,open_library_api,"Python (Computer program language), Python (computer program language) Python (Computer program language), Python (computer program language) No description available.",1
Introduction to Java Programming,Introduction to Java Programming,Y. Daniel Liang,4.5,2,https://covers.openlibrary.org/b/id/85920-L.jpg,https://openlibrary.org/works/OL114676W,952,"Java (Computer program language), Java (computer program language), Computer programming, Object-oriented programming (Computer science)","For courses in Java - Introduction to Programming and Object-Oriented Programming, this fifth edition is revised and expanded to include more extensive coverage of advanced Java topics. Early chapters guide students through simple examples and exercises.Subsequent chapters progressively present Java programming in detail.",open_library_api,"Java (Computer program language), Java (computer program language), Computer programming, Object-oriented programming (Computer science) Java (Computer program language), Java (computer program language), Computer programming, Object-oriented programming (Computer science) For courses in Java - Introduction to Programming and Object-Oriented Programming, this fifth edition is revised and expanded to include more extensive coverage of advanced Java topics. Early chapters guide students through simple examples and exercises.Subsequent chapters progressively present Java programming in detail.",6
The Art of Seo,The Art of Seo,Eric Enge,4.5,2,https://covers.openlibrary.org/b/id/8619642-L.jpg,https://openlibrary.org/works/OL15910386W,688,"Program transformation (Computer programming), Internet marketing, Web sites, Web site development, Design","""Four of the most noted experts in the field of search engine optimization (SEO) provide you with proven guidelines and cutting-edge techniques for planning and executing a comprehensive SEO strategy. In this book, you will explore the underlying theory behind SEO and how search engines work, learn the steps you need to prepare for, execute, and evaluate SEO initiatives, examine a number of advanced strategies and tactics, understand the intricacies involved in managing complex SEO projects, learn what's necessary to build a competent SEO team with defined roles  and glimpse the future of search and what lies ahead for the SEO industry.""--Publisher's description.",open_library_api,"Program transformation (Computer programming), Internet marketing, Web sites, Web site development, Design Program transformation (Computer programming), Internet marketing, Web sites, Web site development, Design ""Four of the most noted experts in the field of search engine optimization (SEO) provide you with proven guidelines and cutting-edge techniques for planning and executing a comprehensive SEO strategy. In this book, you will explore the underlying theory behind SEO and how search engines work, learn the steps you need to prepare for, execute, and evaluate SEO initiatives, examine a number of advanced strategies and tactics, understand the intricacies involved in managing complex SEO projects, learn what's necessary to build a competent SEO team with defined roles  and glimpse the future of search and what lies ahead for the SEO industry.""--Publisher's description.",5
Getting Real,Getting Real,37 Signals,4.5,2,https://covers.openlibrary.org/b/id/10653467-L.jpg,https://openlibrary.org/works/OL24207590W,437,"Web sites, design, Application software, development, Internet programming, Web site development",No description available.,open_library_api,"Web sites, design, Application software, development, Internet programming, Web site development Web sites, design, Application software, development, Internet programming, Web site development No description available.",0
Agile estimating and planning,Agile estimating and planning,Mike Cohn,4.5,2,https://covers.openlibrary.org/b/id/87586-L.jpg,https://openlibrary.org/works/OL2760486W,345,"Development, Computer software, Agile software development, Computer software, development",No description available.,open_library_api,"Development, Computer software, Agile software development, Computer software, development Development, Computer software, Agile software development, Computer software, development No description available.",0
Version control with Git,Version control with Git,Jon Loeliger,4.5,2,https://covers.openlibrary.org/b/id/6755148-L.jpg,https://openlibrary.org/works/OL15522481W,436,"Software engineering, Open source software, Git (Computer file), Computer software, Git <Software>","Version Control with Git takes you step-by-step through ways to track, merge, and manage software projects, using this highly flexible, open source version control system. Git permits virtually an infinite variety of methods for development and collaboration. Created by Linus Torvalds to manage development of the Linux kernel, it's become the principal tool for distributed version control. But Git's flexibility also means that some users don't understand how to use it to their best advantage. Version Control with Git offers tutorials on the most effective ways to use it, as well as friendly yet rigorous advice to help you navigate Git's many functions. With this book, you will: Learn how to use Git in several real-world development environments; Gain insight into Git's common-use cases, initial tasks, and basic functions; Understand how to use Git for both centralized and distributed version control; Use Git to manage patches, diffs, merges, and conflicts; Acquire advanced techniques such as rebasing, hooks, and ways to handle submodules (subprojects); Learn how to use Git with Subversion. - Publisher.",open_library_api,"Software engineering, Open source software, Git (Computer file), Computer software, Git <Software> Software engineering, Open source software, Git (Computer file), Computer software, Git <Software> Version Control with Git takes you step-by-step through ways to track, merge, and manage software projects, using this highly flexible, open source version control system. Git permits virtually an infinite variety of methods for development and collaboration. Created by Linus Torvalds to manage development of the Linux kernel, it's become the principal tool for distributed version control. But Git's flexibility also means that some users don't understand how to use it to their best advantage. Version Control with Git offers tutorials on the most effective ways to use it, as well as friendly yet rigorous advice to help you navigate Git's many functions. With this book, you will: Learn how to use Git in several real-world development environments; Gain insight into Git's common-use cases, initial tasks, and basic functions; Understand how to use Git for both centralized and distributed version control; Use Git to manage patches, diffs, merges, and conflicts; Acquire advanced techniques such as rebasing, hooks, and ways to handle submodules (subprojects); Learn how to use Git with Subversion. - Publisher.",8
Java Programming,Java Programming,Joyce Farrell,4.5,2,https://covers.openlibrary.org/b/id/5406811-L.jpg,https://openlibrary.org/works/OL3503668W,524,"Java (Computer program language), Java (computer program language)",No description available.,open_library_api,"Java (Computer program language), Java (computer program language) Java (Computer program language), Java (computer program language) No description available.",1
Introduction to Machine Learning with Python,Introduction to Machine Learning with Python,Andreas C. Mueller,4.5,2,https://covers.openlibrary.org/b/id/7435335-L.jpg,https://openlibrary.org/works/OL17357597W,376,"Programming languages (Electronic computers), Python (Computer program language), Data mining, Machine learning, Python (computer program language)",No description available.,open_library_api,"Programming languages (Electronic computers), Python (Computer program language), Data mining, Machine learning, Python (computer program language) Programming languages (Electronic computers), Python (Computer program language), Data mining, Machine learning, Python (computer program language) No description available.",1
Microprocessors and interfacing,Microprocessors and interfacing,Douglas V. Hall,4.5,4,https://covers.openlibrary.org/b/id/9089229-L.jpg,https://openlibrary.org/works/OL4085889W,573,"Computer interfaces, Microprocessors, Programming, Programmation, Micro-ordinateurs","This text focuses on the Intel 8086 family that are used in the IBM PC's and teaches students the programming, system connections, and interfacing of microprocessors and their peripheral devices in detail. Students begin with a brief introduction to computer hardware which leads to an in-depth look at how microprocessor-based computers are programmed to do real tasks. They also cover assembly language programming of 8086-based systems. Throughout the text, the emphasis is on writing assembly language programs in a top-down, structured manner. Included are comparisons between CISC and RISC microcomputer architectures and their trade-offs.",open_library_api,"Computer interfaces, Microprocessors, Programming, Programmation, Micro-ordinateurs Computer interfaces, Microprocessors, Programming, Programmation, Micro-ordinateurs This text focuses on the Intel 8086 family that are used in the IBM PC's and teaches students the programming, system connections, and interfacing of microprocessors and their peripheral devices in detail. Students begin with a brief introduction to computer hardware which leads to an in-depth look at how microprocessor-based computers are programmed to do real tasks. They also cover assembly language programming of 8086-based systems. Throughout the text, the emphasis is on writing assembly language programs in a top-down, structured manner. Included are comparisons between CISC and RISC microcomputer architectures and their trade-offs.",5
xUnit Test Patterns,xUnit Test Patterns,Gerard Meszaros,4.5,2,https://covers.openlibrary.org/b/id/87720-L.jpg,https://openlibrary.org/works/OL7951794W,944,"Computer Technology, Nonfiction, Testing, Software patterns, Computer software","Automated testing is a cornerstone of agile development. An effective testing strategy will deliver new functionality more aggressively, accelerate user feedback, and improve quality. However, for many developers, creating effective automated tests is",open_library_api,"Computer Technology, Nonfiction, Testing, Software patterns, Computer software Computer Technology, Nonfiction, Testing, Software patterns, Computer software Automated testing is a cornerstone of agile development. An effective testing strategy will deliver new functionality more aggressively, accelerate user feedback, and improve quality. However, for many developers, creating effective automated tests is",6
The art of computer programming,The art of computer programming,Donald Knuth,4.5,6,https://covers.openlibrary.org/b/id/136600-L.jpg,https://openlibrary.org/works/OL257263W,653,"Computer programming, Computer algorithms, Electronic digital computers, Programming, Qa76.6 .k64 1997",No description available.,open_library_api,"Computer programming, Computer algorithms, Electronic digital computers, Programming, Qa76.6 .k64 1997 Computer programming, Computer algorithms, Electronic digital computers, Programming, Qa76.6 .k64 1997 No description available.",5
Async & performance,Async & performance,"Simpson, Kyle (JavaScript systems architect)",4.5,2,https://images.unsplash.com/photo-1543002588-bfa74002ed7e?q=80&w=300&auto=format&fit=crop,https://openlibrary.org/works/OL20034586W,280,"Development, Application software, JavaScript (Computer program language), Javascript (computer program language)",No description available.,open_library_api,"Development, Application software, JavaScript (Computer program language), Javascript (computer program language) Development, Application software, JavaScript (Computer program language), Javascript (computer program language) No description available.",1
"The Art of Computer Programming, Volumes 1-3 Boxed Set","The Art of Computer Programming, Volumes 1-3 Boxed Set",Donald Ervin Knuth,4.49,771,https://i.gr-assets.com/images/S/compressed.photo.goodreads.com/books/1348345166i/112239._SX50_.jpg,https://www.goodreads.com/book/show/112239.The_Art_of_Computer_Programming_Volumes_1_3_Boxed_Set,437,General,No description available.,goodreads_scraped,General General No description available.,4
Learn you some Erlang for great good!,Learn you some Erlang for great good!,Fred Hebert,4.49,353,https://i.gr-assets.com/images/S/compressed.photo.goodreads.com/books/1367322047i/6718693._SX50_.jpg,https://www.goodreads.com/book/show/6718693-learn-you-some-erlang-for-great-good,437,"ERLANG (Computer program language), Programming languages (electronic computers)",No description available.,goodreads_scraped,"ERLANG (Computer program language), Programming languages (electronic computers) ERLANG (Computer program language), Programming languages (electronic computers) No description available.",8
"Hello, Startup: A Programmer's Guide to Building Products, Technologies, and Teams","Hello, Startup: A Programmer's Guide to Building Products, Technologies, and Teams",Yevgeniy Brikman,4.49,390,https://i.gr-assets.com/images/S/compressed.photo.goodreads.com/books/1445788782i/26457143._SX50_.jpg,https://www.goodreads.com/book/show/26457143-hello-startup,604,"Computer programming, New business enterprises, Computer programmers, Vocational guidance, Product design",No description available.,goodreads_scraped,"Computer programming, New business enterprises, Computer programmers, Vocational guidance, Product design Computer programming, New business enterprises, Computer programmers, Vocational guidance, Product design No description available.",5
Java Concurrency in Practice,Java Concurrency in Practice,Brian Goetz,4.48,2915,https://i.gr-assets.com/images/S/compressed.photo.goodreads.com/books/1349044077i/127932._SX50_.jpg,https://www.goodreads.com/book/show/127932.Java_Concurrency_in_Practice,408,"java programming language, concurrency, programming, non-fiction, Java (Computer program language)",Développez des programmes concurrents fiables en Java ! Cet ouvrage fournit à la fois les bases théoriques et les techniques concrètes pour construire des applications concurrentes fiables et adaptées aux systèmes actuels et futurs.,goodreads_scraped,"java programming language, concurrency, programming, non-fiction, Java (Computer program language) java programming language, concurrency, programming, non-fiction, Java (Computer program language) Développez des programmes concurrents fiables en Java ! Cet ouvrage fournit à la fois les bases théoriques et les techniques concrètes pour construire des applications concurrentes fiables et adaptées aux systèmes actuels et futurs.",8
Practical Malware Analysis: The Hands-On Guide to Dissecting Malicious Software,Practical Malware Analysis: The Hands-On Guide to Dissecting Malicious Software,Michael Sikorski,4.47,618,https://i.gr-assets.com/images/S/compressed.photo.goodreads.com/books/1344702932i/10677461._SX50_.jpg,https://www.goodreads.com/book/show/10677461-practical-malware-analysis,437,General,No description available.,goodreads_scraped,General General No description available.,4
Structure and Interpretation of Computer Programs,Structure and Interpretation of Computer Programs,Harold Abelson,4.47,4874,https://i.gr-assets.com/images/S/compressed.photo.goodreads.com/books/1347571961i/777411._SX50_.jpg,https://www.goodreads.com/book/show/777411.Structure_and_Interpretation_of_Computer_Programs,542,"Computer programming, LISP (Computer program language), mirror, pdf.yt, Computer science",No description available.,goodreads_scraped,"Computer programming, LISP (Computer program language), mirror, pdf.yt, Computer science Computer programming, LISP (Computer program language), mirror, pdf.yt, Computer science No description available.",5
Computer Systems: A Programmer's Perspective,Computer Systems: A Programmer's Perspective,Randal E. Bryant,4.47,1159,https://i.gr-assets.com/images/S/compressed.photo.goodreads.com/books/1387708094i/829182._SX50_.jpg,https://www.goodreads.com/book/show/829182.Computer_Systems,1079,"Computers, Telecommunication, User interfaces (Computer systems), Computer programming, User interfaces (computer systems)",No description available.,goodreads_scraped,"Computers, Telecommunication, User interfaces (Computer systems), Computer programming, User interfaces (computer systems) Computers, Telecommunication, User interfaces (Computer systems), Computer programming, User interfaces (computer systems) No description available.",6
Clean Code,Clean Code,Robert C. Martin,4.46,41,https://covers.openlibrary.org/b/id/8065615-L.jpg,https://openlibrary.org/works/OL17618370W,444,"Agile software development, Reliability, Computer software, Computer software, development, Coding theory",No description available.,open_library_api,"Agile software development, Reliability, Computer software, Computer software, development, Coding theory Agile software development, Reliability, Computer software, Computer software, development, Coding theory No description available.",0
"Designing for Scalability with Erlang/OTP: Implement Robust, Fault-Tolerant Systems","Designing for Scalability with Erlang/OTP: Implement Robust, Fault-Tolerant Systems",Francesco Cesarini,4.45,82,https://i.gr-assets.com/images/S/compressed.photo.goodreads.com/books/1394994681i/18324312._SX50_.jpg,https://www.goodreads.com/book/show/18324312-designing-for-scalability-with-erlang-otp,437,General,No description available.,goodreads_scraped,General General No description available.,4
The C Programming Language,The C Programming Language,Brian W. Kernighan,4.44,11405,https://i.gr-assets.com/images/S/compressed.photo.goodreads.com/books/1391032531i/515601._SX50_.jpg,https://www.goodreads.com/book/show/515601.The_C_Programming_Language,274,"C (Computer program language), Linguagem De Programacao (Outras), C (programmeertaal), C (Langage de programmation), Computers","Very well known, classic introduction to the C Programming Language. Both a text for learning, a reference, and, to some, the definition of proper C language features and use.",goodreads_scraped,"C (Computer program language), Linguagem De Programacao (Outras), C (programmeertaal), C (Langage de programmation), Computers C (Computer program language), Linguagem De Programacao (Outras), C (programmeertaal), C (Langage de programmation), Computers Very well known, classic introduction to the C Programming Language. Both a text for learning, a reference, and, to some, the definition of proper C language features and use.",8
Structure and Interpretation of Computer Programs (SICP),Structure and Interpretation of Computer Programs (SICP),Harold Abelson,4.44,27,https://covers.openlibrary.org/b/id/149338-L.jpg,https://openlibrary.org/works/OL3267304W,542,"Computer programming, LISP (Computer program language), mirror, pdf.yt, Computer science","> **Wizard Book** n. Hal Abelson's, Jerry Sussman's and Julie Sussman's Structure and Interpretation of Computer Programs (MIT Press, 1984; ISBN 0-262-01077-1), an excellent computer science text used in introductory courses at MIT. So called because of the wizard on the jacket. One of the bibles of the LISP/Scheme world. Also, less commonly, known as the Purple Book.

*from The New Hacker's Dictionary, 2nd edition (MIT Press, 1993)*",open_library_api,"Computer programming, LISP (Computer program language), mirror, pdf.yt, Computer science Computer programming, LISP (Computer program language), mirror, pdf.yt, Computer science > **Wizard Book** n. Hal Abelson's, Jerry Sussman's and Julie Sussman's Structure and Interpretation of Computer Programs (MIT Press, 1984; ISBN 0-262-01077-1), an excellent computer science text used in introductory courses at MIT. So called because of the wizard on the jacket. One of the bibles of the LISP/Scheme world. Also, less commonly, known as the Purple Book.

*from The New Hacker's Dictionary, 2nd edition (MIT Press, 1993)*",5
Algorithms,Algorithms,Robert Sedgewick,4.42,1830,https://i.gr-assets.com/images/S/compressed.photo.goodreads.com/books/1348011905i/10803540._SX50_.jpg,https://www.goodreads.com/book/show/10803540-algorithms,551,"Computer algorithms, Electronic digital computers, Programming, Algorithms, Algorithmes",No description available.,goodreads_scraped,"Computer algorithms, Electronic digital computers, Programming, Algorithms, Algorithmes Computer algorithms, Electronic digital computers, Programming, Algorithms, Algorithmes No description available.",5
Grokking Algorithms An Illustrated Guide For Programmers and Other Curious People,Grokking Algorithms An Illustrated Guide For Programmers and Other Curious People,Aditya Y. Bhargava,4.41,5548,https://i.gr-assets.com/images/S/compressed.photo.goodreads.com/books/1458747997i/22847284._SX50_.jpg,https://www.goodreads.com/book/show/22847284-grokking-algorithms-an-illustrated-guide-for-programmers-and-other-curio,256,"Computer algorithms, Computer programming, Handbooks, manuals, Algorithmus, Programmierung","""Grokking Algorithms is a fully illustrated, friendly guide that teaches you how to apply common algorithms to the practical problems you face every day as a programmer. You'll start with sorting and searching and, as you build up your skills in thinking algorithmically, you'll tackle more complex concerns such as data compression and artificial intelligence. Each carefully presented example includes helpful diagrams and fully annotated code samples in Python.""--Publisher's desription.",goodreads_scraped,"Computer algorithms, Computer programming, Handbooks, manuals, Algorithmus, Programmierung Computer algorithms, Computer programming, Handbooks, manuals, Algorithmus, Programmierung ""Grokking Algorithms is a fully illustrated, friendly guide that teaches you how to apply common algorithms to the practical problems you face every day as a programmer. You'll start with sorting and searching and, as you build up your skills in thinking algorithmically, you'll tackle more complex concerns such as data compression and artificial intelligence. Each carefully presented example includes helpful diagrams and fully annotated code samples in Python.""--Publisher's desription.",8
Designing with web standards,Designing with web standards,Jeffrey Zeldman,4.4,5,https://covers.openlibrary.org/b/id/461827-L.jpg,https://openlibrary.org/works/OL6045343W,432,"web development and design, Web sites, Standards, Design, Coding theory","Best-selling author, designer, and web standards evangelist Jeffrey Zeldman has revisited his classic, industry-shaking guidebook. Updated in collaboration with co-author Ethan Marcotte, this third edition covers improvements and challenges in the changing environment of standards-based design.

Written in the same engaging and witty style, making even the most complex information easy to digest, *Designing with Web Standards* remains your essential guide to creating sites that load faster, reach more users, and cost less to design and maintain.

* Substantially revised—packed with new ideas
* How will HTML5, CSS3, and web fonts change your work?
* Learn new strategies for selling standards
* Change what “IE6 support” means

Dubbed King of Web Standards by Business Week, Jeffrey Zeldman (zeldman.com) was one of the web’s first designers and bloggers. He publishes *A List Apart* “for people who make websites;” runs Happy Cog™, a leading web design studio; and co-founded An Event Apart, The Deck, and The Web Standards Project.

Versatile user experience designer/developer Ethan Marcotte served as a steering committee member of The Web Standards Project, and has worked with clients including *New York Magazine*, Harvard University, and the World Wide Web Consortium (W3C). Books to which he has contributed include *Handcrafted CSS*, *Web Standards Creativity*, and *Professional CSS*. Ethan writes and does technical editing at *A List Apart*, and is a popular educator and conference speaker. He would like to be an unstoppable robot ninja when he grows up (unstoppablerobotninja.com).

“A web designer without a copy of *Designing with Web Standards* is like a carpenter without a level. With this third edition, Zeldman continues to be the voice of clarity; explaining the complex in plain English for the rest of us.” — Dan Cederholm, author, *Bulletproof Web Design* and *Handcrafted CSS*

“Jeffrey Zeldman sits somewhere between ‘guru’ and ‘god’ in this industry—and manages to fold wisdom and wit into a tale about WHAT web standards are, HOW standards-based coding works, and WHY we should care.” — Kelly Goto, author, *Web ReDesign 2.0: Workflow that Works*

“Some books are meant to be read. *Designing with Web Standards* is even more: intended to be highlighted, dogeared, bookmarked, shared, passed around, and evangelized, it goes beyond reading to revolution.” — Liz Danzico, Chair, MFA Interaction Design, School of Visual Arts

“Occasionally (very occasionally) you come across an author who makes you think, ‘This guy is smart! And he makes me feel smarter, because now I finally understand this concept.’” — Steve Krug, author of *Don’t Make Me Think* and *Rocket Surgery Made Easy*",open_library_api,"web development and design, Web sites, Standards, Design, Coding theory web development and design, Web sites, Standards, Design, Coding theory Best-selling author, designer, and web standards evangelist Jeffrey Zeldman has revisited his classic, industry-shaking guidebook. Updated in collaboration with co-author Ethan Marcotte, this third edition covers improvements and challenges in the changing environment of standards-based design.

Written in the same engaging and witty style, making even the most complex information easy to digest, *Designing with Web Standards* remains your essential guide to creating sites that load faster, reach more users, and cost less to design and maintain.

* Substantially revised—packed with new ideas
* How will HTML5, CSS3, and web fonts change your work?
* Learn new strategies for selling standards
* Change what “IE6 support” means

Dubbed King of Web Standards by Business Week, Jeffrey Zeldman (zeldman.com) was one of the web’s first designers and bloggers. He publishes *A List Apart* “for people who make websites;” runs Happy Cog™, a leading web design studio; and co-founded An Event Apart, The Deck, and The Web Standards Project.

Versatile user experience designer/developer Ethan Marcotte served as a steering committee member of The Web Standards Project, and has worked with clients including *New York Magazine*, Harvard University, and the World Wide Web Consortium (W3C). Books to which he has contributed include *Handcrafted CSS*, *Web Standards Creativity*, and *Professional CSS*. Ethan writes and does technical editing at *A List Apart*, and is a popular educator and conference speaker. He would like to be an unstoppable robot ninja when he grows up (unstoppablerobotninja.com).

“A web designer without a copy of *Designing with Web Standards* is like a carpenter without a level. With this third edition, Zeldman continues to be the voice of clarity; explaining the complex in plain English for the rest of us.” — Dan Cederholm, author, *Bulletproof Web Design* and *Handcrafted CSS*

“Jeffrey Zeldman sits somewhere between ‘guru’ and ‘god’ in this industry—and manages to fold wisdom and wit into a tale about WHAT web standards are, HOW standards-based coding works, and WHY we should care.” — Kelly Goto, author, *Web ReDesign 2.0: Workflow that Works*

“Some books are meant to be read. *Designing with Web Standards* is even more: intended to be highlighted, dogeared, bookmarked, shared, passed around, and evangelized, it goes beyond reading to revolution.” — Liz Danzico, Chair, MFA Interaction Design, School of Visual Arts

“Occasionally (very occasionally) you come across an author who makes you think, ‘This guy is smart! And he makes me feel smarter, because now I finally understand this concept.’” — Steve Krug, author of *Don’t Make Me Think* and *Rocket Surgery Made Easy*",8
Code: The Hidden Language of Computer Hardware and Software,Code: The Hidden Language of Computer Hardware and Software,Charles Petzold,4.4,10753,https://i.gr-assets.com/images/S/compressed.photo.goodreads.com/books/1709792682i/44882._SX50_.jpg,https://www.goodreads.com/book/show/44882.Code,393,"Computer programming, Coding theory, Datenverarbeitung, Computers, Hardware",No description available.,goodreads_scraped,"Computer programming, Coding theory, Datenverarbeitung, Computers, Hardware Computer programming, Coding theory, Datenverarbeitung, Computers, Hardware No description available.",8
Head first Java,Head first Java,Kathy Sierra,4.4,10,https://covers.openlibrary.org/b/id/388761-L.jpg,https://openlibrary.org/works/OL5756124W,688,"Java (Computer program language), programming, java, General, Games",Highly acclaimed introductory Java book.,open_library_api,"Java (Computer program language), programming, java, General, Games Java (Computer program language), programming, java, General, Games Highly acclaimed introductory Java book.",5
Effective C++: 55 Specific Ways to Improve Your Programs and Designs,Effective C++: 55 Specific Ways to Improve Your Programs and Designs (Addison-Wesley Professional Computing Series),Scott Meyers,4.4,3360,https://i.gr-assets.com/images/S/compressed.photo.goodreads.com/books/1348261809i/105125._SX50_.jpg,https://www.goodreads.com/book/show/105125.Effective_C_,240,"C++ (Computer program language), C plus plus (computer program language), Object-oriented programming (Computer science), Qa76.73.c153 m48 2005",No description available.,goodreads_scraped,"C++ (Computer program language), C plus plus (computer program language), Object-oriented programming (Computer science), Qa76.73.c153 m48 2005 C++ (Computer program language), C plus plus (computer program language), Object-oriented programming (Computer science), Qa76.73.c153 m48 2005 No description available.",1
Managing Humans,Managing Humans,Michael Lopp,4.4,5,https://covers.openlibrary.org/b/id/1971212-L.jpg,https://openlibrary.org/works/OL8977929W,209,"Management, Humor, Personnel management, Software engineering, Computer programming",No description available.,open_library_api,"Management, Humor, Personnel management, Software engineering, Computer programming Management, Humor, Personnel management, Software engineering, Computer programming No description available.",8
A Common-Sense Guide to Data Structures and Algorithms: Level Up Your Core Programming Skills,A Common-Sense Guide to Data Structures and Algorithms: Level Up Your Core Programming Skills,Jay Wengrow,4.39,608,https://i.gr-assets.com/images/S/compressed.photo.goodreads.com/books/1490789883i/34695800._SX50_.jpg,https://www.goodreads.com/book/show/34695800-a-common-sense-guide-to-data-structures-and-algorithms,222,"Data structures (computer science), Computer algorithms, COMPUTERS, Data Modeling & Design",No description available.,goodreads_scraped,"Data structures (computer science), Computer algorithms, COMPUTERS, Data Modeling & Design Data structures (computer science), Computer algorithms, COMPUTERS, Data Modeling & Design No description available.",8
"The Art of Computer Programming, Volume 1: Fundamental Algorithms","The Art of Computer Programming, Volume 1: Fundamental Algorithms",Donald Ervin Knuth,4.38,1891,https://i.gr-assets.com/images/S/compressed.photo.goodreads.com/books/1388242904i/112247._SX50_.jpg,https://www.goodreads.com/book/show/112247.The_Art_of_Computer_Programming_Volume_1,437,General,No description available.,goodreads_scraped,General General No description available.,4
Effective Ruby: 48 Specific Ways to Write Better Ruby,Effective Ruby: 48 Specific Ways to Write Better Ruby,Peter J. Jones,4.38,69,https://i.gr-assets.com/images/S/compressed.photo.goodreads.com/books/1416775732i/22251128._SX50_.jpg,https://www.goodreads.com/book/show/22251128-effective-ruby,211,"Ruby (Computer program language), Object-oriented programming (Computer science)","If you're an experienced Ruby programmer, Effective Ruby will help you harness Ruby's full power to write more robust, efficient, maintainable, and well-performing code. Drawing on nearly a decade of Ruby experience, Peter J. Jones brings together 48 Ruby best practices, expert tips, and shortcuts -- all supported by realistic code examples. Jones offers practical advice for each major area of Ruby development, from modules to memory to metaprogramming. Throughout, he uncovers little-known idioms, quirks, pitfalls, and intricacies that powerfully impact code behavior and performance. Each item contains specific, actionable, clearly organized guidelines; careful advice; detailed technical arguments; and illuminating code examples. When multiple options exist, Jones shows you how to choose the one that will work best in your situation. Effective Ruby will help you systematically improve your code -- not by blindly following rules, but by thoroughly understanding Ruby programming techniques. Key features of this concise guide include: How to avoid pitfalls associated with Ruby's sometimes surprising idiosyncrasies; What you should know about inheritance hierarchies to successfully use Rails (and other large frameworks); How to use misunderstood methods to do amazingly useful things with collections; Better ways to use exceptions to improve code reliability; Powerful metaprogramming approaches (and techniques to avoid); Practical, efficient testing solutions, including MiniTest Unit and Spec Testing;  How to reliably manage RubyGem dependencies; How to make the most of Ruby's memory management and profiling tools; How to improve code efficiency by understanding the Ruby interpreter's internals. - Publisher.",goodreads_scraped,"Ruby (Computer program language), Object-oriented programming (Computer science) Ruby (Computer program language), Object-oriented programming (Computer science) If you're an experienced Ruby programmer, Effective Ruby will help you harness Ruby's full power to write more robust, efficient, maintainable, and well-performing code. Drawing on nearly a decade of Ruby experience, Peter J. Jones brings together 48 Ruby best practices, expert tips, and shortcuts -- all supported by realistic code examples. Jones offers practical advice for each major area of Ruby development, from modules to memory to metaprogramming. Throughout, he uncovers little-known idioms, quirks, pitfalls, and intricacies that powerfully impact code behavior and performance. Each item contains specific, actionable, clearly organized guidelines; careful advice; detailed technical arguments; and illuminating code examples. When multiple options exist, Jones shows you how to choose the one that will work best in your situation. Effective Ruby will help you systematically improve your code -- not by blindly following rules, but by thoroughly understanding Ruby programming techniques. Key features of this concise guide include: How to avoid pitfalls associated with Ruby's sometimes surprising idiosyncrasies; What you should know about inheritance hierarchies to successfully use Rails (and other large frameworks); How to use misunderstood methods to do amazingly useful things with collections; Better ways to use exceptions to improve code reliability; Powerful metaprogramming approaches (and techniques to avoid); Practical, efficient testing solutions, including MiniTest Unit and Spec Testing;  How to reliably manage RubyGem dependencies; How to make the most of Ruby's memory management and profiling tools; How to improve code efficiency by understanding the Ruby interpreter's internals. - Publisher.",8
The Linux Command Line: A Complete Introduction,The Linux Command Line: A Complete Introduction,William E. Shotts Jr.,4.38,1754,https://i.gr-assets.com/images/S/compressed.photo.goodreads.com/books/1344692678i/11724436._SX50_.jpg,https://www.goodreads.com/book/show/11724436-the-linux-command-line,437,General,No description available.,goodreads_scraped,General General No description available.,4
"The Computational Beauty of Nature: Computer Explorations of Fractals, Chaos, Complex Systems, and Adaptation","The Computational Beauty of Nature: Computer Explorations of Fractals, Chaos, Complex Systems, and Adaptation",Gary William Flake,4.37,268,https://i.gr-assets.com/images/S/compressed.photo.goodreads.com/books/1347507518i/248544._SX50_.jpg,https://www.goodreads.com/book/show/248544.The_Computational_Beauty_of_Nature,514,"System analysis, Computer programming, Electronic digital computers, programming, COMPUTERS, Computer Simulation",No description available.,goodreads_scraped,"System analysis, Computer programming, Electronic digital computers, programming, COMPUTERS, Computer Simulation System analysis, Computer programming, Electronic digital computers, programming, COMPUTERS, Computer Simulation No description available.",5
Automate the Boring Stuff with Python,Automate the Boring Stuff with Python,Al Sweigart,4.36,14,https://covers.openlibrary.org/b/id/7363640-L.jpg,https://openlibrary.org/works/OL17192141W,506,"Python (Computer program language), Computer programming, Programming Languages, COMPUTERS, General","If you've ever spent hours renaming files or updating hundreds of spreadsheet cells, you know how tedious tasks like these can be. But what if you could have your computer do them for you?
In Automate the Boring Stuff with Python, you'll learn how to use Python to write programs that do in minutes what would take you hours to do by hand—no prior programming experience required. Once you've mastered the basics of programming, you'll create Python programs that effortlessly perform useful and impressive feats of automation to:

- Search for text in a file or across multiple files
- Create, update, move, and rename files and folders
- Search the Web and download online content
- Update and format data in Excel spreadsheets of any size
- Split, merge, watermark, and encrypt PDFs
- Send reminder emails and text notifications
- Fill out online forms

Step-by-step instructions walk you through each program, and practice projects at the end of each chapter challenge you to improve those programs and use your newfound skills to automate similar tasks.
Don't spend your time doing work a well-trained monkey could do. Even if you've never written a line of code, you can make your computer do the grunt work. Learn how in Automate the Boring Stuff with Python.[  (Source)][1]


  [1]: http://www.amazon.com/Automate-Boring-Stuff-Python-Programming/dp/1593275994",open_library_api,"Python (Computer program language), Computer programming, Programming Languages, COMPUTERS, General Python (Computer program language), Computer programming, Programming Languages, COMPUTERS, General If you've ever spent hours renaming files or updating hundreds of spreadsheet cells, you know how tedious tasks like these can be. But what if you could have your computer do them for you?
In Automate the Boring Stuff with Python, you'll learn how to use Python to write programs that do in minutes what would take you hours to do by hand—no prior programming experience required. Once you've mastered the basics of programming, you'll create Python programs that effortlessly perform useful and impressive feats of automation to:

- Search for text in a file or across multiple files
- Create, update, move, and rename files and folders
- Search the Web and download online content
- Update and format data in Excel spreadsheets of any size
- Split, merge, watermark, and encrypt PDFs
- Send reminder emails and text notifications
- Fill out online forms

Step-by-step instructions walk you through each program, and practice projects at the end of each chapter challenge you to improve those programs and use your newfound skills to automate similar tasks.
Don't spend your time doing work a well-trained monkey could do. Even if you've never written a line of code, you can make your computer do the grunt work. Learn how in Automate the Boring Stuff with Python.[  (Source)][1]


  [1]: http://www.amazon.com/Automate-Boring-Stuff-Python-Programming/dp/1593275994",5
Scratch 2.0 Programming,Scratch 2.0 Programming,Denis Golikov,4.36,58,https://i.gr-assets.com/images/S/compressed.photo.goodreads.com/books/1423263665i/24855246._SX50_.jpg,https://www.goodreads.com/book/show/24855246-scratch-2-0-programming,437,General,No description available.,goodreads_scraped,General General No description available.,4
Software Tools,Software Tools,Brian W. Kernighan,4.35,111,https://i.gr-assets.com/images/S/compressed.photo.goodreads.com/books/1348572669i/515603._SX50_.jpg,https://www.goodreads.com/book/show/515603.Software_Tools,338,"Programmation structurée, Programmation, FORTRAN, Sortieren, Makroprozessor",No description available.,goodreads_scraped,"Programmation structurée, Programmation, FORTRAN, Sortieren, Makroprozessor Programmation structurée, Programmation, FORTRAN, Sortieren, Makroprozessor No description available.",8
Clean Code: A Handbook of Agile Software Craftsmanship,Clean Code: A Handbook of Agile Software Craftsmanship,Robert C. Martin,4.35,23658,https://i.gr-assets.com/images/S/compressed.photo.goodreads.com/books/1436202607i/3735293._SX50_.jpg,https://www.goodreads.com/book/show/3735293-clean-code,444,"Agile software development, Reliability, Computer software, Computer software, development, Coding theory",No description available.,goodreads_scraped,"Agile software development, Reliability, Computer software, Computer software, development, Coding theory Agile software development, Reliability, Computer software, Computer software, development, Coding theory No description available.",0
The Algorithm Design Manual,The Algorithm Design Manual,Steven S. Skiena,4.35,2690,https://i.gr-assets.com/images/S/compressed.photo.goodreads.com/books/1388183113i/425208._SX50_.jpg,https://www.goodreads.com/book/show/425208.The_Algorithm_Design_Manual,748,"Computer algorithms, Qa76.9.a43 s55 2008, 005.1",CD-ROM contains: Hypertext version of text -- Source code and URLs for all cited implementations -- Audio lectures on design and analysis of algorithms.,goodreads_scraped,"Computer algorithms, Qa76.9.a43 s55 2008, 005.1 Computer algorithms, Qa76.9.a43 s55 2008, 005.1 CD-ROM contains: Hypertext version of text -- Source code and URLs for all cited implementations -- Audio lectures on design and analysis of algorithms.",5
Introduction to Algorithms,Introduction to Algorithms,Thomas H. Cormen,4.35,9368,https://i.gr-assets.com/images/S/compressed.photo.goodreads.com/books/1390459484i/6752187._SX50_.jpg,https://www.goodreads.com/book/show/6752187-introduction-to-algorithms,1292,"Algorithms, Computer algorithms, Computer programming, open_syllabus_project, Programming","This book provides a comprehensive introduction to the modern study of computer algorithms. It presents many algorithms and covers them in considerable depth, yet makes their design and analysis accessible to all levels of readers. We have tried to keep explanations elementary without sacrificing depth of coverage or mathematical rigor. Each chapter presents an algorithm, a design technique, an application area, or a related topic. Algorithms are described in English and in a ""pseudocode"" designed to be readable by anyone who has done a little programming. The book contains over 260 figrues illustrating how the algorithms work. Since we emphasize efficiency as a design criterion, we include careful analyses of the running times of all our algorithms. The text is intended primarily for use in undergraduate or graduate courses in algorithms or data structures. Because it discusses engineering issues in algorithm design, as well as mathematical aspects, it is equally well suited for self-study by technical professionals. --",goodreads_scraped,"Algorithms, Computer algorithms, Computer programming, open_syllabus_project, Programming Algorithms, Computer algorithms, Computer programming, open_syllabus_project, Programming This book provides a comprehensive introduction to the modern study of computer algorithms. It presents many algorithms and covers them in considerable depth, yet makes their design and analysis accessible to all levels of readers. We have tried to keep explanations elementary without sacrificing depth of coverage or mathematical rigor. Each chapter presents an algorithm, a design technique, an application area, or a related topic. Algorithms are described in English and in a ""pseudocode"" designed to be readable by anyone who has done a little programming. The book contains over 260 figrues illustrating how the algorithms work. Since we emphasize efficiency as a design criterion, we include careful analyses of the running times of all our algorithms. The text is intended primarily for use in undergraduate or graduate courses in algorithms or data structures. Because it discusses engineering issues in algorithm design, as well as mathematical aspects, it is equally well suited for self-study by technical professionals. --",6
The Pragmatic Programmer,The Pragmatic Programmer,Andy Hunt,4.35,48,https://covers.openlibrary.org/b/id/10143650-L.jpg,https://openlibrary.org/works/OL5748544W,352,"Computer programming, Vocational education, Projectmanagement, Métodos ágeis, Programmeren (computers)","The Pragmatic Programmer is one of those rare tech audiobooks you’ll listen, re-listen, and listen to again over the years. Whether you’re new to the field or an experienced practitioner, you’ll come away with fresh insights each and every time. 

Dave Thomas and Andy Hunt wrote the first edition of this influential book in 1999 to help their clients create better software and rediscover the joy of coding. These lessons have helped a generation of programmers examine the very essence of software development, independent of any particular language, framework, or methodology, and the Pragmatic philosophy has spawned hundreds of books, screencasts, and audio books, as well as thousands of careers and success stories. 

Now, 20 years later, this new edition re-examines what it means to be a modern programmer. Topics range from personal responsibility and career development to architectural techniques for keeping your code flexible and easy to adapt and reuse. All the old favorite topics are there, updated for this new world. And there's a bunch of new content, reflecting what we've learned in the intervening years. 

Whether you’re a new coder, an experienced programmer, or a manager responsible for software projects, use these lessons daily, and you’ll quickly see improvements in personal productivity, accuracy, and job satisfaction. You’ll learn skills and develop habits and attitudes that form the foundation for long-term success in your career. You’ll become a pragmatic programmer. 

This audiobook is organized as a series of sections, each containing a series of topics. It is read by Anna Katarina; Dave and Andy (and a few other folks) jump in every now and then to give their take on things.",open_library_api,"Computer programming, Vocational education, Projectmanagement, Métodos ágeis, Programmeren (computers) Computer programming, Vocational education, Projectmanagement, Métodos ágeis, Programmeren (computers) The Pragmatic Programmer is one of those rare tech audiobooks you’ll listen, re-listen, and listen to again over the years. Whether you’re new to the field or an experienced practitioner, you’ll come away with fresh insights each and every time. 

Dave Thomas and Andy Hunt wrote the first edition of this influential book in 1999 to help their clients create better software and rediscover the joy of coding. These lessons have helped a generation of programmers examine the very essence of software development, independent of any particular language, framework, or methodology, and the Pragmatic philosophy has spawned hundreds of books, screencasts, and audio books, as well as thousands of careers and success stories. 

Now, 20 years later, this new edition re-examines what it means to be a modern programmer. Topics range from personal responsibility and career development to architectural techniques for keeping your code flexible and easy to adapt and reuse. All the old favorite topics are there, updated for this new world. And there's a bunch of new content, reflecting what we've learned in the intervening years. 

Whether you’re a new coder, an experienced programmer, or a manager responsible for software projects, use these lessons daily, and you’ll quickly see improvements in personal productivity, accuracy, and job satisfaction. You’ll learn skills and develop habits and attitudes that form the foundation for long-term success in your career. You’ll become a pragmatic programmer. 

This audiobook is organized as a series of sections, each containing a series of topics. It is read by Anna Katarina; Dave and Andy (and a few other folks) jump in every now and then to give their take on things.",8
Concrete Mathematics: A Foundation for Computer Science,Concrete Mathematics: A Foundation for Computer Science,Ronald Graham,4.34,1877,https://i.gr-assets.com/images/S/compressed.photo.goodreads.com/books/1348780612i/112243._SX50_.jpg,https://www.goodreads.com/book/show/112243.Concrete_Mathematics,437,General,No description available.,goodreads_scraped,General General No description available.,4
Advanced Programming in the UNIX Environment,Advanced Programming in the UNIX Environment,W. Richard Stevens,4.34,1729,https://i.gr-assets.com/images/S/compressed.photo.goodreads.com/books/1387712281i/19814462._SX50_.jpg,https://www.goodreads.com/book/show/19814462-advanced-programming-in-the-unix-environment,437,General,No description available.,goodreads_scraped,General General No description available.,4
"The Art of Memory Forensics: Detecting Malware and Threats in Windows, Linux, and Mac Memory","The Art of Memory Forensics: Detecting Malware and Threats in Windows, Linux, and Mac Memory",Michael Hale Ligh,4.34,123,https://i.gr-assets.com/images/S/compressed.photo.goodreads.com/books/1403536721i/19525138._SX50_.jpg,https://www.goodreads.com/book/show/19525138-the-art-of-memory-forensics,437,General,No description available.,goodreads_scraped,General General No description available.,4
The Manager's Path,The Manager's Path,Camille Fournier,4.33,21,https://covers.openlibrary.org/b/id/8667291-L.jpg,https://openlibrary.org/works/OL19860807W,244,"Management, Business, Software Development, Professional employees, Personnel management","Managing people is difficult wherever you work. But in the tech industry, where management is also a technical discipline, the learning curve can be brutal—especially when there are few tools, texts, and frameworks to help you. In this practical guide, author Camille Fournier (tech lead turned CTO) takes you through each stage in the journey from engineer to technical manager.

From mentoring interns to working with senior staff, you’ll get actionable advice for approaching various obstacles in your path. This book is ideal whether you’re a new manager, a mentor, or a more experienced leader looking for fresh advice. Pick up this book and learn how to become a better manager and leader in your organization.

- Begin by exploring what you expect from a manager
- Understand what it takes to be a good mentor, and a good tech lead
- Learn how to manage individual members while remaining focused on the entire team
- Understand how to manage yourself and avoid common pitfalls that challenge many leaders
- Manage multiple teams and learn how to manage managers
- Learn how to build and bootstrap a unifying culture in teams",open_library_api,"Management, Business, Software Development, Professional employees, Personnel management Management, Business, Software Development, Professional employees, Personnel management Managing people is difficult wherever you work. But in the tech industry, where management is also a technical discipline, the learning curve can be brutal—especially when there are few tools, texts, and frameworks to help you. In this practical guide, author Camille Fournier (tech lead turned CTO) takes you through each stage in the journey from engineer to technical manager.

From mentoring interns to working with senior staff, you’ll get actionable advice for approaching various obstacles in your path. This book is ideal whether you’re a new manager, a mentor, or a more experienced leader looking for fresh advice. Pick up this book and learn how to become a better manager and leader in your organization.

- Begin by exploring what you expect from a manager
- Understand what it takes to be a good mentor, and a good tech lead
- Learn how to manage individual members while remaining focused on the entire team
- Understand how to manage yourself and avoid common pitfalls that challenge many leaders
- Manage multiple teams and learn how to manage managers
- Learn how to build and bootstrap a unifying culture in teams",8
More Effective C++: 35 New Ways to Improve Your Programs and Designs,More Effective C++: 35 New Ways to Improve Your Programs and Designs (Addison-Wesley Professional Computing Series),Scott Meyers,4.33,1076,https://i.gr-assets.com/images/S/compressed.photo.goodreads.com/books/1348045238i/105123._SX50_.jpg,https://www.goodreads.com/book/show/105123.More_Effective_C_,318,"C++ (Computer program language), C plus plus (computer program language)",No description available.,goodreads_scraped,"C++ (Computer program language), C plus plus (computer program language) C++ (Computer program language), C plus plus (computer program language) No description available.",1
HTML5 For Web Designers,HTML5 For Web Designers,Jeremy Keith,4.33,9,https://covers.openlibrary.org/b/id/6666412-L.jpg,https://openlibrary.org/works/OL15437498W,437,"HTML (Document markup language), Multimedia communications, Web site development, HTML","The HTML5 spec is 900 pages and hard to read. HTML5 for Web Designers is 85 pages and fun to read. Easy choice.

HTML5 is the longest HTML specification ever written. It is also the most powerful, and in some ways, the most confusing. What do accessible, content-focused standards-based web designers and front-end developers need to know? And how can we harness the power of HTML5 in today’s browsers?

In this brilliant and entertaining user’s guide, Jeremy Keith cuts to the chase, with crisp, clear, practical examples, and his patented twinkle and charm.",open_library_api,"HTML (Document markup language), Multimedia communications, Web site development, HTML HTML (Document markup language), Multimedia communications, Web site development, HTML The HTML5 spec is 900 pages and hard to read. HTML5 for Web Designers is 85 pages and fun to read. Easy choice.

HTML5 is the longest HTML specification ever written. It is also the most powerful, and in some ways, the most confusing. What do accessible, content-focused standards-based web designers and front-end developers need to know? And how can we harness the power of HTML5 in today’s browsers?

In this brilliant and entertaining user’s guide, Jeremy Keith cuts to the chase, with crisp, clear, practical examples, and his patented twinkle and charm.",8
Paradigms of Artificial Intelligence Programming: Case Studies in Common Lisp,Paradigms of Artificial Intelligence Programming: Case Studies in Common Lisp,Peter Norvig,4.33,505,https://i.gr-assets.com/images/S/compressed.photo.goodreads.com/books/1347640255i/83884._SX50_.jpg,https://www.goodreads.com/book/show/83884.Paradigms_of_Artificial_Intelligence_Programming,437,General,No description available.,goodreads_scraped,General General No description available.,4
Cracking the Coding Interview: 189 Programming Questions and Solutions,Cracking the Coding Interview: 189 Programming Questions and Solutions,Gayle Laakmann McDowell,4.33,6931,https://i.gr-assets.com/images/S/compressed.photo.goodreads.com/books/1441834930i/25707092._SX50_.jpg,https://www.goodreads.com/book/show/25707092-cracking-the-coding-interview,504,"Problems, exercises, Computer programming, Vocational guidance, Employment interviewing, Computer programmers",No description available.,goodreads_scraped,"Problems, exercises, Computer programming, Vocational guidance, Employment interviewing, Computer programmers Problems, exercises, Computer programming, Vocational guidance, Employment interviewing, Computer programmers No description available.",5
Hacking for Dummies,Hacking for Dummies,Kevin Beaver,4.33,6,https://covers.openlibrary.org/b/id/299671-L.jpg,https://openlibrary.org/works/OL6035941W,396,"Computer Technology, Computer hackers, Computer networks, Computer security, Nonfiction","While you're reading this, a hacker could be prying and spying his way into your company's IT systems, sabotaging your operations, stealing confidential information, shutting down your Web site, or wreaking havoc in other diabolical ways. Hackers For Dummies helps you hack into a hacker's mindset and take security precautions to help you avoid a hack attack. It outlines computer hacker tricks and techniques you can use to assess the security of your own information systems, find security vulnerabilities, and fix them before malicious and criminal hackers can exploit them. It covers:    Hacking methodology and researching public information to see what a hacker can quickly learn about your operations  Social engineering (how hackers manipulate employees to gain information and access), physical security, and password vulnerabilities  Network infrastructure, including port scanners, SNMP scanning, banner grabbing, scanning, and wireless LAN vulnerabilities  Operating systems, including Windows, Linux, and Novell NetWare  Application hacking, including malware (Trojan horses, viruses, worms, rootkits, logic bombs, and more), e-mail and instant messaging, and Web applications  Tests, tools (commercial, shareware, and freeware), and techniques that offer the most bang for your ethical hacking buck     With this guide you can develop and implement a comprehensive security assessment plan, get essential support from management, test your system for vulnerabilities, take countermeasures, and protect your network infrastructure. You discover how to beat hackers at their own game, with:    A hacking toolkit, including War dialing software, password cracking software, network scanning software, network vulnerability assessment software, a network analyzer, a Web application assessment tool, and more  All kinds of countermeasures and ways to plug security holes  A list of more than 100 security sites, tools, and resources     Ethical hacking helps you fight hacking with hacking, pinpoint security flaws within your systems, and implement countermeasures. Complete with tons of screen shots, step-by-step instructions for some countermeasures, and actual case studies from IT security professionals, this is an invaluable guide, whether you're an Internet security professional, part of a penetration-testing team, or in charge of IT security for a large or small business.",open_library_api,"Computer Technology, Computer hackers, Computer networks, Computer security, Nonfiction Computer Technology, Computer hackers, Computer networks, Computer security, Nonfiction While you're reading this, a hacker could be prying and spying his way into your company's IT systems, sabotaging your operations, stealing confidential information, shutting down your Web site, or wreaking havoc in other diabolical ways. Hackers For Dummies helps you hack into a hacker's mindset and take security precautions to help you avoid a hack attack. It outlines computer hacker tricks and techniques you can use to assess the security of your own information systems, find security vulnerabilities, and fix them before malicious and criminal hackers can exploit them. It covers:    Hacking methodology and researching public information to see what a hacker can quickly learn about your operations  Social engineering (how hackers manipulate employees to gain information and access), physical security, and password vulnerabilities  Network infrastructure, including port scanners, SNMP scanning, banner grabbing, scanning, and wireless LAN vulnerabilities  Operating systems, including Windows, Linux, and Novell NetWare  Application hacking, including malware (Trojan horses, viruses, worms, rootkits, logic bombs, and more), e-mail and instant messaging, and Web applications  Tests, tools (commercial, shareware, and freeware), and techniques that offer the most bang for your ethical hacking buck     With this guide you can develop and implement a comprehensive security assessment plan, get essential support from management, test your system for vulnerabilities, take countermeasures, and protect your network infrastructure. You discover how to beat hackers at their own game, with:    A hacking toolkit, including War dialing software, password cracking software, network scanning software, network vulnerability assessment software, a network analyzer, a Web application assessment tool, and more  All kinds of countermeasures and ways to plug security holes  A list of more than 100 security sites, tools, and resources     Ethical hacking helps you fight hacking with hacking, pinpoint security flaws within your systems, and implement countermeasures. Complete with tons of screen shots, step-by-step instructions for some countermeasures, and actual case studies from IT security professionals, this is an invaluable guide, whether you're an Internet security professional, part of a penetration-testing team, or in charge of IT security for a large or small business.",8
The Pragmatic Programmer: From Journeyman to Master,The Pragmatic Programmer: From Journeyman to Master,Andy   Hunt,4.33,24377,https://i.gr-assets.com/images/S/compressed.photo.goodreads.com/books/1410138341i/22250228._SX50_.jpg,https://www.goodreads.com/book/show/22250228-the-pragmatic-programmer,352,"Computer programming, Vocational education, Projectmanagement, Métodos ágeis, Programmeren (computers)",No description available.,goodreads_scraped,"Computer programming, Vocational education, Projectmanagement, Métodos ágeis, Programmeren (computers) Computer programming, Vocational education, Projectmanagement, Métodos ágeis, Programmeren (computers) No description available.",8
Types & grammar,Types & grammar,"Simpson, Kyle (JavaScript systems architect)",4.33,3,https://images.unsplash.com/photo-1543002588-bfa74002ed7e?q=80&w=300&auto=format&fit=crop,https://openlibrary.org/works/OL19999325W,182,"JavaScript (Computer program language), Javascript (computer program language)",No description available.,open_library_api,"JavaScript (Computer program language), Javascript (computer program language) JavaScript (Computer program language), Javascript (computer program language) No description available.",1
SQL antipatterns,SQL antipatterns,Bill Karwin,4.33,3,https://covers.openlibrary.org/b/id/8722157-L.jpg,https://openlibrary.org/works/OL16178433W,323,"SQL (Computer program language), Antipatterns (Software engineering)",No description available.,open_library_api,"SQL (Computer program language), Antipatterns (Software engineering) SQL (Computer program language), Antipatterns (Software engineering) No description available.",8
Cracking the Coding Interview: 150 Programming Questions and Solutions,Cracking the Coding Interview: 150 Programming Questions and Solutions,Gayle Laakmann McDowell,4.33,6931,https://i.gr-assets.com/images/S/compressed.photo.goodreads.com/books/1391311964i/12544648._SY75_.jpg,https://www.goodreads.com/book/show/12544648-cracking-the-coding-interview,504,"Problems, exercises, Computer programming, Vocational guidance, Employment interviewing, Computer programmers","I am not a recruiter. I am a software engineer. And as such, I know what it's like to be asked to whip up brilliant algorithms on the spot and then write flawless code on a whiteboard. I've been through this as a candidate and as an interviewer.

Cracking the Coding Interview, 6th Edition is here to help you through this process, teaching you what you need to know and enabling you to perform at your very best. I've coached and interviewed hundreds of software engineers. The result is this book.

Learn how to uncover the hints and hidden details in a question, discover how to break down a problem into manageable chunks, develop techniques to unstick yourself when stuck, learn (or re-learn) core computer science concepts, and practice on 189 interview questions and solutions.

These interview questions are real; they are not pulled out of computer science textbooks. They reflect what's truly being asked at the top companies, so that you can be as prepared as possible.

WHAT'S INSIDE?

- 189 programming interview questions, ranging from the basics to the trickiest algorithm problems.
- A walk-through of how to derive each solution, so that you can learn how to get there yourself.
- Hints on how to solve each of the 189 questions, just like what you would get in a real interview.
- Five proven strategies to tackle algorithm questions, so that you can solve questions you haven't seen.
- Extensive     coverage of essential topics, such as big O time, data structures, and core algorithms.
- A behind the scenes look at how top companies like Google and Facebook hire developers.
- Techniques to prepare for and ace the soft side of the interview: behavioral questions.
- For interviewers and companies: details on what makes a good interview question and hiring process.",goodreads_scraped,"Problems, exercises, Computer programming, Vocational guidance, Employment interviewing, Computer programmers Problems, exercises, Computer programming, Vocational guidance, Employment interviewing, Computer programmers I am not a recruiter. I am a software engineer. And as such, I know what it's like to be asked to whip up brilliant algorithms on the spot and then write flawless code on a whiteboard. I've been through this as a candidate and as an interviewer.

Cracking the Coding Interview, 6th Edition is here to help you through this process, teaching you what you need to know and enabling you to perform at your very best. I've coached and interviewed hundreds of software engineers. The result is this book.

Learn how to uncover the hints and hidden details in a question, discover how to break down a problem into manageable chunks, develop techniques to unstick yourself when stuck, learn (or re-learn) core computer science concepts, and practice on 189 interview questions and solutions.

These interview questions are real; they are not pulled out of computer science textbooks. They reflect what's truly being asked at the top companies, so that you can be as prepared as possible.

WHAT'S INSIDE?

- 189 programming interview questions, ranging from the basics to the trickiest algorithm problems.
- A walk-through of how to derive each solution, so that you can learn how to get there yourself.
- Hints on how to solve each of the 189 questions, just like what you would get in a real interview.
- Five proven strategies to tackle algorithm questions, so that you can solve questions you haven't seen.
- Extensive     coverage of essential topics, such as big O time, data structures, and core algorithms.
- A behind the scenes look at how top companies like Google and Facebook hire developers.
- Techniques to prepare for and ace the soft side of the interview: behavioral questions.
- For interviewers and companies: details on what makes a good interview question and hiring process.",5
The clean coder,The clean coder,Robert C. Martin,4.32,19,https://covers.openlibrary.org/b/id/7318893-L.jpg,https://openlibrary.org/works/OL16298147W,210,"Computer programmers, Computer programming, Moral and ethical aspects, Professional ethics, Computer programming--moral and ethical aspects","In the <i>Clean Coder: A Code of Conduct for Professional Programmers</i>, legendary software expert Robert C Martin introduces the disciplines, techniques, tools, and practices of true software craftsmanship.",open_library_api,"Computer programmers, Computer programming, Moral and ethical aspects, Professional ethics, Computer programming--moral and ethical aspects Computer programmers, Computer programming, Moral and ethical aspects, Professional ethics, Computer programming--moral and ethical aspects In the <i>Clean Coder: A Code of Conduct for Professional Programmers</i>, legendary software expert Robert C Martin introduces the disciplines, techniques, tools, and practices of true software craftsmanship.",8
Learn You a Haskell for Great Good!,Learn You a Haskell for Great Good!,Miran Lipovača,4.3,2381,https://i.gr-assets.com/images/S/compressed.photo.goodreads.com/books/1294497489i/6593810._SX50_.jpg,https://www.goodreads.com/book/show/6593810-learn-you-a-haskell-for-great-good,437,General,No description available.,goodreads_scraped,General General No description available.,4
Code Complete: A Practical Handbook of Software Construction,Code Complete: A Practical Handbook of Software Construction,Steve McConnell,4.3,9501,https://i.gr-assets.com/images/S/compressed.photo.goodreads.com/books/1396837641i/4845._SX50_.jpg,https://www.goodreads.com/book/show/4845.Code_Complete,914,"Development, Programmeren (computers), Programmatuurtechniek, Handbooks, manuals, Computer software","Take a strategic approach to software construction—and produce superior products—with this fully updated edition of Steve McConnell's critically praised and award-winning guide to software development best practices. Widely considered one of the best practical guides to programming, Steve McConnell's original CODE COMPLETE has been helping developers write better software for more than a decade. Now this classic book has been fully updated and revised with leading-edge practices—and hundreds of new code samples—illustrating the art and science of software construction. Capturing the body of knowledge available from research, academia, and everyday commercial practice, McConnell synthesizes the most effective techniques and must-know principles into clear, pragmatic guidance. No matter what your experience level, development environment, or project size, this book will inform and stimulate your thinking—and help you build the highest quality code.Discover the timeless techniques and strategies that help you:Design for minimum complexity and maximum creativityReap the benefits of collaborative developmentApply defensive programming techniques to reduce and flush out errorsExploit opportunities to refactor—or evolve—code, and do it safelyUse construction practices that are right-weight for your projectDebug problems quickly and effectivelyResolve critical construction issues early and correctlyBuild quality into the beginning, middle, and end of your project",goodreads_scraped,"Development, Programmeren (computers), Programmatuurtechniek, Handbooks, manuals, Computer software Development, Programmeren (computers), Programmatuurtechniek, Handbooks, manuals, Computer software Take a strategic approach to software construction—and produce superior products—with this fully updated edition of Steve McConnell's critically praised and award-winning guide to software development best practices. Widely considered one of the best practical guides to programming, Steve McConnell's original CODE COMPLETE has been helping developers write better software for more than a decade. Now this classic book has been fully updated and revised with leading-edge practices—and hundreds of new code samples—illustrating the art and science of software construction. Capturing the body of knowledge available from research, academia, and everyday commercial practice, McConnell synthesizes the most effective techniques and must-know principles into clear, pragmatic guidance. No matter what your experience level, development environment, or project size, this book will inform and stimulate your thinking—and help you build the highest quality code.Discover the timeless techniques and strategies that help you:Design for minimum complexity and maximum creativityReap the benefits of collaborative developmentApply defensive programming techniques to reduce and flush out errorsExploit opportunities to refactor—or evolve—code, and do it safelyUse construction practices that are right-weight for your projectDebug problems quickly and effectivelyResolve critical construction issues early and correctlyBuild quality into the beginning, middle, and end of your project",6
Head First Design Patterns,Head First Design Patterns,Eric Freeman,4.3,9052,https://i.gr-assets.com/images/S/compressed.photo.goodreads.com/books/1408309444i/58128._SX50_.jpg,https://www.goodreads.com/book/show/58128.Head_First_Design_Patterns,676,"Development, Java (Computer program language), Computer software, Computer programs, design, Softwares (projeto)",No description available.,goodreads_scraped,"Development, Java (Computer program language), Computer software, Computer programs, design, Softwares (projeto) Development, Java (Computer program language), Computer software, Computer programs, design, Softwares (projeto) No description available.",5
The Code Book: The Science of Secrecy from Ancient Egypt to Quantum Cryptography,The Code Book: The Science of Secrecy from Ancient Egypt to Quantum Cryptography,Simon Singh,4.3,29360,https://i.gr-assets.com/images/S/compressed.photo.goodreads.com/books/1403181687i/17994._SY75_.jpg,https://www.goodreads.com/book/show/17994.The_Code_Book,416,"Cryptography, History, Data encryption (Computer science), Coding theory, Confidential communications","In his first book since the bestselling *Fermat's Enigma*, Simon Singh offers the first sweeping history of encryption, tracing its evolution and revealing the dramatic effects codes have had on wars, nations, and individual lives. From Mary, Queen of Scots, trapped by her own code, to the Navajo Code Talkers who helped the Allies win World War II, to the incredible (and incredibly simple) logisitical breakthrough that made Internet commerce secure, The Code Book tells the story of the most powerful intellectual weapon ever known: secrecy.

Throughout the text are clear technical and mathematical explanations, and portraits of the remarkable personalities who wrote and broke the world's most difficult codes. Accessible, compelling, and remarkably far-reaching, this book will forever alter your view of history and what drives it.  It will also make you wonder how private that e-mail you just sent really is.",goodreads_scraped,"Cryptography, History, Data encryption (Computer science), Coding theory, Confidential communications Cryptography, History, Data encryption (Computer science), Coding theory, Confidential communications In his first book since the bestselling *Fermat's Enigma*, Simon Singh offers the first sweeping history of encryption, tracing its evolution and revealing the dramatic effects codes have had on wars, nations, and individual lives. From Mary, Queen of Scots, trapped by her own code, to the Navajo Code Talkers who helped the Allies win World War II, to the incredible (and incredibly simple) logisitical breakthrough that made Internet commerce secure, The Code Book tells the story of the most powerful intellectual weapon ever known: secrecy.

Throughout the text are clear technical and mathematical explanations, and portraits of the remarkable personalities who wrote and broke the world's most difficult codes. Accessible, compelling, and remarkably far-reaching, this book will forever alter your view of history and what drives it.  It will also make you wonder how private that e-mail you just sent really is.",8
Learn You a Haskell for Great Good!: A Beginner's Guide,Learn You a Haskell for Great Good!: A Beginner's Guide,Miran Lipovača,4.3,2381,https://i.gr-assets.com/images/S/compressed.photo.goodreads.com/books/1328753505i/9282423._SX50_.jpg,https://www.goodreads.com/book/show/9282423-learn-you-a-haskell-for-great-good,400,"Haskell (Computer program language), Programming languages (electronic computers)",No description available.,goodreads_scraped,"Haskell (Computer program language), Programming languages (electronic computers) Haskell (Computer program language), Programming languages (electronic computers) No description available.",8
On Lisp: Advanced Techniques for Common Lisp,On Lisp: Advanced Techniques for Common Lisp,Paul    Graham,4.3,482,https://i.gr-assets.com/images/S/compressed.photo.goodreads.com/books/1388374030i/41803._SY75_.jpg,https://www.goodreads.com/book/show/41803.On_Lisp,413,"COMMON LISP (Computer program language), macros, bottom-up programming, Lisp (computer program language)","The title itself, ""On Lisp"", is a reference to the idea that you can solve a programming problem by first building a programming language that lets you talk about your programming problem easier. In Lisp the programmer builds this problem specific language on top of Lisp itself using basic Lisp constructs called ""macros"". This style of programming is called ""bottom-up programming"".

On Lisp is especially known for the complete description of Common Lisp macros and their uses, but the book also covers many other aspects of bottom-up programming in Common Lisp.",goodreads_scraped,"COMMON LISP (Computer program language), macros, bottom-up programming, Lisp (computer program language) COMMON LISP (Computer program language), macros, bottom-up programming, Lisp (computer program language) The title itself, ""On Lisp"", is a reference to the idea that you can solve a programming problem by first building a programming language that lets you talk about your programming problem easier. In Lisp the programmer builds this problem specific language on top of Lisp itself using basic Lisp constructs called ""macros"". This style of programming is called ""bottom-up programming"".

On Lisp is especially known for the complete description of Common Lisp macros and their uses, but the book also covers many other aspects of bottom-up programming in Common Lisp.",8
Effective JavaScript: 68 Specific Ways to Harness the Power of JavaScript,Effective JavaScript: 68 Specific Ways to Harness the Power of JavaScript (Effective Software Development Series),David  Herman,4.3,780,https://i.gr-assets.com/images/S/compressed.photo.goodreads.com/books/1372042097i/13705402._SX50_.jpg,https://www.goodreads.com/book/show/13705402-effective-javascript,240,"JavaScript (Computer program language), Object-oriented programming (computer science)",No description available.,goodreads_scraped,"JavaScript (Computer program language), Object-oriented programming (computer science) JavaScript (Computer program language), Object-oriented programming (computer science) No description available.",1
JavaScript,JavaScript,David Flanagan,4.29,14,https://covers.openlibrary.org/b/id/10737959-L.jpg,https://openlibrary.org/works/OL1643770W,987,"JavaScript (Computer program language), Web servers, Object-oriented programming (Computer science), JavaScript (Computer language), Mathematics","JavaScript is a powerful, object-based scripting language; JavaScript programs can be embedded directly into HTML web pages. When combined with the Document Object Model (DOM) defined by a web browser, JavaScript allows you to create Dynamic HTML (DHTML) content and interactive client-side web applications. JavaScript syntax is based on the popular programming languages C, C++, and Java, which makes it familiar and easy to learn for experienced programmers. At the same time, JavaScript is an interpreted scripting language, providing a flexible, forgiving environment in which new programmers can learn.

*JavaScript: The Definitive Guide* provides a thorough description of the core JavaScript language and both the legacy and standard DOMs implemented in web browsers. The book includes sophisticated examples that show you how to handle common tasks such as validating form data, working with cookies, and creating portable DHTML animations. The book also contains detailed reference sections that cover the core JavaScript API, the legacy client-side API, and the W3C standard DOM API, documenting every JavaScript object, method, property, constructor, constant, function, and event handler in those APIs.

This fourth edition of the bestselling JavaScript book has been carefully updated to cover JavaScript 1.5 (ECMAScript Version 3). The book also provides complete coverage of the W3C DOM standard (Level 1 and Level 2), while retaining material on the legacy Level 0 DOM for backward compatibility.

*JavaScript: The Definitive Guide* is a complete programmer's guide and reference manual for JavaScript. It is particularly useful for developers working with the latest standards-compliant web browsers, such as Internet Explorer 6, Netscape 6, and Mozilla. HTML authors can learn how to use JavaScript to build dynamic web pages. Experienced programmers can quickly find the information they need to start writing sophisticated JavaScript programs. This book is an indispensable reference for all JavaScript programmers, regardless of experience level.

----------
*Description from the Fourth Edition (2007, O'Reilly Media)*

<h2>Printing History</h2>
<dl> 
<dt>August 1996</dt>
<dd>Beta Edition.</dd>
<dt>January 1997</dt>
<dd>Second Edition.</dd> 
<dt>June 1998</dt>
<dd>Third Edition.</dd> 
<dt>January 2002</dt>
<dd>Fourth Edition.</dd> 
</dl>",open_library_api,"JavaScript (Computer program language), Web servers, Object-oriented programming (Computer science), JavaScript (Computer language), Mathematics JavaScript (Computer program language), Web servers, Object-oriented programming (Computer science), JavaScript (Computer language), Mathematics JavaScript is a powerful, object-based scripting language; JavaScript programs can be embedded directly into HTML web pages. When combined with the Document Object Model (DOM) defined by a web browser, JavaScript allows you to create Dynamic HTML (DHTML) content and interactive client-side web applications. JavaScript syntax is based on the popular programming languages C, C++, and Java, which makes it familiar and easy to learn for experienced programmers. At the same time, JavaScript is an interpreted scripting language, providing a flexible, forgiving environment in which new programmers can learn.

*JavaScript: The Definitive Guide* provides a thorough description of the core JavaScript language and both the legacy and standard DOMs implemented in web browsers. The book includes sophisticated examples that show you how to handle common tasks such as validating form data, working with cookies, and creating portable DHTML animations. The book also contains detailed reference sections that cover the core JavaScript API, the legacy client-side API, and the W3C standard DOM API, documenting every JavaScript object, method, property, constructor, constant, function, and event handler in those APIs.

This fourth edition of the bestselling JavaScript book has been carefully updated to cover JavaScript 1.5 (ECMAScript Version 3). The book also provides complete coverage of the W3C DOM standard (Level 1 and Level 2), while retaining material on the legacy Level 0 DOM for backward compatibility.

*JavaScript: The Definitive Guide* is a complete programmer's guide and reference manual for JavaScript. It is particularly useful for developers working with the latest standards-compliant web browsers, such as Internet Explorer 6, Netscape 6, and Mozilla. HTML authors can learn how to use JavaScript to build dynamic web pages. Experienced programmers can quickly find the information they need to start writing sophisticated JavaScript programs. This book is an indispensable reference for all JavaScript programmers, regardless of experience level.

----------
*Description from the Fourth Edition (2007, O'Reilly Media)*

<h2>Printing History</h2>
<dl> 
<dt>August 1996</dt>
<dd>Beta Edition.</dd>
<dt>January 1997</dt>
<dd>Second Edition.</dd> 
<dt>June 1998</dt>
<dd>Third Edition.</dd> 
<dt>January 2002</dt>
<dd>Fourth Edition.</dd> 
</dl>",6
The Little Schemer,The Little Schemer,Daniel P. Friedman,4.29,1993,https://i.gr-assets.com/images/S/compressed.photo.goodreads.com/books/1347456079i/548914._SX50_.jpg,https://www.goodreads.com/book/show/548914.The_Little_Schemer,216,"LISP (Computer program language), Scheme (Computer program language), Lisp, Linguagem de programação, LISP","The Little Schemer introduces computing as an extension of arithmetic and algebra ;things that everyone studies in grade school and high school. It introduces programs as recursive functions and briefly discusses the limits of what computers can do. The authors use the programming language Scheme, and interesting foods to illustrate these abstract ideas.",goodreads_scraped,"LISP (Computer program language), Scheme (Computer program language), Lisp, Linguagem de programação, LISP LISP (Computer program language), Scheme (Computer program language), Lisp, Linguagem de programação, LISP The Little Schemer introduces computing as an extension of arithmetic and algebra ;things that everyone studies in grade school and high school. It introduces programs as recursive functions and briefly discusses the limits of what computers can do. The authors use the programming language Scheme, and interesting foods to illustrate these abstract ideas.",8
Quality Software Management: Systems Thinking,Quality Software Management: Systems Thinking,Gerald M. Weinberg,4.29,103,https://i.gr-assets.com/images/S/compressed.photo.goodreads.com/books/1388902624i/714348._SX50_.jpg,https://www.goodreads.com/book/show/714348.Quality_Software_Management,437,General,No description available.,goodreads_scraped,General General No description available.,4
The Little LISPer,The Little LISPer,Daniel P. Friedman,4.29,1993,https://i.gr-assets.com/images/S/compressed.photo.goodreads.com/books/1348716932i/734117._SX50_.jpg,https://www.goodreads.com/book/show/734117.The_Little_LISPer,196,"LISP (Computer program language), List processing (Electronic computers), Recursive programming, LISP (langage de programmation), Linguagem De Programacao (Outras)",No description available.,goodreads_scraped,"LISP (Computer program language), List processing (Electronic computers), Recursive programming, LISP (langage de programmation), Linguagem De Programacao (Outras) LISP (Computer program language), List processing (Electronic computers), Recursive programming, LISP (langage de programmation), Linguagem De Programacao (Outras) No description available.",8
"Agile Principles, Patterns, and Practices in C#","Agile Principles, Patterns, and Practices in C# (Robert C. Martin Series)",Robert C. Martin,4.28,775,https://i.gr-assets.com/images/S/compressed.photo.goodreads.com/books/1348657323i/84983._SX50_.jpg,https://www.goodreads.com/book/show/84983.Agile_Principles_Patterns_and_Practices_in_C_,768,"Computer Technology, Nonfiction, Development, Object-oriented programming (Computer science), C# (Computer program language)","This is the eBook version of the printed book.With the award-winning book Agile Software Development: Principles, Patterns, and Practices, Robert C. Martin helped bring Agile principles to tens of thousands of Java and C++ programmers. Now .NET programmers have a definitive guide to agile methods with this completely updated volume from Robert C. Martin and Micah Martin, Agile Principles, Patterns, and Practices in C#.This book presents a series of case studies illustrating the fundamentals of Agile development and Agile design, and moves quickly from UML models to real C# code. The introductory chapters lay out the basics of the agile movement, while the later chapters show proven techniques in action. The book includes many source code examples that are also available for download from the authors’ Web site.Readers will come away from this book understandingAgile principles, and the fourteen practices of Extreme ProgrammingSpiking, splitting, velocity, and planning iterations and releasesTest-driven development, test-first design, and acceptance testingRefactoring with unit testingPair programmingAgile design and design smellsThe five types of UML diagrams and how to use them effectivelyObject-oriented package design and design patternsHow to put all of it together for a real-world projectWhether you are a C# programmer or a Visual Basic or Java programmer learning C#, a software development manager, or a business analyst, Agile Principles, Patterns, and Practices in C# is the first book you should read to understand agile software and how it applies to programming in the .NET Framework.",goodreads_scraped,"Computer Technology, Nonfiction, Development, Object-oriented programming (Computer science), C# (Computer program language) Computer Technology, Nonfiction, Development, Object-oriented programming (Computer science), C# (Computer program language) This is the eBook version of the printed book.With the award-winning book Agile Software Development: Principles, Patterns, and Practices, Robert C. Martin helped bring Agile principles to tens of thousands of Java and C++ programmers. Now .NET programmers have a definitive guide to agile methods with this completely updated volume from Robert C. Martin and Micah Martin, Agile Principles, Patterns, and Practices in C#.This book presents a series of case studies illustrating the fundamentals of Agile development and Agile design, and moves quickly from UML models to real C# code. The introductory chapters lay out the basics of the agile movement, while the later chapters show proven techniques in action. The book includes many source code examples that are also available for download from the authors’ Web site.Readers will come away from this book understandingAgile principles, and the fourteen practices of Extreme ProgrammingSpiking, splitting, velocity, and planning iterations and releasesTest-driven development, test-first design, and acceptance testingRefactoring with unit testingPair programmingAgile design and design smellsThe five types of UML diagrams and how to use them effectivelyObject-oriented package design and design patternsHow to put all of it together for a real-world projectWhether you are a C# programmer or a Visual Basic or Java programmer learning C#, a software development manager, or a business analyst, Agile Principles, Patterns, and Practices in C# is the first book you should read to understand agile software and how it applies to programming in the .NET Framework.",5
Programming Elixir: Functional |> Concurrent |> Pragmatic |> Fun,Programming Elixir: Functional |> Concurrent |> Pragmatic |> Fun,Dave         Thomas,4.28,738,https://i.gr-assets.com/images/S/compressed.photo.goodreads.com/books/1369310461i/17971957._SX50_.jpg,https://www.goodreads.com/book/show/17971957-programming-elixir,437,General,No description available.,goodreads_scraped,General General No description available.,4
The Seasoned Schemer,The Seasoned Schemer,Daniel P. Friedman,4.28,267,https://i.gr-assets.com/images/S/compressed.photo.goodreads.com/books/1347458463i/475858._SX50_.jpg,https://www.goodreads.com/book/show/475858.The_Seasoned_Schemer,224,"LISP (Computer program language), Scheme (Computer program language), Lisp (computer program language)",No description available.,goodreads_scraped,"LISP (Computer program language), Scheme (Computer program language), Lisp (computer program language) LISP (Computer program language), Scheme (Computer program language), Lisp (computer program language) No description available.",1
The Annotated Turing: A Guided Tour Through Alan Turing's Historic Paper on Computability and the Turing Machine,The Annotated Turing: A Guided Tour Through Alan Turing's Historic Paper on Computability and the Turing Machine,Charles Petzold,4.28,1189,https://i.gr-assets.com/images/S/compressed.photo.goodreads.com/books/1348963714i/2333956._SX50_.jpg,https://www.goodreads.com/book/show/2333956.The_Annotated_Turing,300,"Turing machines, Computational complexity, Turing, alan mathison, 1912-1954","Programming Legend Charles Petzold unlocks the secrets of the extraordinary and prescient 1936 paper by Alan M. Turing.

Mathematician Alan Turing invented an imaginary computer known as the Turing Machine; in an age before computers, he explored the concept of what it meant to be computable, creating the field of computability theory in the process, a foundation of present-day computer programming.",goodreads_scraped,"Turing machines, Computational complexity, Turing, alan mathison, 1912-1954 Turing machines, Computational complexity, Turing, alan mathison, 1912-1954 Programming Legend Charles Petzold unlocks the secrets of the extraordinary and prescient 1936 paper by Alan M. Turing.

Mathematician Alan Turing invented an imaginary computer known as the Turing Machine; in an age before computers, he explored the concept of what it meant to be computable, creating the field of computability theory in the process, a foundation of present-day computer programming.",8
Programming Elixir ≥ 1.6: Functional |> Concurrent |> Pragmatic |> Fun,Programming Elixir ≥ 1.6: Functional |> Concurrent |> Pragmatic |> Fun,Dave         Thomas,4.28,738,https://i.gr-assets.com/images/S/compressed.photo.goodreads.com/books/1529573913i/40224740._SX50_.jpg,https://www.goodreads.com/book/show/40224740-programming-elixir-1-6,437,General,No description available.,goodreads_scraped,General General No description available.,4
Erlang and OTP in Action,Erlang and OTP in Action,Martin Logan,4.27,128,https://i.gr-assets.com/images/S/compressed.photo.goodreads.com/books/1348920801i/7438968._SX50_.jpg,https://www.goodreads.com/book/show/7438968-erlang-and-otp-in-action,432,"ERLANG (Computer program language), Programming languages (electronic computers)",No description available.,goodreads_scraped,"ERLANG (Computer program language), Programming languages (electronic computers) ERLANG (Computer program language), Programming languages (electronic computers) No description available.",8
"Python Handbook For Beginners. A Hands-On Crash Course For Kids, Newbies And Everybody Else","Python Handbook For Beginners. A Hands-On Crash Course For Kids, Newbies And Everybody Else",Roman Gurbanov,4.27,11,https://i.gr-assets.com/images/S/compressed.photo.goodreads.com/books/1621006316i/58041738._SY75_.jpg,https://www.goodreads.com/book/show/58041738-python-handbook-for-beginners-a-hands-on-crash-course-for-kids-newbies,437,General,No description available.,goodreads_scraped,General General No description available.,4
Python Beyond the Basics,Python Beyond the Basics,Al Sweigart,4.27,242,https://i.gr-assets.com/images/S/compressed.photo.goodreads.com/books/1658467493i/53060254._SX50_.jpg,https://www.goodreads.com/book/show/53060254-python-beyond-the-basics,448,Mathematics,No description available.,goodreads_scraped,Mathematics Mathematics No description available.,8
"Agile Software Development, Principles, Patterns, and Practices","Agile Software Development, Principles, Patterns, and Practices",Robert C. Martin,4.26,1320,https://i.gr-assets.com/images/S/compressed.photo.goodreads.com/books/1348196056i/84985._SX50_.jpg,https://www.goodreads.com/book/show/84985.Agile_Software_Development_Principles_Patterns_and_Practices,529,"C & Visual C, C++ (Computer program language), Object-oriented programming (Computer science), Agile software development, Extreme programming",No description available.,goodreads_scraped,"C & Visual C, C++ (Computer program language), Object-oriented programming (Computer science), Agile software development, Extreme programming C & Visual C, C++ (Computer program language), Object-oriented programming (Computer science), Agile software development, Extreme programming No description available.",5
Code Complete,Code Complete,Steve McConnell,4.25,24,https://covers.openlibrary.org/b/id/461500-L.jpg,https://openlibrary.org/works/OL2722063W,914,"Development, Programmeren (computers), Programmatuurtechniek, Handbooks, manuals, Computer software","Take a strategic approach to software construction—and produce superior products—with this fully updated edition of Steve McConnell's critically praised and award-winning guide to software development best practices. Widely considered one of the best practical guides to programming, Steve McConnell's original CODE COMPLETE has been helping developers write better software for more than a decade. Now this classic book has been fully updated and revised with leading-edge practices—and hundreds of new code samples—illustrating the art and science of software construction. Capturing the body of knowledge available from research, academia, and everyday commercial practice, McConnell synthesizes the most effective techniques and must-know principles into clear, pragmatic guidance. No matter what your experience level, development environment, or project size, this book will inform and stimulate your thinking—and help you build the highest quality code.Discover the timeless techniques and strategies that help you:Design for minimum complexity and maximum creativityReap the benefits of collaborative developmentApply defensive programming techniques to reduce and flush out errorsExploit opportunities to refactor—or evolve—code, and do it safelyUse construction practices that are right-weight for your projectDebug problems quickly and effectivelyResolve critical construction issues early and correctlyBuild quality into the beginning, middle, and end of your project",open_library_api,"Development, Programmeren (computers), Programmatuurtechniek, Handbooks, manuals, Computer software Development, Programmeren (computers), Programmatuurtechniek, Handbooks, manuals, Computer software Take a strategic approach to software construction—and produce superior products—with this fully updated edition of Steve McConnell's critically praised and award-winning guide to software development best practices. Widely considered one of the best practical guides to programming, Steve McConnell's original CODE COMPLETE has been helping developers write better software for more than a decade. Now this classic book has been fully updated and revised with leading-edge practices—and hundreds of new code samples—illustrating the art and science of software construction. Capturing the body of knowledge available from research, academia, and everyday commercial practice, McConnell synthesizes the most effective techniques and must-know principles into clear, pragmatic guidance. No matter what your experience level, development environment, or project size, this book will inform and stimulate your thinking—and help you build the highest quality code.Discover the timeless techniques and strategies that help you:Design for minimum complexity and maximum creativityReap the benefits of collaborative developmentApply defensive programming techniques to reduce and flush out errorsExploit opportunities to refactor—or evolve—code, and do it safelyUse construction practices that are right-weight for your projectDebug problems quickly and effectivelyResolve critical construction issues early and correctlyBuild quality into the beginning, middle, and end of your project",6
"The Phoenix Project: A Novel About IT, DevOps, and Helping Your Business Win","The Phoenix Project: A Novel About IT, DevOps, and Helping Your Business Win",Gene Kim,4.25,50838,https://i.gr-assets.com/images/S/compressed.photo.goodreads.com/books/1361113128i/17255186._SX50_.jpg,https://www.goodreads.com/book/show/17255186-the-phoenix-project,345,"IT, DevOps, Project Management, Information Technology, Planning","The Phoenix Project: A Novel About IT, DevOps, and Helping Your Business Win is the third book by Gene Kim. The business novel tells the story of an IT manager who has ninety days to rescue an over-budget and late IT initiative, code-named The Phoenix Project.",goodreads_scraped,"IT, DevOps, Project Management, Information Technology, Planning IT, DevOps, Project Management, Information Technology, Planning The Phoenix Project: A Novel About IT, DevOps, and Helping Your Business Win is the third book by Gene Kim. The business novel tells the story of an IT manager who has ninety days to rescue an over-budget and late IT initiative, code-named The Phoenix Project.",8
Domain-Driven Design,Domain-Driven Design,Eric Evans,4.25,8,https://covers.openlibrary.org/b/id/5548424-L.jpg,https://openlibrary.org/works/OL4464385W,529,"Development, Computer software, Object-oriented programming (Computer science), Computer software, development, Computer software--development",No description available.,open_library_api,"Development, Computer software, Object-oriented programming (Computer science), Computer software, development, Computer software--development Development, Computer software, Object-oriented programming (Computer science), Computer software, development, Computer software--development No description available.",0
Learning Python,Learning Python,Mark Lutz,4.25,16,https://covers.openlibrary.org/b/id/1312568-L.jpg,https://openlibrary.org/works/OL2784125W,591,"Python (Langage de programmation), Python (linguagem de programação), Python (Computer program language), Python (Lenguaje de programación de computadores), Langage à objets","Describes the features of the Python 2.5 programming language, covering such topics as types and operations, statements and syntax, functions, modules, classes and OOP, and exceptions and tools.",open_library_api,"Python (Langage de programmation), Python (linguagem de programação), Python (Computer program language), Python (Lenguaje de programación de computadores), Langage à objets Python (Langage de programmation), Python (linguagem de programação), Python (Computer program language), Python (Lenguaje de programación de computadores), Langage à objets Describes the features of the Python 2.5 programming language, covering such topics as types and operations, statements and syntax, functions, modules, classes and OOP, and exceptions and tools.",5
Debugging: The 9 Indispensable Rules for Finding Even the Most Elusive Software and Hardware Problems,Debugging: The 9 Indispensable Rules for Finding Even the Most Elusive Software and Hardware Problems,David J. Agans,4.25,523,https://i.gr-assets.com/images/S/compressed.photo.goodreads.com/books/1348215122i/3938178._SX50_.jpg,https://www.goodreads.com/book/show/3938178-debugging,192,"Debugging in computer science, Quality control, Computer software",No description available.,goodreads_scraped,"Debugging in computer science, Quality control, Computer software Debugging in computer science, Quality control, Computer software No description available.",8
"Growing object-oriented software, guided by tests","Growing object-oriented software, guided by tests",Steve Freeman,4.25,4,https://covers.openlibrary.org/b/id/9937887-L.jpg,https://openlibrary.org/works/OL16955281W,358,"Testing, Object-oriented programming (Computer science), Computer software, Application software, development",No description available.,open_library_api,"Testing, Object-oriented programming (Computer science), Computer software, Application software, development Testing, Object-oriented programming (Computer science), Computer software, Application software, development No description available.",0
Test-driven development,Test-driven development,Kent Beck,4.25,8,https://covers.openlibrary.org/b/id/192577-L.jpg,https://openlibrary.org/works/OL1961692W,220,"Computer software, Development, Testing, Computer programming, Computer software, development",No description available.,open_library_api,"Computer software, Development, Testing, Computer programming, Computer software, development Computer software, Development, Testing, Computer programming, Computer software, development No description available.",0
Eloquent Javascript,Eloquent Javascript,Marijn Haverbeke,4.25,12,https://covers.openlibrary.org/b/id/7082166-L.jpg,https://openlibrary.org/works/OL15444205W,446,"JavaScript (Computer program language), Computer science, programming languages, JavaScript","""*Eloquent JavaScript* is a book providing an introduction to the JavaScript programming language and programming in general.""",open_library_api,"JavaScript (Computer program language), Computer science, programming languages, JavaScript JavaScript (Computer program language), Computer science, programming languages, JavaScript ""*Eloquent JavaScript* is a book providing an introduction to the JavaScript programming language and programming in general.""",1
The UNIX Programming Environment,The UNIX Programming Environment,Brian W. Kernighan,4.24,1315,https://i.gr-assets.com/images/S/compressed.photo.goodreads.com/books/1469578824i/337338._SX50_.jpg,https://www.goodreads.com/book/show/337338.The_UNIX_Programming_Environment,357,"Computer programming, UNIX (Computer file), Programmation (Informatique), Linguagem De Programacao (Outras), Software Basico",No description available.,goodreads_scraped,"Computer programming, UNIX (Computer file), Programmation (Informatique), Linguagem De Programacao (Outras), Software Basico Computer programming, UNIX (Computer file), Programmation (Informatique), Linguagem De Programacao (Outras), Software Basico No description available.",8
Algorithms + Data Structures = Programs,Algorithms + Data Structures = Programs (Prentice-Hall Series in Automatic Computation),Niklaus Wirth,4.24,207,https://i.gr-assets.com/images/S/compressed.photo.goodreads.com/books/1387705045i/300093._SX50_.jpg,https://www.goodreads.com/book/show/300093.Algorithms_Data_Structures_Programs,366,"Computer programming, Data structures (Computer science), Computer algorithms, Algorithms, Electronic digital computers",No description available.,goodreads_scraped,"Computer programming, Data structures (Computer science), Computer algorithms, Algorithms, Electronic digital computers Computer programming, Data structures (Computer science), Computer algorithms, Algorithms, Electronic digital computers No description available.",8
Clean Agile: Back to Basics,Clean Agile: Back to Basics,Robert C. Martin,4.24,1582,https://i.gr-assets.com/images/S/compressed.photo.goodreads.com/books/1568477691i/45280021._SX50_.jpg,https://www.goodreads.com/book/show/45280021-clean-agile,437,General,No description available.,goodreads_scraped,General General No description available.,4
Modern C++ Design: Generic Programming and Design Patterns Applied,Modern C++ Design: Generic Programming and Design Patterns Applied (C++ In-Depth Series),Debbie Lafferty,4.24,883,https://i.gr-assets.com/images/S/compressed.photo.goodreads.com/books/1372041017i/871669._SX50_.jpg,https://www.goodreads.com/book/show/871669.Modern_C_Design,437,General,No description available.,goodreads_scraped,General General No description available.,4
Refactoring: Improving the Design of Existing Code,Refactoring: Improving the Design of Existing Code (Addison-wesley Object Technology Series),Martin Fowler,4.24,8861,https://i.gr-assets.com/images/S/compressed.photo.goodreads.com/books/1386925632i/44936._SX50_.jpg,https://www.goodreads.com/book/show/44936.Refactoring,437,"Software refactoring, Object-oriented programming (Computer science)",No description available.,goodreads_scraped,"Software refactoring, Object-oriented programming (Computer science) Software refactoring, Object-oriented programming (Computer science) No description available.",8
Fundamentals of Software Architecture: An Engineering Approach,Fundamentals of Software Architecture: An Engineering Approach,Mark   Richards,4.23,2325,https://i.gr-assets.com/images/S/compressed.photo.goodreads.com/books/1580813753i/44144493._SX50_.jpg,https://www.goodreads.com/book/show/44144493-fundamentals-of-software-architecture,432,General,No description available.,goodreads_scraped,General General No description available.,4
The Web Application Hacker's Handbook: Finding and Exploiting Security Flaws,The Web Application Hacker's Handbook: Finding and Exploiting Security Flaws,Dafydd Stuttard,4.23,1232,https://i.gr-assets.com/images/S/compressed.photo.goodreads.com/books/1387751834i/13087608._SX50_.jpg,https://www.goodreads.com/book/show/13087608-the-web-application-hacker-s-handbook,437,General,No description available.,goodreads_scraped,General General No description available.,4
The Web Application Hacker's Handbook: Discovering and Exploiting Security Flaws,The Web Application Hacker's Handbook: Discovering and Exploiting Security Flaws,Dafydd Stuttard,4.23,1232,https://i.gr-assets.com/images/S/compressed.photo.goodreads.com/books/1347415849i/1914619._SX50_.jpg,https://www.goodreads.com/book/show/1914619.The_Web_Application_Hacker_s_Handbook,840,"Computer Technology, Nonfiction, Security measures, Computer security, Internet","This book is a practical guide to discovering and exploiting security flaws in web applications. The authors explain each category of vulnerability using real-world examples, screen shots and code extracts. The book is extremely practical in focus, and describes in detail the steps involved in detecting and exploiting each kind of security weakness found within a variety of applications such as online banking, e-commerce and other web applications.   The topics covered include bypassing login mechanisms, injecting code, exploiting logic flaws and compromising other users. Because every web application is different, attacking them entails bringing to bear various general principles, techniques and experience in an imaginative way. The most successful hackers go beyond this, and find ways to automate their bespoke attacks. This handbook describes a proven methodology that combines the virtues of human intelligence and computerized brute force, often with devastating results.   The authors are professional penetration testers who have been involved in web application security for nearly a decade. They have presented training courses at the Black Hat security conferences throughout the world. Under the alias ""PortSwigger"", Dafydd developed the popular Burp Suite of web application hack tools.",goodreads_scraped,"Computer Technology, Nonfiction, Security measures, Computer security, Internet Computer Technology, Nonfiction, Security measures, Computer security, Internet This book is a practical guide to discovering and exploiting security flaws in web applications. The authors explain each category of vulnerability using real-world examples, screen shots and code extracts. The book is extremely practical in focus, and describes in detail the steps involved in detecting and exploiting each kind of security weakness found within a variety of applications such as online banking, e-commerce and other web applications.   The topics covered include bypassing login mechanisms, injecting code, exploiting logic flaws and compromising other users. Because every web application is different, attacking them entails bringing to bear various general principles, techniques and experience in an imaginative way. The most successful hackers go beyond this, and find ways to automate their bespoke attacks. This handbook describes a proven methodology that combines the virtues of human intelligence and computerized brute force, often with devastating results.   The authors are professional penetration testers who have been involved in web application security for nearly a decade. They have presented training courses at the Black Hat security conferences throughout the world. Under the alias ""PortSwigger"", Dafydd developed the popular Burp Suite of web application hack tools.",5
A Discipline of Programming,A Discipline of Programming (Prentice-Hall Series in Automatic Computation),Edsger W. Dijkstra,4.23,182,https://i.gr-assets.com/images/S/compressed.photo.goodreads.com/books/1348910294i/2276288._SY75_.jpg,https://www.goodreads.com/book/show/2276288.A_Discipline_of_Programming,437,General,No description available.,goodreads_scraped,General General No description available.,4
Programming Ecto: Build Database Apps in Elixir for Scalability and Performance,Programming Ecto: Build Database Apps in Elixir for Scalability and Performance,Darin Wilson,4.23,99,https://i.gr-assets.com/images/S/compressed.photo.goodreads.com/books/1561421750l/50056541._SX50_SY75_.jpg,https://www.goodreads.com/book/show/50056541-programming-ecto,437,General,No description available.,goodreads_scraped,General General No description available.,4
JavaScript: The Good Parts,JavaScript: The Good Parts,Douglas Crockford,4.23,8673,https://i.gr-assets.com/images/S/compressed.photo.goodreads.com/books/1328834793i/2998152._SX50_.jpg,https://www.goodreads.com/book/show/2998152-javascript,190,"JavaScript (Computer program language), javascript, web, programming, browsers","Covers the bits of Javascript that are worth using, and how to use them, as well as the bits that should be avoided.",goodreads_scraped,"JavaScript (Computer program language), javascript, web, programming, browsers JavaScript (Computer program language), javascript, web, programming, browsers Covers the bits of Javascript that are worth using, and how to use them, as well as the bits that should be avoided.",1
Programming Ecto,Programming Ecto,Darin Wilson,4.23,99,https://i.gr-assets.com/images/S/compressed.photo.goodreads.com/books/1529434502i/40582814._SX50_.jpg,https://www.goodreads.com/book/show/40582814-programming-ecto,244,Programming languages (electronic computers),No description available.,goodreads_scraped,Programming languages (electronic computers) Programming languages (electronic computers) No description available.,8
"Out of Control: The New Biology of Machines, Social Systems, and the Economic World","Out of Control: The New Biology of Machines, Social Systems, and the Economic World",Kevin Kelly,4.23,1729,https://i.gr-assets.com/images/S/compressed.photo.goodreads.com/books/1386925037i/243725._SY75_.jpg,https://www.goodreads.com/book/show/243725.Out_of_Control,521,"Artificial intelligence, History, Inventions, Social groups, Social networks",No description available.,goodreads_scraped,"Artificial intelligence, History, Inventions, Social groups, Social networks Artificial intelligence, History, Inventions, Social groups, Social networks No description available.",5
"The IT Handbook for Business, Managing Information Technology Support Costs","The IT Handbook for Business, Managing Information Technology Support Costs",William C. Couie,4.23,13,https://i.gr-assets.com/images/S/compressed.photo.goodreads.com/books/1348554571i/9402023._SX50_.jpg,https://www.goodreads.com/book/show/9402023-the-it-handbook-for-business-managing-information-technology-support-co,437,General,No description available.,goodreads_scraped,General General No description available.,4
The Cathedral and the Bazaar,The Cathedral and the Bazaar,Eric S. Raymond,4.22,18,https://covers.openlibrary.org/b/id/805932-L.jpg,https://openlibrary.org/works/OL6036025W,256,"Development, Computer hackers, open source development, open source, Open source software","Open source provides the competitive advantage in the Internet Age. According to the August Forrester Report, 56 percent of IT managers interviewed at Global 2,500 companies are already using some type of open source software in their infrastructure and another 6 percent will install it in the next two years. This revolutionary model for collaborative software development is being embraced and studied by many of the biggest players in the high-tech industry, from Sun Microsystems to IBM to Intel.The Cathedral & the Bazaar is a must for anyone who cares about the future of the computer industry or the dynamics of the information economy. Already, billions of dollars have been made and lost based on the ideas in this book. Its conclusions will be studied, debated, and implemented for years to come. According to Bob Young, ""This is Eric Raymond's great contribution to the success of the open source revolution, to the adoption of Linux-based operating systems, and to the success of open source users and the companies that supply them.""The interest in open source software development has grown enormously in the past year. This revised and expanded paperback edition includes new material on open source developments in 1999 and 2000. Raymond's clear and effective writing style accurately describing the benefits of open source software has been key to its success. With major vendors creating acceptance for open source within companies, independent vendors will become the open source story in 2001.",open_library_api,"Development, Computer hackers, open source development, open source, Open source software Development, Computer hackers, open source development, open source, Open source software Open source provides the competitive advantage in the Internet Age. According to the August Forrester Report, 56 percent of IT managers interviewed at Global 2,500 companies are already using some type of open source software in their infrastructure and another 6 percent will install it in the next two years. This revolutionary model for collaborative software development is being embraced and studied by many of the biggest players in the high-tech industry, from Sun Microsystems to IBM to Intel.The Cathedral & the Bazaar is a must for anyone who cares about the future of the computer industry or the dynamics of the information economy. Already, billions of dollars have been made and lost based on the ideas in this book. Its conclusions will be studied, debated, and implemented for years to come. According to Bob Young, ""This is Eric Raymond's great contribution to the success of the open source revolution, to the adoption of Linux-based operating systems, and to the success of open source users and the companies that supply them.""The interest in open source software development has grown enormously in the past year. This revised and expanded paperback edition includes new material on open source developments in 1999 and 2000. Raymond's clear and effective writing style accurately describing the benefits of open source software has been key to its success. With major vendors creating acceptance for open source within companies, independent vendors will become the open source story in 2001.",8
Programming in Scala: A Comprehensive Step-by-step Guide,Programming in Scala: A Comprehensive Step-by-step Guide,Martin Odersky,4.22,1663,https://i.gr-assets.com/images/S/compressed.photo.goodreads.com/books/1267787153i/5680904._SX50_.jpg,https://www.goodreads.com/book/show/5680904-programming-in-scala,437,General,No description available.,goodreads_scraped,General General No description available.,4
"HTML and CSS QuickStart Guide: The Simplified Beginners Guide to Developing a Strong Coding Foundation, Building Responsive Websites, and Mastering ...","HTML and CSS QuickStart Guide: The Simplified Beginners Guide to Developing a Strong Coding Foundation, Building Responsive Websites, and Mastering ...",David Durocher,4.22,9,https://i.gr-assets.com/images/S/compressed.photo.goodreads.com/books/1612629382i/56971310._SX50_.jpg,https://www.goodreads.com/book/show/56971310-html-and-css-quickstart-guide,361,Computers,No description available.,goodreads_scraped,Computers Computers No description available.,8
"Applied Cryptography: Protocols, Algorithms, and Source Code in C","Applied Cryptography: Protocols, Algorithms, and Source Code in C",Bruce Schneier,4.21,2139,https://i.gr-assets.com/images/S/compressed.photo.goodreads.com/books/1387734235i/351301._SX50_.jpg,https://www.goodreads.com/book/show/351301.Applied_Cryptography,784,"Security measures, Telecommunication, Computer security, Cryptography, C (Computer program language)",No description available.,goodreads_scraped,"Security measures, Telecommunication, Computer security, Cryptography, C (Computer program language) Security measures, Telecommunication, Computer security, Cryptography, C (Computer program language) No description available.",5
Fundamental Kotlin,Fundamental Kotlin,Miloš  Vasić,4.21,38,https://i.gr-assets.com/images/S/compressed.photo.goodreads.com/books/1475073984i/32307194._SX50_.jpg,https://www.goodreads.com/book/show/32307194-fundamental-kotlin,437,General,No description available.,goodreads_scraped,General General No description available.,4
Head First Android Development,Head First Android Development,Dawn Griffiths,4.21,400,https://i.gr-assets.com/images/S/compressed.photo.goodreads.com/books/1457512055i/29467350._SX50_.jpg,https://www.goodreads.com/book/show/29467350-head-first-android-development,437,General,No description available.,goodreads_scraped,General General No description available.,4
Artificial Intelligence: A Modern Approach,Artificial Intelligence: A Modern Approach,Stuart Russell,4.21,4478,https://i.gr-assets.com/images/S/compressed.photo.goodreads.com/books/1333191638i/1127841._SX50_.jpg,https://www.goodreads.com/book/show/1127841.Artificial_Intelligence,437,General,No description available.,goodreads_scraped,General General No description available.,4
Hacker's Delight,Hacker's Delight,Henry S. Warren Jr.,4.2,1139,https://i.gr-assets.com/images/S/compressed.photo.goodreads.com/books/1385216522i/276079._SY75_.jpg,https://www.goodreads.com/book/show/276079.Hacker_s_Delight,320,"Computer programming, Computer hackers, Hackers, Qa76.6 .w375 2013, 005.1",No description available.,goodreads_scraped,"Computer programming, Computer hackers, Hackers, Qa76.6 .w375 2013, 005.1 Computer programming, Computer hackers, Hackers, Qa76.6 .w375 2013, 005.1 No description available.",8
The Book of Why,The Book of Why,Judea Pearl,4.2,5,https://covers.openlibrary.org/b/id/8179733-L.jpg,https://openlibrary.org/works/OL17872278W,425,"Nonfiction, Computers, Computer Science, Causation, Inference","A Turing Award-winning computer scientist and statistician shows how understanding causality has revolutionized science and will revolutionize artificial intelligence

“Correlation is not causation.” This mantra, chanted by scientists for more than a century, has led to a virtual prohibition on causal talk. Today, that taboo is dead. The causal revolution, instigated by Judea Pearl and his colleagues, has cut through a century of confusion and established causality–the study of cause and effect–on a firm scientific basis. His work explains how we can know easy things, like whether it was rain or a sprinkler that made a sidewalk wet; and how to answer hard questions, like whether a drug cured an illness. Pearl’s work enables us to know not just whether one thing causes another: it lets us explore the world that is and the worlds that could have been. It shows us the essence of human thought and key to artificial intelligence. Anyone who wants to understand either needs The Book of Why.",open_library_api,"Nonfiction, Computers, Computer Science, Causation, Inference Nonfiction, Computers, Computer Science, Causation, Inference A Turing Award-winning computer scientist and statistician shows how understanding causality has revolutionized science and will revolutionize artificial intelligence

“Correlation is not causation.” This mantra, chanted by scientists for more than a century, has led to a virtual prohibition on causal talk. Today, that taboo is dead. The causal revolution, instigated by Judea Pearl and his colleagues, has cut through a century of confusion and established causality–the study of cause and effect–on a firm scientific basis. His work explains how we can know easy things, like whether it was rain or a sprinkler that made a sidewalk wet; and how to answer hard questions, like whether a drug cured an illness. Pearl’s work enables us to know not just whether one thing causes another: it lets us explore the world that is and the worlds that could have been. It shows us the essence of human thought and key to artificial intelligence. Anyone who wants to understand either needs The Book of Why.",8
Implementing Lean Software Development: From Concept to Cash),Implementing Lean Software Development: From Concept to Cash (Addison-Wesley Signature Series (Beck)),Mary Poppendieck,4.2,868,https://i.gr-assets.com/images/S/compressed.photo.goodreads.com/books/1388500407i/349417._SX50_.jpg,https://www.goodreads.com/book/show/349417.Implementing_Lean_Software_Development,304,"Development, Production management, Computer software, Computer software, development",No description available.,goodreads_scraped,"Development, Production management, Computer software, Computer software, development Development, Production management, Computer software, Computer software, development No description available.",0
Pre-release center program test design,Pre-release center program test design,Unknown Author,4.2,30,https://images.unsplash.com/photo-1543002588-bfa74002ed7e?q=80&w=300&auto=format&fit=crop,https://openlibrary.org/works/OL14921145M,17,"Pre-release programs for prisoners -- United States, Community-based corrections -- United States",No description available.,open_library_api,"Pre-release programs for prisoners -- United States, Community-based corrections -- United States Pre-release programs for prisoners -- United States, Community-based corrections -- United States No description available.",8
"Design Patterns: Elements of Reusable Object-oriented Software / Applying UML and Patterns: An Introduction to Object-Oriented Analysis and Design and Iterative Development, 2 Volume Set","Design Patterns: Elements of Reusable Object-oriented Software / Applying UML and Patterns: An Introduction to Object-Oriented Analysis and Design and Iterative Development, 2 Volume Set",Erich Gamma,4.2,12006,https://i.gr-assets.com/images/S/compressed.photo.goodreads.com/books/1180662124i/1062814._SX50_.jpg,https://www.goodreads.com/book/show/1062814.Design_Patterns,437,General,No description available.,goodreads_scraped,General General No description available.,4
Programming Pearls,Programming Pearls,Jon L. Bentley,4.2,3225,https://i.gr-assets.com/images/S/compressed.photo.goodreads.com/books/1385191091i/52084._SX50_.jpg,https://www.goodreads.com/book/show/52084.Programming_Pearls,437,General,No description available.,goodreads_scraped,General General No description available.,4
The Go Programming Language,The Go Programming Language,Alan A. A. Donovan,4.2,5,https://covers.openlibrary.org/b/id/7427319-L.jpg,https://openlibrary.org/works/OL17348524W,399,"Computer programs, Go (Computer program language), Programming, Open source software",No description available.,open_library_api,"Computer programs, Go (Computer program language), Programming, Open source software Computer programs, Go (Computer program language), Programming, Open source software No description available.",1
PHP & MySQL,PHP & MySQL,Jon Duckett,4.2,5,https://covers.openlibrary.org/b/id/10095878-L.jpg,https://openlibrary.org/works/OL20799566W,672,"Php (computer program language), Web site development, Sql (computer program language), Mathematics",No description available.,open_library_api,"Php (computer program language), Web site development, Sql (computer program language), Mathematics Php (computer program language), Web site development, Sql (computer program language), Mathematics No description available.",5
Effective Python,Effective Python,Brett Slatkin,4.2,5,https://covers.openlibrary.org/b/id/7363706-L.jpg,https://openlibrary.org/works/OL17192267W,368,"Python (Computer program language), Computer programming, Python (computer program language), Python (programspråk), Programmering","The Python programming language has unique strengths and charms that can be hard to grasp. Many programmers familiar with other languages often approach Python from a limited mindset instead of embracing its full expressivity. Some programmers go too far in the other direction, overusing Python features that can cause big problems later.

Effective Python provides insight into the Pythonic way of writing programs: the best way to use Python. It builds on a fundamental understanding of the language that I assume you already have. Novice programmers will learn the best practices of Python’s capabilities. Experienced programmers will learn how to embrace the strangeness of a new tool with confidence.  -[(Source)][1]


  [1]: http://www.effectivepython.com/",open_library_api,"Python (Computer program language), Computer programming, Python (computer program language), Python (programspråk), Programmering Python (Computer program language), Computer programming, Python (computer program language), Python (programspråk), Programmering The Python programming language has unique strengths and charms that can be hard to grasp. Many programmers familiar with other languages often approach Python from a limited mindset instead of embracing its full expressivity. Some programmers go too far in the other direction, overusing Python features that can cause big problems later.

Effective Python provides insight into the Pythonic way of writing programs: the best way to use Python. It builds on a fundamental understanding of the language that I assume you already have. Novice programmers will learn the best practices of Python’s capabilities. Experienced programmers will learn how to embrace the strangeness of a new tool with confidence.  -[(Source)][1]


  [1]: http://www.effectivepython.com/",1
Think Complexity: Complexity Science and Computational Modeling,Think Complexity: Complexity Science and Computational Modeling,Allen B. Downey,4.2,5,https://covers.openlibrary.org/b/id/8508584-L.jpg,https://openlibrary.org/works/OL19542561W,160,"Computational complexity, Python (Computer program language), Python (computer program language), COMPUTERS, Programming Languages",No description available.,open_library_api,"Computational complexity, Python (Computer program language), Python (computer program language), COMPUTERS, Programming Languages Computational complexity, Python (Computer program language), Python (computer program language), COMPUTERS, Programming Languages No description available.",1
C++ Programming: From Problem Analysis to Program Design,C++ Programming: From Problem Analysis to Program Design,D.S. Malik,4.2,199,https://i.gr-assets.com/images/S/compressed.photo.goodreads.com/books/1355873759i/12667136._SX50_.jpg,https://www.goodreads.com/book/show/12667136-c-programming,437,General,No description available.,goodreads_scraped,General General No description available.,4
Design Patterns: Elements of Reusable Object-Oriented Software,Design Patterns: Elements of Reusable Object-Oriented Software,Erich Gamma,4.2,12006,https://i.gr-assets.com/images/S/compressed.photo.goodreads.com/books/1348027904i/85009._SX50_.jpg,https://www.goodreads.com/book/show/85009.Design_Patterns,395,"Reusability, Object-oriented programming (Computer science), Computer software, Software patterns, Entwurfsmuster",No description available.,goodreads_scraped,"Reusability, Object-oriented programming (Computer science), Computer software, Software patterns, Entwurfsmuster Reusability, Object-oriented programming (Computer science), Computer software, Software patterns, Entwurfsmuster No description available.",8
"Learning PHP, MySQL & JavaScript","Learning PHP, MySQL & JavaScript",Robin Nixon,4.2,5,https://covers.openlibrary.org/b/id/5724818-L.jpg,https://openlibrary.org/works/OL9559525W,812,"PHP (Computer program language), Web sites, Web site development, Design, MySQL (Electronic resource)","Learning PHP, MySQL & JavaScript will teach you how to create responsive, data-driven websites with the three central technologies of PHP, MySQL and JavaScript - whether or not you know how to program. This simple, streamlined guide explains how the powerful combination of PHP and MySQL provides a painless way to build modern websites with dynamic data and user interaction. You'll also learn how to add JavaScript to create rich Internet websites and applications, and how to use Ajax to handle background communication with a web server. This book explains each technology separately, shows you how to combine them, and introduces valuable concepts in modern web programming, including objects, XHTML, cookies, regular expressions and session management.",open_library_api,"PHP (Computer program language), Web sites, Web site development, Design, MySQL (Electronic resource) PHP (Computer program language), Web sites, Web site development, Design, MySQL (Electronic resource) Learning PHP, MySQL & JavaScript will teach you how to create responsive, data-driven websites with the three central technologies of PHP, MySQL and JavaScript - whether or not you know how to program. This simple, streamlined guide explains how the powerful combination of PHP and MySQL provides a painless way to build modern websites with dynamic data and user interaction. You'll also learn how to add JavaScript to create rich Internet websites and applications, and how to use Ajax to handle background communication with a web server. This book explains each technology separately, shows you how to combine them, and introduces valuable concepts in modern web programming, including objects, XHTML, cookies, regular expressions and session management.",5
"Growing Object-Oriented Software, Guided by Tests)","Growing Object-Oriented Software, Guided by Tests (Addison-Wesley Signature Series (Beck))",Steve Freeman,4.19,2467,https://i.gr-assets.com/images/S/compressed.photo.goodreads.com/books/1348030542i/4268826._SX50_.jpg,https://www.goodreads.com/book/show/4268826-growing-object-oriented-software-guided-by-tests-addison-wesley-signat,437,General,No description available.,goodreads_scraped,General General No description available.,4
Desire Never Changes,Desire Never Changes,Penny Jordan,4.19,16,https://covers.openlibrary.org/b/id/9606214-L.jpg,https://openlibrary.org/works/OL3759059W,221,"Fiction, Romance, Contemporary, Photography,  fiction, Computer programming, fiction, Photographers, fiction, Marriage proposals, fiction","Marry Chase Lorimer--impossible!

Since 18 year old  Somer MacDonald's humiliating encounter with 28 year old Chase Lorimer on the isle of Jersey, she had kept men at a distance.

Five years ago she had foolishly tried to prove her sexual desirability by seducing the gorgeous world-renowned photographer. But her plan had backfired when Chase coldly denied her advances.

Now Chase was suddenly back in her life--and he wanted to marry her! The all-encompassing force drawing Somer to him was undeniable. But could she risk rejection again?",open_library_api,"Fiction, Romance, Contemporary, Photography,  fiction, Computer programming, fiction, Photographers, fiction, Marriage proposals, fiction Fiction, Romance, Contemporary, Photography,  fiction, Computer programming, fiction, Photographers, fiction, Marriage proposals, fiction Marry Chase Lorimer--impossible!

Since 18 year old  Somer MacDonald's humiliating encounter with 28 year old Chase Lorimer on the isle of Jersey, she had kept men at a distance.

Five years ago she had foolishly tried to prove her sexual desirability by seducing the gorgeous world-renowned photographer. But her plan had backfired when Chase coldly denied her advances.

Now Chase was suddenly back in her life--and he wanted to marry her! The all-encompassing force drawing Somer to him was undeniable. But could she risk rejection again?",8
Communication Networks: Fundamental Concepts and Key Architectures,Communication Networks: Fundamental Concepts and Key Architectures,Alberto Leon-Garcia,4.19,53,https://i.gr-assets.com/images/S/compressed.photo.goodreads.com/books/1386921392i/62846._SX50_.jpg,https://www.goodreads.com/book/show/62846.Communication_Networks,900,"Computer networks, Telecommunication systems, Computer network architectures, Telecommunicatietechniek, Datatransmissie",No description available.,goodreads_scraped,"Computer networks, Telecommunication systems, Computer network architectures, Telecommunicatietechniek, Datatransmissie Computer networks, Telecommunication systems, Computer network architectures, Telecommunicatietechniek, Datatransmissie No description available.",6
How Linux Works: What Every Superuser Should Know,How Linux Works: What Every Superuser Should Know,Brian  Ward,4.18,1257,https://i.gr-assets.com/images/S/compressed.photo.goodreads.com/books/1328753430i/514432._SX50_.jpg,https://www.goodreads.com/book/show/514432.How_Linux_Works,390,"Operating systems (Computers), Linux, Linux (computer operating system), Technology, Computers","Unlike some operating systems, Linux doesn’t try to hide the important bits from you—it gives you full control of your computer. But to truly master Linux, you need to understand its internals, like how the system boots, how networking works, and what the kernel actually does.

In this completely revised second edition of the perennial best seller How Linux Works, author Brian Ward makes the concepts behind Linux internals accessible to anyone curious about the inner workings of the operating system. Inside, you’ll find the kind of knowledge that normally comes from years of experience doing things the hard way. You’ll learn:
–How Linux boots, from boot loaders to init implementations (systemd, Upstart, and System V)
–How the kernel manages devices, device drivers, and processes
–How networking, interfaces, firewalls, and servers work
–How development tools work and relate to shared libraries
–How to write effective shell scripts

You’ll also explore the kernel and examine key system tasks inside user space, including system calls, input and output, and filesystems. With its combination of background, theory, real-world examples, and patient explanations, How Linux Works will teach you what you need to know to solve pesky problems and take control of your operating system.",goodreads_scraped,"Operating systems (Computers), Linux, Linux (computer operating system), Technology, Computers Operating systems (Computers), Linux, Linux (computer operating system), Technology, Computers Unlike some operating systems, Linux doesn’t try to hide the important bits from you—it gives you full control of your computer. But to truly master Linux, you need to understand its internals, like how the system boots, how networking works, and what the kernel actually does.

In this completely revised second edition of the perennial best seller How Linux Works, author Brian Ward makes the concepts behind Linux internals accessible to anyone curious about the inner workings of the operating system. Inside, you’ll find the kind of knowledge that normally comes from years of experience doing things the hard way. You’ll learn:
–How Linux boots, from boot loaders to init implementations (systemd, Upstart, and System V)
–How the kernel manages devices, device drivers, and processes
–How networking, interfaces, firewalls, and servers work
–How development tools work and relate to shared libraries
–How to write effective shell scripts

You’ll also explore the kernel and examine key system tasks inside user space, including system calls, input and output, and filesystems. With its combination of background, theory, real-world examples, and patient explanations, How Linux Works will teach you what you need to know to solve pesky problems and take control of your operating system.",8
Pro Git,Pro Git,Scott Chacon,4.18,3413,https://i.gr-assets.com/images/S/compressed.photo.goodreads.com/books/1383771684i/6518085._SX50_.jpg,https://www.goodreads.com/book/show/6518085-pro-git,426,"Computer science, Software engineering, Electronic data processing, Distributed processing, Git (Computer file)","*Pro Git* is your fully-updated guide to Git and its usage in the modern world. Git has come a long way since it was first developed by Linus Torvalds for Linux kernel development. It has taken the open source world by storm since its inception in 2005, and this book teaches you how to use it like a pro.

Effective and well-implemented version control is a necessity for successful web projects, whether large or small. With this book you’ll learn how to master the world of distributed version workflow, use the distributed features of Git to the full, and extend Git to meet your every need.",goodreads_scraped,"Computer science, Software engineering, Electronic data processing, Distributed processing, Git (Computer file) Computer science, Software engineering, Electronic data processing, Distributed processing, Git (Computer file) *Pro Git* is your fully-updated guide to Git and its usage in the modern world. Git has come a long way since it was first developed by Linus Torvalds for Linux kernel development. It has taken the open source world by storm since its inception in 2005, and this book teaches you how to use it like a pro.

Effective and well-implemented version control is a necessity for successful web projects, whether large or small. With this book you’ll learn how to master the world of distributed version workflow, use the distributed features of Git to the full, and extend Git to meet your every need.",8
Code,Code,Charles Petzold,4.18,22,https://covers.openlibrary.org/b/id/460968-L.jpg,https://openlibrary.org/works/OL1972516W,393,"Computer programming, Coding theory, Datenverarbeitung, Computers, Hardware","What do flashlights, the British invasion, black cats, and seesaws have to do with computers? In CODE, they show us the ingenious ways we manipulate language and invent new means of communicating with each other. And through CODE, we see how this ingenuity and our very human compulsion to communicate have driven the technological innovations of the past two centuries. 

Using everyday objects and familiar language systems such as Braille and Morse code, author Charles Petzold weaves an illuminating narrative for anyone who’s ever wondered about the secret inner life of computers and other smart machines. 

It’s a cleverly illustrated and eminently comprehensible story—and along the way, you’ll discover you’ve gained a real context for understanding today’s world of PCs, digital media, and the Internet. No matter what your level of technical savvy, CODE will charm you—and perhaps even awaken the technophile within.",open_library_api,"Computer programming, Coding theory, Datenverarbeitung, Computers, Hardware Computer programming, Coding theory, Datenverarbeitung, Computers, Hardware What do flashlights, the British invasion, black cats, and seesaws have to do with computers? In CODE, they show us the ingenious ways we manipulate language and invent new means of communicating with each other. And through CODE, we see how this ingenuity and our very human compulsion to communicate have driven the technological innovations of the past two centuries. 

Using everyday objects and familiar language systems such as Braille and Morse code, author Charles Petzold weaves an illuminating narrative for anyone who’s ever wondered about the secret inner life of computers and other smart machines. 

It’s a cleverly illustrated and eminently comprehensible story—and along the way, you’ll discover you’ve gained a real context for understanding today’s world of PCs, digital media, and the Internet. No matter what your level of technical savvy, CODE will charm you—and perhaps even awaken the technophile within.",8
The Art of UNIX Programming,The Art of UNIX Programming,Eric S. Raymond,4.18,1271,https://i.gr-assets.com/images/S/compressed.photo.goodreads.com/books/1348957784i/104745._SX50_.jpg,https://www.goodreads.com/book/show/104745.The_Art_of_UNIX_Programming,525,"Operating systems (Computers), UNIX (Computer file), Unix shells (computer programs), Systèmes d'exploitation (Ordinateurs)","The Art of Unix Programming attempts to capture the engineering wisdom and philosophy of the Unix community as it's applied today — not merely as it has been written down in the past, but as a living ""special transmission, outside the scriptures"" passed from guru to guru. Accordingly, the book doesn't focus so much on ""what"" as on ""why"", showing the connection between Unix philosophy and practice through case studies in widely available open-source software. [Authors Site][1]


  [1]: http://catb.org/~esr/writings/taoup/",goodreads_scraped,"Operating systems (Computers), UNIX (Computer file), Unix shells (computer programs), Systèmes d'exploitation (Ordinateurs) Operating systems (Computers), UNIX (Computer file), Unix shells (computer programs), Systèmes d'exploitation (Ordinateurs) The Art of Unix Programming attempts to capture the engineering wisdom and philosophy of the Unix community as it's applied today — not merely as it has been written down in the past, but as a living ""special transmission, outside the scriptures"" passed from guru to guru. Accordingly, the book doesn't focus so much on ""what"" as on ""why"", showing the connection between Unix philosophy and practice through case studies in widely available open-source software. [Authors Site][1]


  [1]: http://catb.org/~esr/writings/taoup/",5
Learn Linux Quickly: A Friendly Guide to Easily Master the World's Most Powerful Operating System.,Learn Linux Quickly: A Friendly Guide to Easily Master the World's Most Powerful Operating System.,Ahmed Alkabary,4.17,24,https://i.gr-assets.com/images/S/compressed.photo.goodreads.com/books/1590572763i/53493868._SX50_.jpg,https://www.goodreads.com/book/show/53493868-learn-linux-quickly,437,General,No description available.,goodreads_scraped,General General No description available.,4
Algorithm Design,Algorithm Design,Jon Kleinberg,4.17,668,https://i.gr-assets.com/images/S/compressed.photo.goodreads.com/books/1348335904i/145055._SX50_.jpg,https://www.goodreads.com/book/show/145055.Algorithm_Design,924,"Computer algorithms, Data structures (Computer science), Algorithmes, Structures de donnees (Informatique), Algoritmen","""Algorithm Design takes a fresh approach to the algorithms course, introducing algorithmic ideas through the real-world problems that motivate them. In a clear, direct style, Jon Kleinberg and Eva Tardos teach students to analyze and define problems for themselves, and from this to recognize which design principles are appropriate for a given situation. The text encourages a greater understanding of the algorithm design process and an appreciation of the role of algorithms in the broader field of computer science.""--Jacket.",goodreads_scraped,"Computer algorithms, Data structures (Computer science), Algorithmes, Structures de donnees (Informatique), Algoritmen Computer algorithms, Data structures (Computer science), Algorithmes, Structures de donnees (Informatique), Algoritmen ""Algorithm Design takes a fresh approach to the algorithms course, introducing algorithmic ideas through the real-world problems that motivate them. In a clear, direct style, Jon Kleinberg and Eva Tardos teach students to analyze and define problems for themselves, and from this to recognize which design principles are appropriate for a given situation. The text encourages a greater understanding of the algorithm design process and an appreciation of the role of algorithms in the broader field of computer science.""--Jacket.",6
JavaScript Patterns: Build Better Applications with Coding and Design Patterns,JavaScript Patterns: Build Better Applications with Coding and Design Patterns,Stoyan Stefanov,4.17,1629,https://i.gr-assets.com/images/S/compressed.photo.goodreads.com/books/1344668503i/9422683._SX50_.jpg,https://www.goodreads.com/book/show/9422683-javascript-patterns,240,"Web site development, Software patterns, JavaScript (Computer program language), Javascript, General",No description available.,goodreads_scraped,"Web site development, Software patterns, JavaScript (Computer program language), Javascript, General Web site development, Software patterns, JavaScript (Computer program language), Javascript, General No description available.",1
Smalltalk Best Practice Patterns,Smalltalk Best Practice Patterns,Kent Beck,4.17,283,https://i.gr-assets.com/images/S/compressed.photo.goodreads.com/books/1390275474i/781561._SX50_.jpg,https://www.goodreads.com/book/show/781561.Smalltalk_Best_Practice_Patterns,224,"Smalltalk (Computer program language), Object-oriented programming (computer science)",No description available.,goodreads_scraped,"Smalltalk (Computer program language), Object-oriented programming (computer science) Smalltalk (Computer program language), Object-oriented programming (computer science) No description available.",1
JavaScript and jQuery,JavaScript and jQuery,Jon Duckett,4.17,6,https://covers.openlibrary.org/b/id/7419725-L.jpg,https://openlibrary.org/works/OL17341092W,640,"JavaScript (Computer program language), Web site development, Computers--programming languages--javascript, Javascript, Jquery","This is not your average programming book.

We understand that all kinds of people build websites these days (and that they don’t all have a degree in computer science).

So, if you want to use JavaScript to make your web pages more interactive, interesting, and usable, we can help. Even if you have never done any programming.",open_library_api,"JavaScript (Computer program language), Web site development, Computers--programming languages--javascript, Javascript, Jquery JavaScript (Computer program language), Web site development, Computers--programming languages--javascript, Javascript, Jquery This is not your average programming book.

We understand that all kinds of people build websites these days (and that they don’t all have a degree in computer science).

So, if you want to use JavaScript to make your web pages more interactive, interesting, and usable, we can help. Even if you have never done any programming.",5
Python for Data Analysis,Python for Data Analysis,Wes McKinney,4.17,2470,https://i.gr-assets.com/images/S/compressed.photo.goodreads.com/books/1356132971i/14744694._SX50_.jpg,https://www.goodreads.com/book/show/14744694-python-for-data-analysis,508,"Programming languages (Electronic computers), Python (Computer program language), Data mining, Python (Langage de programmation), Exploration de données (Informatique)",Serves as an introduction to Python for data-intensive applications.,goodreads_scraped,"Programming languages (Electronic computers), Python (Computer program language), Data mining, Python (Langage de programmation), Exploration de données (Informatique) Programming languages (Electronic computers), Python (Computer program language), Data mining, Python (Langage de programmation), Exploration de données (Informatique) Serves as an introduction to Python for data-intensive applications.",5
"Functional Web Development with Elixir, OTP, and Phoenix: Rethink the Modern Web App","Functional Web Development with Elixir, OTP, and Phoenix: Rethink the Modern Web App",Lance Halvorsen,4.17,81,https://i.gr-assets.com/images/S/compressed.photo.goodreads.com/books/1519374610i/38726929._SX50_.jpg,https://www.goodreads.com/book/show/38726929-functional-web-development-with-elixir-otp-and-phoenix,220,"Web site development, Elixir (Computer program language), Programming, Web applications, Programming languages (electronic computers)",No description available.,goodreads_scraped,"Web site development, Elixir (Computer program language), Programming, Web applications, Programming languages (electronic computers) Web site development, Elixir (Computer program language), Programming, Web applications, Programming languages (electronic computers) No description available.",8
The Mythical Man-Month,The Mythical Man-Month,Frederick P. Brooks,4.16,31,https://covers.openlibrary.org/b/id/6915361-L.jpg,https://openlibrary.org/works/OL3510570W,195,"Computer programming management, Addresses, essays, lectures, Software engineering, Electronic digital computers, Programming","Classic text on the human side of software engineering, containing essays on the management of software teams, projections about how computer languages and tools will evolve, and philosophical speculation. Unlike most other books about computing, Brooks' work has been remarkably enduring, remaining in print for at least four decades. The book is most famous for its statement of Brooks' Law: ""adding manpower to a late software project makes it later"".",open_library_api,"Computer programming management, Addresses, essays, lectures, Software engineering, Electronic digital computers, Programming Computer programming management, Addresses, essays, lectures, Software engineering, Electronic digital computers, Programming Classic text on the human side of software engineering, containing essays on the management of software teams, projections about how computer languages and tools will evolve, and philosophical speculation. Unlike most other books about computing, Brooks' work has been remarkably enduring, remaining in print for at least four decades. The book is most famous for its statement of Brooks' Law: ""adding manpower to a late software project makes it later"".",8
Land of Lisp,Land of Lisp,Conrad Barski,4.16,677,https://i.gr-assets.com/images/S/compressed.photo.goodreads.com/books/1403198191i/6905041._SX50_.jpg,https://www.goodreads.com/book/show/6905041-land-of-lisp,482,"computer programming, lisp, progamming, Computer games, COMMON LISP (Computer program language)",No description available.,goodreads_scraped,"computer programming, lisp, progamming, Computer games, COMMON LISP (Computer program language) computer programming, lisp, progamming, Computer games, COMMON LISP (Computer program language) No description available.",5
Specifying Systems: The TLA+ Language and Tools for Hardware and Software Engineers,Specifying Systems: The TLA+ Language and Tools for Hardware and Software Engineers,Leslie Lamport,4.16,45,https://i.gr-assets.com/images/S/compressed.photo.goodreads.com/books/1347853481i/2159127._SX50_.jpg,https://www.goodreads.com/book/show/2159127.Specifying_Systems,437,General,No description available.,goodreads_scraped,General General No description available.,4
Hackers: Heroes of the Computer Revolution,Hackers: Heroes of the Computer Revolution,Steven Levy,4.16,8628,https://i.gr-assets.com/images/S/compressed.photo.goodreads.com/books/1435697935i/56829._SY75_.jpg,https://www.goodreads.com/book/show/56829.Hackers,456,"Computer programming, Electronic digital computers, Programming, Computer hackers, History","Today, technology is cool. Owning the most powerful computer, the latest high-tech gadget, and the whizziest website is a status symbol on a par with having a flashy car or a designer suit. And a media obsessed with the digital explosion has reappropriated the term ""computer nerd"" so that it's practically synonymous with ""entrepreneur."" Yet, a mere fifteen years ago, wireheads hooked on tweaking endless lines of code were seen as marginal weirdos, outsiders whose world would never resonate with the mainstream. That was before one pioneering work documented the underground computer revolution that was about to change our world forever.

With groundbreaking profiles of Bill Gates, Steve Wozniak, MIT's Tech Model Railroad Club, and more, Steven Levy's Hackers brilliantly captures a seminal moment when the risk takers and explorers were poised to conquer twentieth-century America's last great frontier. And in the Internet age, ""the hacker ethic"" -- first espoused here -- is alive and well. - Back cover.",goodreads_scraped,"Computer programming, Electronic digital computers, Programming, Computer hackers, History Computer programming, Electronic digital computers, Programming, Computer hackers, History Today, technology is cool. Owning the most powerful computer, the latest high-tech gadget, and the whizziest website is a status symbol on a par with having a flashy car or a designer suit. And a media obsessed with the digital explosion has reappropriated the term ""computer nerd"" so that it's practically synonymous with ""entrepreneur."" Yet, a mere fifteen years ago, wireheads hooked on tweaking endless lines of code were seen as marginal weirdos, outsiders whose world would never resonate with the mainstream. That was before one pioneering work documented the underground computer revolution that was about to change our world forever.

With groundbreaking profiles of Bill Gates, Steve Wozniak, MIT's Tech Model Railroad Club, and more, Steven Levy's Hackers brilliantly captures a seminal moment when the risk takers and explorers were poised to conquer twentieth-century America's last great frontier. And in the Internet age, ""the hacker ethic"" -- first espoused here -- is alive and well. - Back cover.",8
Domain-Driven Design: Tackling Complexity in the Heart of Software,Domain-Driven Design: Tackling Complexity in the Heart of Software,Eric Evans,4.15,5874,https://i.gr-assets.com/images/S/compressed.photo.goodreads.com/books/1287493789i/179133._SX50_.jpg,https://www.goodreads.com/book/show/179133.Domain_Driven_Design,529,"Development, Computer software, Object-oriented programming (Computer science), Computer software, development, Computer software--development",No description available.,goodreads_scraped,"Development, Computer software, Object-oriented programming (Computer science), Computer software, development, Computer software--development Development, Computer software, Object-oriented programming (Computer science), Computer software, development, Computer software--development No description available.",0
Practical Common Lisp,Practical Common Lisp,Peter Seibel,4.15,790,https://i.gr-assets.com/images/S/compressed.photo.goodreads.com/books/1347722574i/570933._SX50_.jpg,https://www.goodreads.com/book/show/570933.Practical_Common_Lisp,500,"COMMON LISP (Computer program language), Lisp (computer program language), Programming languages (electronic computers), Common lisp (computer program language), Qa76.73.l23 s45 2005",No description available.,goodreads_scraped,"COMMON LISP (Computer program language), Lisp (computer program language), Programming languages (electronic computers), Common lisp (computer program language), Qa76.73.l23 s45 2005 COMMON LISP (Computer program language), Lisp (computer program language), Programming languages (electronic computers), Common lisp (computer program language), Qa76.73.l23 s45 2005 No description available.",5
Thinking in Java,Thinking in Java,Bruce Eckel,4.15,2215,https://i.gr-assets.com/images/S/compressed.photo.goodreads.com/books/1347737121i/71672._SX50_.jpg,https://www.goodreads.com/book/show/71672.Thinking_in_Java,1123,"Java (Computer program language), Linguagem de programacao (outras), Java (programmeertaal), open_syllabus_project, Java","“Thinking in Java should be read cover to cover by every Java programmer, then kept close at hand for frequent reference. The exercises are challenging, and the chapter on Collections is superb! Not only did this book help me to pass the Sun Certified Java Programmer exam; it’s also the first book I turn to whenever I have a Java question.”
—Jim Pleger, Loudoun County (Virginia) Government 

“Much better than any other Java book I’ve seen. Make that ‘by an order of magnitude’.... Very complete, with excellent right-to-the-point examples and intelligent, not dumbed-down, explanations.... In contrast to many other Java books I found it to be unusually mature, consistent, intellectually honest, well-written, and precise. IMHO, an ideal book for studying Java.”
—Anatoly Vorobey, Technion University, Haifa, Israel 

“Absolutely one of the best programming tutorials I’ve seen for any language.”
—Joakim Ziegler, FIX sysop 

“Thank you again for your awesome book. I was really floundering (being a non-C programmer), but your book has brought me up to speed as fast as I could read it. It’s really cool to be able to understand the underlying principles and concepts from the start, rather than having to try to build that conceptual model through trial and error. Hopefully I will be able to attend your seminar in the not-too-distant future.”
—Randall R. Hawley, automation technician, Eli Lilly & Co.

“This is one of the best books I’ve read about a programming language.... The best book ever written on Java.”
—Ravindra Pai, Oracle Corporation, SUNOS product line 

“Bruce, your book is wonderful! Your explanations are clear and direct. Through your fantastic book I have gained a tremendous amount of Java knowledge. The exercises are also fantastic and do an excellent job reinforcing the ideas explained throughout the chapters. I look forward to reading more books written by you. Thank you for the tremendous service that you are providing by writing such great books. My code will be much better after reading Thinking in Java. I thank you and I’m sure any programmers who will have to maintain my code are also grateful to you.”
- Yvonne Watkins, Java artisan, Discover Technologies, Inc.

“Other books cover the what of Java (describing the syntax and the libraries) or the how of Java (practical programming examples). Thinking in Java is the only book I know that explains the why of Java: Why it was designed the way it was, why it works the way it does, why it sometimes doesn’t work, why it’s better than C++, why it’s not. Although it also does a good job of teaching the what and how of the language, Thinking in Java is definitely the thinking person’s choice in a Java book.”
—Robert S. Stephenson 

Awards for Thinking in Java  
 - 2003 Software Development Magazine Jolt Award for Best Book
 - 2003 Java Developer’s Journal Reader’s Choice Award for Best Book
       2001 JavaWorld Editor’s Choice Award for Best Book
       2000 JavaWorld Reader’s Choice Award for Best Book
       1999 Software Development Magazine Productivity Award
       1998 Java Developer’s Journal Editor’s Choice Award for Best Book


Download seven free sample chapters from Thinking in Java, Fourth Edition. Visit http://mindview.net/Books/TIJ4.",goodreads_scraped,"Java (Computer program language), Linguagem de programacao (outras), Java (programmeertaal), open_syllabus_project, Java Java (Computer program language), Linguagem de programacao (outras), Java (programmeertaal), open_syllabus_project, Java “Thinking in Java should be read cover to cover by every Java programmer, then kept close at hand for frequent reference. The exercises are challenging, and the chapter on Collections is superb! Not only did this book help me to pass the Sun Certified Java Programmer exam; it’s also the first book I turn to whenever I have a Java question.”
—Jim Pleger, Loudoun County (Virginia) Government 

“Much better than any other Java book I’ve seen. Make that ‘by an order of magnitude’.... Very complete, with excellent right-to-the-point examples and intelligent, not dumbed-down, explanations.... In contrast to many other Java books I found it to be unusually mature, consistent, intellectually honest, well-written, and precise. IMHO, an ideal book for studying Java.”
—Anatoly Vorobey, Technion University, Haifa, Israel 

“Absolutely one of the best programming tutorials I’ve seen for any language.”
—Joakim Ziegler, FIX sysop 

“Thank you again for your awesome book. I was really floundering (being a non-C programmer), but your book has brought me up to speed as fast as I could read it. It’s really cool to be able to understand the underlying principles and concepts from the start, rather than having to try to build that conceptual model through trial and error. Hopefully I will be able to attend your seminar in the not-too-distant future.”
—Randall R. Hawley, automation technician, Eli Lilly & Co.

“This is one of the best books I’ve read about a programming language.... The best book ever written on Java.”
—Ravindra Pai, Oracle Corporation, SUNOS product line 

“Bruce, your book is wonderful! Your explanations are clear and direct. Through your fantastic book I have gained a tremendous amount of Java knowledge. The exercises are also fantastic and do an excellent job reinforcing the ideas explained throughout the chapters. I look forward to reading more books written by you. Thank you for the tremendous service that you are providing by writing such great books. My code will be much better after reading Thinking in Java. I thank you and I’m sure any programmers who will have to maintain my code are also grateful to you.”
- Yvonne Watkins, Java artisan, Discover Technologies, Inc.

“Other books cover the what of Java (describing the syntax and the libraries) or the how of Java (practical programming examples). Thinking in Java is the only book I know that explains the why of Java: Why it was designed the way it was, why it works the way it does, why it sometimes doesn’t work, why it’s better than C++, why it’s not. Although it also does a good job of teaching the what and how of the language, Thinking in Java is definitely the thinking person’s choice in a Java book.”
—Robert S. Stephenson 

Awards for Thinking in Java  
 - 2003 Software Development Magazine Jolt Award for Best Book
 - 2003 Java Developer’s Journal Reader’s Choice Award for Best Book
       2001 JavaWorld Editor’s Choice Award for Best Book
       2000 JavaWorld Reader’s Choice Award for Best Book
       1999 Software Development Magazine Productivity Award
       1998 Java Developer’s Journal Editor’s Choice Award for Best Book


Download seven free sample chapters from Thinking in Java, Fourth Edition. Visit http://mindview.net/Books/TIJ4.",6
Daemon,Daemon,Daniel Suarez,4.15,48,https://covers.openlibrary.org/b/id/6404884-L.jpg,https://openlibrary.org/works/OL13646905W,540,"Human-computer interaction, International economic integration, Computer programmers, Fiction, Thriller","Already an underground sensation, a high-tech thriller for the wireless age that explores the unthinkable consequences of a computer program running without human control—a daemon—designed to dismantle society and bring about a new world order.

Technology controls almost everything in our modern-day world, from remote entry on our cars to access to our homes, from the flight controls of our airplanes to the movements of the entire world economy. Thousands of autonomous computer programs, or daemons, make our networked world possible, running constantly in the background of our lives, trafficking e-mail, transferring money, and monitoring power grids. For the most part, daemons are benign, but the same can't always be said for the people who design them.

Matthew Sobol was a legendary computer game designer—the architect behind half-a-dozen popular online games. His premature death depressed both gamers and his company's stock price. But Sobol's fans aren't the only ones to note his passing. When his obituary is posted online, a previously dormant daemon activates, initiating a chain of events intended to unravel the fabric of our hyper-efficient, interconnected world. With Sobol's secrets buried along with him, and as new layers of his daemon are unleashed at every turn, it's up to an unlikely alliance to decipher his intricate plans and wrest the world from the grasp of a nameless, faceless enemy—or learn to live in a society in which we are no longer in control...

Computer technology expert Daniel Suarez blends haunting high-tech realism with gripping suspense in an authentic, complex thriller in the tradition of Michael Crichton, Neal Stephenson, and William Gibson.",open_library_api,"Human-computer interaction, International economic integration, Computer programmers, Fiction, Thriller Human-computer interaction, International economic integration, Computer programmers, Fiction, Thriller Already an underground sensation, a high-tech thriller for the wireless age that explores the unthinkable consequences of a computer program running without human control—a daemon—designed to dismantle society and bring about a new world order.

Technology controls almost everything in our modern-day world, from remote entry on our cars to access to our homes, from the flight controls of our airplanes to the movements of the entire world economy. Thousands of autonomous computer programs, or daemons, make our networked world possible, running constantly in the background of our lives, trafficking e-mail, transferring money, and monitoring power grids. For the most part, daemons are benign, but the same can't always be said for the people who design them.

Matthew Sobol was a legendary computer game designer—the architect behind half-a-dozen popular online games. His premature death depressed both gamers and his company's stock price. But Sobol's fans aren't the only ones to note his passing. When his obituary is posted online, a previously dormant daemon activates, initiating a chain of events intended to unravel the fabric of our hyper-efficient, interconnected world. With Sobol's secrets buried along with him, and as new layers of his daemon are unleashed at every turn, it's up to an unlikely alliance to decipher his intricate plans and wrest the world from the grasp of a nameless, faceless enemy—or learn to live in a society in which we are no longer in control...

Computer technology expert Daniel Suarez blends haunting high-tech realism with gripping suspense in an authentic, complex thriller in the tradition of Michael Crichton, Neal Stephenson, and William Gibson.",5
The Shellcoder's Handbook: Discovering and Exploiting Security Holes,The Shellcoder's Handbook: Discovering and Exploiting Security Holes,Jack Koziol,4.15,335,https://i.gr-assets.com/images/S/compressed.photo.goodreads.com/books/1347287784i/1174511._SX50_.jpg,https://www.goodreads.com/book/show/1174511.The_Shellcoder_s_Handbook,698,"Computer security, Data protection, Risk assessment, Network security, Computers - Computer Security",No description available.,goodreads_scraped,"Computer security, Data protection, Risk assessment, Network security, Computers - Computer Security Computer security, Data protection, Risk assessment, Network security, Computers - Computer Security No description available.",5
Purely Functional Data Structures,Purely Functional Data Structures (Volume 0),Chris Okasaki,4.15,674,https://i.gr-assets.com/images/S/compressed.photo.goodreads.com/books/1388210737i/594288._SY75_.jpg,https://www.goodreads.com/book/show/594288.Purely_Functional_Data_Structures,220,"Functional programming languages, Data structures (Computer science), Langages de programmation fonctionnels, Structures de données (Informatique), Functional programming (computer science)",No description available.,goodreads_scraped,"Functional programming languages, Data structures (Computer science), Langages de programmation fonctionnels, Structures de données (Informatique), Functional programming (computer science) Functional programming languages, Data structures (Computer science), Langages de programmation fonctionnels, Structures de données (Informatique), Functional programming (computer science) No description available.",8
Introduction to System Design,Introduction to System Design,Shivam    Singh,4.15,41,https://i.gr-assets.com/images/S/compressed.photo.goodreads.com/books/1624938995i/58451030._SY75_.jpg,https://www.goodreads.com/book/show/58451030-introduction-to-system-design,437,General,No description available.,goodreads_scraped,General General No description available.,4
C Primer Plus,C Primer Plus,Stephen Prata,4.15,266,https://i.gr-assets.com/images/S/compressed.photo.goodreads.com/books/1348613457i/120642._SX50_.jpg,https://www.goodreads.com/book/show/120642.C_Primer_Plus,959,"Computer Technology, C++ (Computer program language), Object-oriented programming (Computer science), Nonfiction, C (Computer program language)","Annotation

Annotation",goodreads_scraped,"Computer Technology, C++ (Computer program language), Object-oriented programming (Computer science), Nonfiction, C (Computer program language) Computer Technology, C++ (Computer program language), Object-oriented programming (Computer science), Nonfiction, C (Computer program language) Annotation

Annotation",6
Modern Operating Systems,Modern Operating Systems,Andrew S. Tanenbaum,4.14,2219,https://i.gr-assets.com/images/S/compressed.photo.goodreads.com/books/1387702085i/166195._SX50_.jpg,https://www.goodreads.com/book/show/166195.Modern_Operating_Systems,1040,"Besturingssystemen, İşletim sistemleri (Bilgisayarlar), Operating systems (Computers), ÇIðsletim sistemleri (Bilgisayarlar, Computers and IT","Modern Operating Systems, Fourth Edition, is intended for introductory courses in Operating Systems in Computer Science, Computer Engineering, and Electrical Engineering programs. It also serves as a useful reference for OS professionals

The widely anticipated revision of this worldwide best-seller incorporates the latest developments in operating systems (OS) technologies. The Fourth Edition includes up-to-date materials on relevant¿OS. Tanenbaum also provides information on current research based on his experience as an operating systems researcher.

Modern Operating Systems, Third Editionwas the recipient of the 2010 McGuffey Longevity Award. The McGuffey Longevity Award recognizes textbooks whose excellence has been demonstrated over time.http://taaonline.net/index.html

**Teaching and Learning Experience**

This program will provide a better teaching and learning experience–for you and your students. It will help:

 - Provide Practical Detail on the Big Picture Concepts: A clear and entertaining writing style outlines the concepts every OS designer needs to master.
 - Keep Your Course Current: This edition includes information on the latest OS technologies and developments
 - Enhance Learning with Student and Instructor Resources: Students will gain hands-on experience using the simulation exercises and lab experiments.",goodreads_scraped,"Besturingssystemen, İşletim sistemleri (Bilgisayarlar), Operating systems (Computers), ÇIðsletim sistemleri (Bilgisayarlar, Computers and IT Besturingssystemen, İşletim sistemleri (Bilgisayarlar), Operating systems (Computers), ÇIðsletim sistemleri (Bilgisayarlar, Computers and IT Modern Operating Systems, Fourth Edition, is intended for introductory courses in Operating Systems in Computer Science, Computer Engineering, and Electrical Engineering programs. It also serves as a useful reference for OS professionals

The widely anticipated revision of this worldwide best-seller incorporates the latest developments in operating systems (OS) technologies. The Fourth Edition includes up-to-date materials on relevant¿OS. Tanenbaum also provides information on current research based on his experience as an operating systems researcher.

Modern Operating Systems, Third Editionwas the recipient of the 2010 McGuffey Longevity Award. The McGuffey Longevity Award recognizes textbooks whose excellence has been demonstrated over time.http://taaonline.net/index.html

**Teaching and Learning Experience**

This program will provide a better teaching and learning experience–for you and your students. It will help:

 - Provide Practical Detail on the Big Picture Concepts: A clear and entertaining writing style outlines the concepts every OS designer needs to master.
 - Keep Your Course Current: This edition includes information on the latest OS technologies and developments
 - Enhance Learning with Student and Instructor Resources: Students will gain hands-on experience using the simulation exercises and lab experiments.",6
Show-Stopper!,Show-Stopper!,G. Pascal Zachary,4.14,7,https://covers.openlibrary.org/b/id/19285-L.jpg,https://openlibrary.org/works/OL106726W,325,"Microsoft Corporation, Microsoft Windows NT, Development, Computer software, Operating systems (Computers)","Including numerous interviews with the people that made Microsoft's modern-day operating system possible, G. Pascal Zachary weaves an intricate tale about the personalities, businesses, and relationships in Show-stopper!, a fascinating historical account about the making of Windows NT.",open_library_api,"Microsoft Corporation, Microsoft Windows NT, Development, Computer software, Operating systems (Computers) Microsoft Corporation, Microsoft Windows NT, Development, Computer software, Operating systems (Computers) Including numerous interviews with the people that made Microsoft's modern-day operating system possible, G. Pascal Zachary weaves an intricate tale about the personalities, businesses, and relationships in Show-stopper!, a fascinating historical account about the making of Windows NT.",8
Eloquent JavaScript: A Modern Introduction to Programming,Eloquent JavaScript: A Modern Introduction to Programming,Marijn Haverbeke,4.14,3244,https://i.gr-assets.com/images/S/compressed.photo.goodreads.com/books/1308260856i/8910666._SX50_.jpg,https://www.goodreads.com/book/show/8910666-eloquent-javascript,437,General,No description available.,goodreads_scraped,General General No description available.,4
Learn Functional Programming with Elixir: New Foundations for a New World,Learn Functional Programming with Elixir: New Foundations for a New World,Ulisses Almeida,4.14,90,https://i.gr-assets.com/images/S/compressed.photo.goodreads.com/books/1490827720i/34637919._SX50_.jpg,https://www.goodreads.com/book/show/34637919-learn-functional-programming-with-elixir,181,"Programming languages (electronic computers), Object-oriented programming (computer science)",An introduction to functional programming via the Elixir programming language.,goodreads_scraped,"Programming languages (electronic computers), Object-oriented programming (computer science) Programming languages (electronic computers), Object-oriented programming (computer science) An introduction to functional programming via the Elixir programming language.",8
You Don't Know JS,You Don't Know JS,Kyle Simpson,4.14,7,https://covers.openlibrary.org/b/id/8117575-L.jpg,https://openlibrary.org/works/OL17825963W,98,"Java (Computer program language), JavaScript (Computer program language)",No description available.,open_library_api,"Java (Computer program language), JavaScript (Computer program language) Java (Computer program language), JavaScript (Computer program language) No description available.",1
Working Effectively with Legacy Code,Working Effectively with Legacy Code,Michael C. Feathers,4.14,4685,https://i.gr-assets.com/images/S/compressed.photo.goodreads.com/books/1348627451i/44919._SX50_.jpg,https://www.goodreads.com/book/show/44919.Working_Effectively_with_Legacy_Code,437,"Application software, Development",No description available.,goodreads_scraped,"Application software, Development Application software, Development No description available.",0
Software Requirements: Practical Techniques for Gathering and Managing Requirements Throughout the Product Development Cycle,Software Requirements: Practical Techniques for Gathering and Managing Requirements Throughout the Product Development Cycle,Karl Wiegers,4.14,861,https://i.gr-assets.com/images/S/compressed.photo.goodreads.com/books/1424820035i/349416._SX50_.jpg,https://www.goodreads.com/book/show/349416.Software_Requirements,437,General,No description available.,goodreads_scraped,General General No description available.,4
An Introduction to Functional Programming Through Lambda Calculus,An Introduction to Functional Programming Through Lambda Calculus,Greg Michaelson,4.13,226,https://i.gr-assets.com/images/S/compressed.photo.goodreads.com/books/1328863452i/12169041._SX50_.jpg,https://www.goodreads.com/book/show/12169041-an-introduction-to-functional-programming-through-lambda-calculus,320,"Lambda calculus, Functional programming (Computer science), Functional programming (computer science), Calculus",No description available.,goodreads_scraped,"Lambda calculus, Functional programming (Computer science), Functional programming (computer science), Calculus Lambda calculus, Functional programming (Computer science), Functional programming (computer science), Calculus No description available.",8
Writing Solid Code,Writing Solid Code,Steve Maguire,4.13,343,https://i.gr-assets.com/images/S/compressed.photo.goodreads.com/books/1388426936i/598624._SX50_.jpg,https://www.goodreads.com/book/show/598624.Writing_Solid_Code,256,"Development, C (Computer program language), Computer software, Détection erreur, Prévention","A Microsoft developer examines the problem of programming ""bugs, "" showing how and where developers make mistakes along the development process and providing ways users can detect errors early. Original.",goodreads_scraped,"Development, C (Computer program language), Computer software, Détection erreur, Prévention Development, C (Computer program language), Computer software, Détection erreur, Prévention A Microsoft developer examines the problem of programming ""bugs, "" showing how and where developers make mistakes along the development process and providing ways users can detect errors early. Original.",8
Joel on Software,Joel on Software,Joel Spolsky,4.13,3382,https://i.gr-assets.com/images/S/compressed.photo.goodreads.com/books/1419283213i/41786._SX50_.jpg,https://www.goodreads.com/book/show/41786.Joel_on_Software,378,General,No description available.,goodreads_scraped,General General No description available.,4
eXtreme Programming eXplained : embrace change,eXtreme Programming eXplained : embrace change,Kent Beck,4.13,4103,https://i.gr-assets.com/images/S/compressed.photo.goodreads.com/books/1327329713i/1001606._SX50_.jpg,https://www.goodreads.com/book/show/1001606.eXtreme_Programming_eXplained_,437,General,No description available.,goodreads_scraped,General General No description available.,4
Extreme Programming Explained: Embrace Change,Extreme Programming Explained: Embrace Change (The XP Series),Kent Beck,4.13,4103,https://i.gr-assets.com/images/S/compressed.photo.goodreads.com/books/1386925310i/67833._SX50_.jpg,https://www.goodreads.com/book/show/67833.Extreme_Programming_Explained,437,General,No description available.,goodreads_scraped,General General No description available.,4
The Practice of Programming,The Practice of Programming (Addison-Wesley Professional Computing Series),Brian W. Kernighan,4.12,1939,https://i.gr-assets.com/images/S/compressed.photo.goodreads.com/books/1348418051i/1032758._SX50_.jpg,https://www.goodreads.com/book/show/1032758.The_Practice_of_Programming,288,"Computer programming, Programmation (Informatique), Programmierung, Programmeren (computers), Algoritmen",No description available.,goodreads_scraped,"Computer programming, Programmation (Informatique), Programmierung, Programmeren (computers), Algoritmen Computer programming, Programmation (Informatique), Programmierung, Programmeren (computers), Algoritmen No description available.",8
"Linux Basics for Hackers: Getting Started with Networking, Scripting, and Security in Kali","Linux Basics for Hackers: Getting Started with Networking, Scripting, and Security in Kali",OccupyTheWeb,4.12,602,https://i.gr-assets.com/images/S/compressed.photo.goodreads.com/books/1515306341i/37845940._SX50_.jpg,https://www.goodreads.com/book/show/37845940-linux-basics-for-hackers,437,General,No description available.,goodreads_scraped,General General No description available.,4
Computer Networks,Computer Networks,Andrew S. Tanenbaum,4.12,2416,https://i.gr-assets.com/images/S/compressed.photo.goodreads.com/books/1347462821i/166190._SX50_.jpg,https://www.goodreads.com/book/show/166190.Computer_Networks,437,General,No description available.,goodreads_scraped,General General No description available.,4
Software Systems Architecture: Working with Stakeholders Using Viewpoints and Perspectives,Software Systems Architecture: Working with Stakeholders Using Viewpoints and Perspectives,Nick Rozanski,4.12,221,https://i.gr-assets.com/images/S/compressed.photo.goodreads.com/books/1386924910i/223932._SX50_.jpg,https://www.goodreads.com/book/show/223932.Software_Systems_Architecture,576,"Computer software, Development, Computer architecture, Computer software, development, Software engineering",Annotation,goodreads_scraped,"Computer software, Development, Computer architecture, Computer software, development, Software engineering Computer software, Development, Computer architecture, Computer software, development, Software engineering Annotation",0
Patterns of Enterprise Application Architecture,Patterns of Enterprise Application Architecture,Martin Fowler,4.12,3894,https://i.gr-assets.com/images/S/compressed.photo.goodreads.com/books/1440294142i/70156._SX50_.jpg,https://www.goodreads.com/book/show/70156.Patterns_of_Enterprise_Application_Architecture,533,"Application software, Business, Computer architecture, Data processing, Development",No description available.,goodreads_scraped,"Application software, Business, Computer architecture, Data processing, Development Application software, Business, Computer architecture, Data processing, Development No description available.",0
The Linux Command Line,The Linux Command Line,William E. Shotts,4.12,8,https://covers.openlibrary.org/b/id/7087755-L.jpg,https://openlibrary.org/works/OL16117040W,498,"Computers, Operating Systems, Linux, GNU/Linux, System Administration","You've experienced the shiny, point-and-click surface of your Linux computer -- now dive below and explore its depths with the power of the command line. The Linux Command Line takes you from your very first terminal keystrokes to writing full programs in Bash, the most popular Linux shell. Along the way you'll learn the timeless skills handed down by generations of gray-bearded, mouse-shunning gurus: file navigation, environment configuration, command chaining, pattern matching with regular expressions, and more. In addition to that practical knowledge, author William Shotts reveals the philosophy behind these tools and the rich heritage that your desktop Linux machine has inherited from Unix supercomputers of yore. As you make your way through the book's short, easily-digestible chapters, you'll learn how to: Create and delete files, directories, and symlinks; Administer your system, including networking, package installation, and process management; Use standard input and output, redirection, and pipelines; Edit files with Vi, the world's most popular text editor; Write shell scripts to automate common or boring tasks; Slice and dice text files with cut, paste, grep, patch, and sed; Once you overcome your initial ""shell shock,"" you'll find that the command line is a natural and expressive way to communicate with your computer. Just don't be surprised if your mouse starts to gather dust. - Publisher.",open_library_api,"Computers, Operating Systems, Linux, GNU/Linux, System Administration Computers, Operating Systems, Linux, GNU/Linux, System Administration You've experienced the shiny, point-and-click surface of your Linux computer -- now dive below and explore its depths with the power of the command line. The Linux Command Line takes you from your very first terminal keystrokes to writing full programs in Bash, the most popular Linux shell. Along the way you'll learn the timeless skills handed down by generations of gray-bearded, mouse-shunning gurus: file navigation, environment configuration, command chaining, pattern matching with regular expressions, and more. In addition to that practical knowledge, author William Shotts reveals the philosophy behind these tools and the rich heritage that your desktop Linux machine has inherited from Unix supercomputers of yore. As you make your way through the book's short, easily-digestible chapters, you'll learn how to: Create and delete files, directories, and symlinks; Administer your system, including networking, package installation, and process management; Use standard input and output, redirection, and pipelines; Edit files with Vi, the world's most popular text editor; Write shell scripts to automate common or boring tasks; Slice and dice text files with cut, paste, grep, patch, and sed; Once you overcome your initial ""shell shock,"" you'll find that the command line is a natural and expressive way to communicate with your computer. Just don't be surprised if your mouse starts to gather dust. - Publisher.",5
Algorithms to Live By: The Computer Science of Human Decisions,Algorithms to Live By: The Computer Science of Human Decisions,Brian  Christian,4.12,35665,https://i.gr-assets.com/images/S/compressed.photo.goodreads.com/books/1454296875i/25666050._SY75_.jpg,https://www.goodreads.com/book/show/25666050-algorithms-to-live-by,359,"Human behavior, Problem solving, Mathematics, Computer simulation, Mathematical models","Algorithms to Live By looks at the simple, precise algorithms that computers use to solve the complex 'human' problems that we face, and discovers what they can tell us about the nature and origin of the mind.

An audiobook version can be found at [here][1]


  [1]: https://archive.org/details/AlgorithmstoLiveBy",goodreads_scraped,"Human behavior, Problem solving, Mathematics, Computer simulation, Mathematical models Human behavior, Problem solving, Mathematics, Computer simulation, Mathematical models Algorithms to Live By looks at the simple, precise algorithms that computers use to solve the complex 'human' problems that we face, and discovers what they can tell us about the nature and origin of the mind.

An audiobook version can be found at [here][1]


  [1]: https://archive.org/details/AlgorithmstoLiveBy",8
"Concepts, Techniques, and Models of Computer Programming","Concepts, Techniques, and Models of Computer Programming",Peter Van Roy,4.11,245,https://i.gr-assets.com/images/S/compressed.photo.goodreads.com/books/1347393759i/772585._SX50_.jpg,https://www.goodreads.com/book/show/772585.Concepts_Techniques_and_Models_of_Computer_Programming,936,Computer programming,No description available.,goodreads_scraped,Computer programming Computer programming No description available.,6
Test-Driven Development: By Example,Test-Driven Development: By Example,Kent Beck,4.1,4415,https://i.gr-assets.com/images/S/compressed.photo.goodreads.com/books/1372039943i/387190._SX50_.jpg,https://www.goodreads.com/book/show/387190.Test_Driven_Development,220,"Computer software, Development, Testing, Computer programming, Computer software, development",No description available.,goodreads_scraped,"Computer software, Development, Testing, Computer programming, Computer software, development Computer software, Development, Testing, Computer programming, Computer software, development No description available.",0
The C++ Programming Language,The C++ Programming Language,Bjarne Stroustrup,4.1,4037,https://i.gr-assets.com/images/S/compressed.photo.goodreads.com/books/1349035412i/1032730._SX50_.jpg,https://www.goodreads.com/book/show/1032730.The_C_Programming_Language,700,"C++ (Computer program language), C++ (Computer programming language), C (Programmiersprache), C++ (Langage de programmation), C++","The C++ Programming tome, written by the father of C++ himself, Bjarne Stroustrup.  The premier book on the subject of C++ Programming.",goodreads_scraped,"C++ (Computer program language), C++ (Computer programming language), C (Programmiersprache), C++ (Langage de programmation), C++ C++ (Computer program language), C++ (Computer programming language), C (Programmiersprache), C++ (Langage de programmation), C++ The C++ Programming tome, written by the father of C++ himself, Bjarne Stroustrup.  The premier book on the subject of C++ Programming.",5
Network Programming with Go: Code Secure and Reliable Network Services from Scratch,Network Programming with Go: Code Secure and Reliable Network Services from Scratch,Adam Woodbeck,4.1,51,https://i.gr-assets.com/images/S/compressed.photo.goodreads.com/books/1600094082i/52555535._SX50_.jpg,https://www.goodreads.com/book/show/52555535-network-programming-with-go,437,General,No description available.,goodreads_scraped,General General No description available.,4
"Compilers: Principles, Techniques, and Tools","Compilers: Principles, Techniques, and Tools",Alfred V. Aho,4.1,3023,https://i.gr-assets.com/images/S/compressed.photo.goodreads.com/books/1387666736i/703102._SX50_.jpg,https://www.goodreads.com/book/show/703102.Compilers,803,"Compilers (Computer programs), open_syllabus_project, Compiling (Electronic computers), Montadores e compiladores, Compilateurs (Logiciels)",No description available.,goodreads_scraped,"Compilers (Computer programs), open_syllabus_project, Compiling (Electronic computers), Montadores e compiladores, Compilateurs (Logiciels) Compilers (Computer programs), open_syllabus_project, Compiling (Electronic computers), Montadores e compiladores, Compilateurs (Logiciels) No description available.",5
Working with UNIX Processes,Working with UNIX Processes,Jesse Storimer,4.09,194,https://i.gr-assets.com/images/S/compressed.photo.goodreads.com/books/1345199574i/13366727._SX50_.jpg,https://www.goodreads.com/book/show/13366727-working-with-unix-processes,437,General,No description available.,goodreads_scraped,General General No description available.,4
Hello world,Hello world,Hannah Fry,4.08,12,https://covers.openlibrary.org/b/id/10567981-L.jpg,https://openlibrary.org/works/OL19761312W,256,"Social aspects, Technology, Moral and ethical aspects, Algorithms, Information technology","""Hello World takes us on a tour through the good, the bad, and the downright ugly of the algorithms that surround us on a daily basis. Mathematician Hannah Fry reveals their inner workings, showing us how algorithms are written and implemented, and demonstrates the ways in which human bias can literally be written into the code. By weaving in relatable, real world stories with accessible explanations of the underlying mathematics that power algorithms, Hello World helps us to determine their power, expose their limitations, and examine whether they really are improvement on the human systems they replace.""--",open_library_api,"Social aspects, Technology, Moral and ethical aspects, Algorithms, Information technology Social aspects, Technology, Moral and ethical aspects, Algorithms, Information technology ""Hello World takes us on a tour through the good, the bad, and the downright ugly of the algorithms that surround us on a daily basis. Mathematician Hannah Fry reveals their inner workings, showing us how algorithms are written and implemented, and demonstrates the ways in which human bias can literally be written into the code. By weaving in relatable, real world stories with accessible explanations of the underlying mathematics that power algorithms, Hello World helps us to determine their power, expose their limitations, and examine whether they really are improvement on the human systems they replace.""--",8
Introduction to Functional Programming,Introduction to Functional Programming (Prentice-Hall Series in Engineering of the Physical Sciences),Richard S. Bird,4.08,87,https://i.gr-assets.com/images/S/compressed.photo.goodreads.com/books/1300364821i/3791460._SY75_.jpg,https://www.goodreads.com/book/show/3791460-introduction-to-functional-programming,437,General,No description available.,goodreads_scraped,General General No description available.,4
Hackers,Hackers,Steven Levy,4.08,24,https://covers.openlibrary.org/b/id/106396-L.jpg,https://openlibrary.org/works/OL804638W,456,"Computer programming, Electronic digital computers, Programming, Computer hackers, History","Today, technology is cool. Owning the most powerful computer, the latest high-tech gadget, and the whizziest website is a status symbol on a par with having a flashy car or a designer suit. And a media obsessed with the digital explosion has reappropriated the term ""computer nerd"" so that it's practically synonymous with ""entrepreneur."" Yet, a mere fifteen years ago, wireheads hooked on tweaking endless lines of code were seen as marginal weirdos, outsiders whose world would never resonate with the mainstream. That was before one pioneering work documented the underground computer revolution that was about to change our world forever.

With groundbreaking profiles of Bill Gates, Steve Wozniak, MIT's Tech Model Railroad Club, and more, Steven Levy's Hackers brilliantly captures a seminal moment when the risk takers and explorers were poised to conquer twentieth-century America's last great frontier. And in the Internet age, ""the hacker ethic"" -- first espoused here -- is alive and well. - Back cover.",open_library_api,"Computer programming, Electronic digital computers, Programming, Computer hackers, History Computer programming, Electronic digital computers, Programming, Computer hackers, History Today, technology is cool. Owning the most powerful computer, the latest high-tech gadget, and the whizziest website is a status symbol on a par with having a flashy car or a designer suit. And a media obsessed with the digital explosion has reappropriated the term ""computer nerd"" so that it's practically synonymous with ""entrepreneur."" Yet, a mere fifteen years ago, wireheads hooked on tweaking endless lines of code were seen as marginal weirdos, outsiders whose world would never resonate with the mainstream. That was before one pioneering work documented the underground computer revolution that was about to change our world forever.

With groundbreaking profiles of Bill Gates, Steve Wozniak, MIT's Tech Model Railroad Club, and more, Steven Levy's Hackers brilliantly captures a seminal moment when the risk takers and explorers were poised to conquer twentieth-century America's last great frontier. And in the Internet age, ""the hacker ethic"" -- first espoused here -- is alive and well. - Back cover.",8
Grokking Algorithms: An illustrated guide for programmers and other curious people,Grokking Algorithms: An illustrated guide for programmers and other curious people,Aditya Y. Bhargava,4.08,12,https://covers.openlibrary.org/b/id/8512926-L.jpg,https://openlibrary.org/works/OL19546865W,256,"Computer algorithms, Computer programming, Handbooks, manuals, Algorithmus, Programmierung","""Grokking Algorithms is a fully illustrated, friendly guide that teaches you how to apply common algorithms to the practical problems you face every day as a programmer. You'll start with sorting and searching and, as you build up your skills in thinking algorithmically, you'll tackle more complex concerns such as data compression and artificial intelligence. Each carefully presented example includes helpful diagrams and fully annotated code samples in Python.""--Publisher's desription.",open_library_api,"Computer algorithms, Computer programming, Handbooks, manuals, Algorithmus, Programmierung Computer algorithms, Computer programming, Handbooks, manuals, Algorithmus, Programmierung ""Grokking Algorithms is a fully illustrated, friendly guide that teaches you how to apply common algorithms to the practical problems you face every day as a programmer. You'll start with sorting and searching and, as you build up your skills in thinking algorithmically, you'll tackle more complex concerns such as data compression and artificial intelligence. Each carefully presented example includes helpful diagrams and fully annotated code samples in Python.""--Publisher's desription.",8
"Free Software, Free Society: Selected Essays","Free Software, Free Society: Selected Essays",Richard M. Stallman,4.08,449,https://i.gr-assets.com/images/S/compressed.photo.goodreads.com/books/1387663317i/942560._SX50_.jpg,https://www.goodreads.com/book/show/942560.Free_Software_Free_Society,230,General,No description available.,goodreads_scraped,General General No description available.,4
The Tao of Programming,The Tao of Programming,Geoffrey James,4.07,310,https://i.gr-assets.com/images/S/compressed.photo.goodreads.com/books/1388891750i/265456._SY75_.jpg,https://www.goodreads.com/book/show/265456.The_Tao_of_Programming,437,General,No description available.,goodreads_scraped,General General No description available.,4
Accelerated C++: Practical Programming by Example,Accelerated C++: Practical Programming by Example,Mike Hendrickson,4.06,728,https://i.gr-assets.com/images/S/compressed.photo.goodreads.com/books/1348015499i/742586._SX50_.jpg,https://www.goodreads.com/book/show/742586.Accelerated_C_,437,General,No description available.,goodreads_scraped,General General No description available.,4
The Psychology of Computer Programming,The Psychology of Computer Programming,Gerald M. Weinberg,4.06,606,https://i.gr-assets.com/images/S/compressed.photo.goodreads.com/books/1356139932i/1660754._SY75_.jpg,https://www.goodreads.com/book/show/1660754.The_Psychology_of_Computer_Programming,288,"Computer programming, Psychological aspects, Psychological aspects of Computer programming, Electronic digital computers, programming, Computer programming -- Psychological aspects","This landmark 1971 classic is reprinted with a new preface, chapter-by-chapter commentary, and straight-from-the-heart observations on topics that affect the professional life of programmers.  Long regarded as one of the first books to pioneer a people-oriented approach to computing, The Psychology of Computer Programming endures as a penetrating analysis of the intelligence, skill, teamwork, and problem-solving power of the computer programmer.  Finding the chapters strikingly relevant to today's issues in programming, Gerald M. Weinberg adds new insights and highlights the similarities and differences between now and then. Using a conversational style that invites the reader to join him, Weinberg reunites with some of his most insightful writings on the human side of software engineering.  Topics include egoless programming, intelligence, psychological measurement, personality factors, motivation, training, social problems on large projects, problem-solving ability, programming language design, team formation, the programming environment, and much more.  The author says, ""On an inspired eight-week vacation in Italy, I wrote the first draft of The Psychology of Computer Programming. . . . the book quickly became a best-seller among technical titles, running through more than twenty printings and staying in print for twenty-five years. . . .  ""For this Silver Anniversary Edition, I decided to take my own advice and not try to hide my errors, for they would be the source of the most learning for my readers. I decided to leave the original text as it was—antiques and all—for your illumination, and simply to add some 'wisdom of hindsight' remarks whenever the spirit moved me. I hope you find the perspective brought by this time-capsule contrast as useful to you as it has been to me.""  J.J. Hirschfelder of Computing Reviews wrote: ""The Psychology of Computer Programming . . . was the first major book to address programming as an individual and team effort, and became a classic in the field. . . . Despite, or perhaps even because of, the perspective of 1971, this book remains a must-read for all software development managers.""  Sue Petersen of Visual Developer said: ""In this new edition, Jerry looks at where we were 30 years ago, where we are now and where we might be in the future. Instead of changing the original text, he's added new comments to each chapter. This allows the reader to compare and contrast his thinking over the decades, showcasing the errors and omissions as well as the threads that bore fruit. "". . . one issue -- communication -- has been at the core of Jerry's work for decades. Unknown to him at the time, Psychology was to form the outline of his life's work. . . . Psychology is valuable as history in a field that is all too ready to repeat the errors of its past. Read Psychology as a picture of where we've been, where we are now, and where we need to go next. Read it as an index to the thinking of one of the most influential figures in our field.""",goodreads_scraped,"Computer programming, Psychological aspects, Psychological aspects of Computer programming, Electronic digital computers, programming, Computer programming -- Psychological aspects Computer programming, Psychological aspects, Psychological aspects of Computer programming, Electronic digital computers, programming, Computer programming -- Psychological aspects This landmark 1971 classic is reprinted with a new preface, chapter-by-chapter commentary, and straight-from-the-heart observations on topics that affect the professional life of programmers.  Long regarded as one of the first books to pioneer a people-oriented approach to computing, The Psychology of Computer Programming endures as a penetrating analysis of the intelligence, skill, teamwork, and problem-solving power of the computer programmer.  Finding the chapters strikingly relevant to today's issues in programming, Gerald M. Weinberg adds new insights and highlights the similarities and differences between now and then. Using a conversational style that invites the reader to join him, Weinberg reunites with some of his most insightful writings on the human side of software engineering.  Topics include egoless programming, intelligence, psychological measurement, personality factors, motivation, training, social problems on large projects, problem-solving ability, programming language design, team formation, the programming environment, and much more.  The author says, ""On an inspired eight-week vacation in Italy, I wrote the first draft of The Psychology of Computer Programming. . . . the book quickly became a best-seller among technical titles, running through more than twenty printings and staying in print for twenty-five years. . . .  ""For this Silver Anniversary Edition, I decided to take my own advice and not try to hide my errors, for they would be the source of the most learning for my readers. I decided to leave the original text as it was—antiques and all—for your illumination, and simply to add some 'wisdom of hindsight' remarks whenever the spirit moved me. I hope you find the perspective brought by this time-capsule contrast as useful to you as it has been to me.""  J.J. Hirschfelder of Computing Reviews wrote: ""The Psychology of Computer Programming . . . was the first major book to address programming as an individual and team effort, and became a classic in the field. . . . Despite, or perhaps even because of, the perspective of 1971, this book remains a must-read for all software development managers.""  Sue Petersen of Visual Developer said: ""In this new edition, Jerry looks at where we were 30 years ago, where we are now and where we might be in the future. Instead of changing the original text, he's added new comments to each chapter. This allows the reader to compare and contrast his thinking over the decades, showcasing the errors and omissions as well as the threads that bore fruit. "". . . one issue -- communication -- has been at the core of Jerry's work for decades. Unknown to him at the time, Psychology was to form the outline of his life's work. . . . Psychology is valuable as history in a field that is all too ready to repeat the errors of its past. Read Psychology as a picture of where we've been, where we are now, and where we need to go next. Read it as an index to the thinking of one of the most influential figures in our field.""",8
"Generative Programming: Methods, Tools, and Applications","Generative Programming: Methods, Tools, and Applications",Krysztof Czarnecki,4.06,33,https://i.gr-assets.com/images/S/compressed.photo.goodreads.com/books/1349069017i/1639030._SX50_.jpg,https://www.goodreads.com/book/show/1639030.Generative_Programming,437,General,No description available.,goodreads_scraped,General General No description available.,4
Hackers & Painters: Big Ideas from the Computer Age,Hackers & Painters: Big Ideas from the Computer Age,Paul    Graham,4.05,9630,https://i.gr-assets.com/images/S/compressed.photo.goodreads.com/books/1348562702i/41793._SY75_.jpg,https://www.goodreads.com/book/show/41793.Hackers_Painters,437,"Computer programming, Electronic data processing personnel",This seems to be a duplicate entry of https://openlibrary.org/works/OL2973119W/Hackers_painters,goodreads_scraped,"Computer programming, Electronic data processing personnel Computer programming, Electronic data processing personnel This seems to be a duplicate entry of https://openlibrary.org/works/OL2973119W/Hackers_painters",8
The Tangled Web: A Guide to Securing Modern Web Applications,The Tangled Web: A Guide to Securing Modern Web Applications,Michal Zalewski,4.05,558,https://i.gr-assets.com/images/S/compressed.photo.goodreads.com/books/1344675366i/11553604._SX50_.jpg,https://www.goodreads.com/book/show/11553604-the-tangled-web,299,"COMPUTERS / Networking / Security, COMPUTERS / Internet / Security, Computer networks, Browsers (Computer programs), COMPUTERS / Web / Browsers","""'Thorough and comprehensive coverage from one of the foremost experts in browser security.'  --Tavis Ormandy, Google Inc. Modern web applications are built on a tangle of technologies that have been developed over time and then haphazardly pieced together. Every piece of the web application stack, from HTTP requests to browser-side scripts, comes with important yet subtle security consequences. To keep users safe, it is essential for developers to confidently navigate this landscape.In The Tangled Web, Michal Zalewski, one of the world's top browser security experts, offers a compelling narrative that explains exactly how browsers work and why they're fundamentally insecure. Rather than dispense simplistic advice on vulnerabilities, Zalewski examines the entire browser security model, revealing weak points and providing crucial information for shoring up web application security. You'll learn how to:   Perform common but surprisingly complex tasks such as URL parsing and HTML sanitization   Use modern security features like Strict Transport Security, CSP, and CORS   Leverage many variants of the same-origin policy to safely compartmentalize complex web applications and protect user credentials in case of XSS bugs   Build mashups and embed gadgets without getting stung by the tricky frame navigation policy   Embed or host user-supplied content without running into the trap of content sniffing   For quick reference, ""Security Engineering Cheat Sheets' at the end of each chapter offer ready solutions to problems you're most likely to encounter. With coverage extending as far as planned HTML5 features, The Tangled Web will help you create secure web applications to stand the test of time""--",goodreads_scraped,"COMPUTERS / Networking / Security, COMPUTERS / Internet / Security, Computer networks, Browsers (Computer programs), COMPUTERS / Web / Browsers COMPUTERS / Networking / Security, COMPUTERS / Internet / Security, Computer networks, Browsers (Computer programs), COMPUTERS / Web / Browsers ""'Thorough and comprehensive coverage from one of the foremost experts in browser security.'  --Tavis Ormandy, Google Inc. Modern web applications are built on a tangle of technologies that have been developed over time and then haphazardly pieced together. Every piece of the web application stack, from HTTP requests to browser-side scripts, comes with important yet subtle security consequences. To keep users safe, it is essential for developers to confidently navigate this landscape.In The Tangled Web, Michal Zalewski, one of the world's top browser security experts, offers a compelling narrative that explains exactly how browsers work and why they're fundamentally insecure. Rather than dispense simplistic advice on vulnerabilities, Zalewski examines the entire browser security model, revealing weak points and providing crucial information for shoring up web application security. You'll learn how to:   Perform common but surprisingly complex tasks such as URL parsing and HTML sanitization   Use modern security features like Strict Transport Security, CSP, and CORS   Leverage many variants of the same-origin policy to safely compartmentalize complex web applications and protect user credentials in case of XSS bugs   Build mashups and embed gadgets without getting stung by the tricky frame navigation policy   Embed or host user-supplied content without running into the trap of content sniffing   For quick reference, ""Security Engineering Cheat Sheets' at the end of each chapter offer ready solutions to problems you're most likely to encounter. With coverage extending as far as planned HTML5 features, The Tangled Web will help you create secure web applications to stand the test of time""--",8
Refactoring to Patterns,Refactoring to Patterns,Joshua Kerievsky,4.05,1439,https://i.gr-assets.com/images/S/compressed.photo.goodreads.com/books/1347966206i/85041._SX50_.jpg,https://www.goodreads.com/book/show/85041.Refactoring_to_Patterns,384,General,No description available.,goodreads_scraped,General General No description available.,4
Software Estimation: Demystifying the Black Art,Software Estimation: Demystifying the Black Art,Steve McConnell,4.05,991,https://i.gr-assets.com/images/S/compressed.photo.goodreads.com/books/1396830924i/93891._SX50_.jpg,https://www.goodreads.com/book/show/93891.Software_Estimation,330,"Computer software, Development, Estimates, Software engineering, Computer software--development--estimates",No description available.,goodreads_scraped,"Computer software, Development, Estimates, Software engineering, Computer software--development--estimates Computer software, Development, Estimates, Software engineering, Computer software--development--estimates No description available.",0
"More Joel on Software: Further Thoughts on Diverse and Occasionally Related Matters That Will Prove of Interest to Software Developers, Designers, and ... or Ill Luck, Work with Them in Some Capacity","More Joel on Software: Further Thoughts on Diverse and Occasionally Related Matters That Will Prove of Interest to Software Developers, Designers, and ... or Ill Luck, Work with Them in Some Capacity",Joel Spolsky,4.05,549,https://i.gr-assets.com/images/S/compressed.photo.goodreads.com/books/1349082373i/2718384._SX50_.jpg,https://www.goodreads.com/book/show/2718384-more-joel-on-software,437,General,No description available.,goodreads_scraped,General General No description available.,4
Algorithms to Live By,Algorithms to Live By,Brian Christian,4.05,41,https://covers.openlibrary.org/b/id/8042539-L.jpg,https://openlibrary.org/works/OL17357767W,359,"Human behavior, Problem solving, Mathematics, Computer simulation, Mathematical models","Algorithms to Live By looks at the simple, precise algorithms that computers use to solve the complex 'human' problems that we face, and discovers what they can tell us about the nature and origin of the mind.

An audiobook version can be found at [here][1]


  [1]: https://archive.org/details/AlgorithmstoLiveBy",open_library_api,"Human behavior, Problem solving, Mathematics, Computer simulation, Mathematical models Human behavior, Problem solving, Mathematics, Computer simulation, Mathematical models Algorithms to Live By looks at the simple, precise algorithms that computers use to solve the complex 'human' problems that we face, and discovers what they can tell us about the nature and origin of the mind.

An audiobook version can be found at [here][1]


  [1]: https://archive.org/details/AlgorithmstoLiveBy",8
Why's Guide to Ruby,Why's (Poignant) Guide to Ruby,Why The Lucky Stiff,4.05,465,https://i.gr-assets.com/images/S/compressed.photo.goodreads.com/books/1174970667i/463882.jpg,https://www.goodreads.com/book/show/463882.Why_s_Poignant_Guide_to_Ruby,222,"Ruby (computer program language), Computer science",No description available.,goodreads_scraped,"Ruby (computer program language), Computer science Ruby (computer program language), Computer science No description available.",1
Programming Ruby: The Pragmatic Programmers' Guide,Programming Ruby: The Pragmatic Programmers' Guide,Dave         Thomas,4.04,1982,https://i.gr-assets.com/images/S/compressed.photo.goodreads.com/books/1436620106i/515._SX50_.jpg,https://www.goodreads.com/book/show/515.Programming_Ruby,830,"Ruby (Computer program language), Object-oriented programming (Computer science)",No description available.,goodreads_scraped,"Ruby (Computer program language), Object-oriented programming (Computer science) Ruby (Computer program language), Object-oriented programming (Computer science) No description available.",5
Specification by Example: How Successful Teams Deliver the Right Software,Specification by Example: How Successful Teams Deliver the Right Software,Gojko Adzic,4.03,709,https://i.gr-assets.com/images/S/compressed.photo.goodreads.com/books/1307392511i/10288718._SX50_.jpg,https://www.goodreads.com/book/show/10288718-specification-by-example,437,General,No description available.,goodreads_scraped,General General No description available.,4
Programming Erlang: Software for a Concurrent World,Programming Erlang: Software for a Concurrent World,Joe Armstrong,4.03,753,https://i.gr-assets.com/images/S/compressed.photo.goodreads.com/books/1348438320i/808814._SX50_.jpg,https://www.goodreads.com/book/show/808814.Programming_Erlang,536,"ERLANG (Computer program language), Handbooks, manuals, Programming languages (Electronic computers), ERLANG (Langage de programmation), ERLANG (Computer language)","A multi-user game, web site, cloud application, or networked database can have thousands of users all interacting at the same time. You need a powerful, industrial-strength tool to handle the really hard problems inherent in parallel, concurrent environments. You need Erlang. In this second edition of the bestselling Programming Erlang, you'll learn how to write parallel programs that scale effortlessly on multicore systems.

Using Erlang, you'll be surprised at how easy it becomes to deal with parallel problems, and how much faster and more efficiently your programs run. That's because Erlang uses sets of parallel processes-not a single sequential process, as found in most programming languages.

Joe Armstrong, creator of Erlang, introduces this powerful language in small steps, giving you a complete overview of Erlang and how to use it in common scenarios. You'll start with sequential programming, move to parallel programming and handling errors in parallel programs, and learn to work confidently with distributed programming and the standard Erlang/Open Telecom Platform (OTP) frameworks.

You need no previous knowledge of functional or parallel programming. The chapters are packed with hands-on, real-world tutorial examples and insider tips and advice, and finish with exercises for both beginning and advanced users.

The second edition has been extensively rewritten. New to this edition are seven chapters covering the latest Erlang features: maps, the type system and the Dialyzer, WebSockets, programming idioms, and a new stand-alone execution environment. You'll write programs that dynamically detect and correct errors, and that can be upgraded without stopping the system. There's also coverage of rebar (the de facto Erlang build system), and information on how to share and use Erlang projects on github, illustrated with examples from cowboy and bitcask.

Erlang will change your view of the world, and of how you program.",goodreads_scraped,"ERLANG (Computer program language), Handbooks, manuals, Programming languages (Electronic computers), ERLANG (Langage de programmation), ERLANG (Computer language) ERLANG (Computer program language), Handbooks, manuals, Programming languages (Electronic computers), ERLANG (Langage de programmation), ERLANG (Computer language) A multi-user game, web site, cloud application, or networked database can have thousands of users all interacting at the same time. You need a powerful, industrial-strength tool to handle the really hard problems inherent in parallel, concurrent environments. You need Erlang. In this second edition of the bestselling Programming Erlang, you'll learn how to write parallel programs that scale effortlessly on multicore systems.

Using Erlang, you'll be surprised at how easy it becomes to deal with parallel problems, and how much faster and more efficiently your programs run. That's because Erlang uses sets of parallel processes-not a single sequential process, as found in most programming languages.

Joe Armstrong, creator of Erlang, introduces this powerful language in small steps, giving you a complete overview of Erlang and how to use it in common scenarios. You'll start with sequential programming, move to parallel programming and handling errors in parallel programs, and learn to work confidently with distributed programming and the standard Erlang/Open Telecom Platform (OTP) frameworks.

You need no previous knowledge of functional or parallel programming. The chapters are packed with hands-on, real-world tutorial examples and insider tips and advice, and finish with exercises for both beginning and advanced users.

The second edition has been extensively rewritten. New to this edition are seven chapters covering the latest Erlang features: maps, the type system and the Dialyzer, WebSockets, programming idioms, and a new stand-alone execution environment. You'll write programs that dynamically detect and correct errors, and that can be upgraded without stopping the system. There's also coverage of rebar (the de facto Erlang build system), and information on how to share and use Erlang projects on github, illustrated with examples from cowboy and bitcask.

Erlang will change your view of the world, and of how you program.",5
Structured Computer Organization,Structured Computer Organization,Andrew S. Tanenbaum,4.03,592,https://i.gr-assets.com/images/S/compressed.photo.goodreads.com/books/1661235768i/457107._SX50_.jpg,https://www.goodreads.com/book/show/457107.Structured_Computer_Organization,587,"Computer organization, Computer programming, Electronic digital computers, Programming, Computerarchitectuur","Structured Computer Organization, specifically written for undergraduate students, is a best-selling guide that provides an accessible introduction to computer hardware and architecture. This text will also serve as a useful resource for all computer professionals and engineers who need an overview or introduction to computer architecture.",goodreads_scraped,"Computer organization, Computer programming, Electronic digital computers, Programming, Computerarchitectuur Computer organization, Computer programming, Electronic digital computers, Programming, Computerarchitectuur Structured Computer Organization, specifically written for undergraduate students, is a best-selling guide that provides an accessible introduction to computer hardware and architecture. This text will also serve as a useful resource for all computer professionals and engineers who need an overview or introduction to computer architecture.",5
Developer Hegemony: The Future of Labor,Developer Hegemony: The Future of Labor,Erik Dietrich,4.03,474,https://i.gr-assets.com/images/S/compressed.photo.goodreads.com/books/1493740696i/35051753._SY75_.jpg,https://www.goodreads.com/book/show/35051753-developer-hegemony,437,General,No description available.,goodreads_scraped,General General No description available.,4
Web Security for Developers,Web Security for Developers,Malcolm McDonald,4.02,122,https://i.gr-assets.com/images/S/compressed.photo.goodreads.com/books/1587494258i/52522835._SX50_.jpg,https://www.goodreads.com/book/show/52522835-web-security-for-developers,437,General,No description available.,goodreads_scraped,General General No description available.,4
How to Design Programs: An Introduction to Programming and Computing,How to Design Programs: An Introduction to Programming and Computing,Matthias Felleisen,4.02,270,https://i.gr-assets.com/images/S/compressed.photo.goodreads.com/books/1347686596i/1119079._SX50_.jpg,https://www.goodreads.com/book/show/1119079.How_to_Design_Programs,728,"Electronic data processing, Computer programming, racket, Computer science, Programmation (Informatique)","This introduction to programming places computer science in the core of a liberal arts education. Unlike other introductory books, it focuses on the program design process. This approach fosters a variety of skills -- critical reading, analytical thinking, creative synthesis, and attention to detail -- that are important for everyone, not just future computer programmers. The book exposes readers to two fundamentally new ideas. First, it presents program design guidelines that show the reader how to analyze a problem statement; how to formulate concise goals; how to make up examples; how to develop an outline of the solution, based on the analysis; how to finish the program; and how to test. Each step produces a well-defined intermediate product. Second, the book comes with a novel programming environment, the first one explicitly designed for beginners. The environment grows with the readers as they master the material in the book until it supports a full-fledged language for the whole spectrum of programming tasks. - Publisher.",goodreads_scraped,"Electronic data processing, Computer programming, racket, Computer science, Programmation (Informatique) Electronic data processing, Computer programming, racket, Computer science, Programmation (Informatique) This introduction to programming places computer science in the core of a liberal arts education. Unlike other introductory books, it focuses on the program design process. This approach fosters a variety of skills -- critical reading, analytical thinking, creative synthesis, and attention to detail -- that are important for everyone, not just future computer programmers. The book exposes readers to two fundamentally new ideas. First, it presents program design guidelines that show the reader how to analyze a problem statement; how to formulate concise goals; how to make up examples; how to develop an outline of the solution, based on the analysis; how to finish the program; and how to test. Each step produces a well-defined intermediate product. Second, the book comes with a novel programming environment, the first one explicitly designed for beginners. The environment grows with the readers as they master the material in the book until it supports a full-fledged language for the whole spectrum of programming tasks. - Publisher.",5
The Mythical Man-Month: Essays on Software Engineering,The Mythical Man-Month: Essays on Software Engineering,Frederick P. Brooks Jr.,4.01,15222,https://i.gr-assets.com/images/S/compressed.photo.goodreads.com/books/1348430512i/13629._SX50_.jpg,https://www.goodreads.com/book/show/13629.The_Mythical_Man_Month,437,General,No description available.,goodreads_scraped,General General No description available.,4
Writing Secure Code,Writing Secure Code,Michael  Howard,4.01,372,https://i.gr-assets.com/images/S/compressed.photo.goodreads.com/books/1396836770i/44916._SX50_.jpg,https://www.goodreads.com/book/show/44916.Writing_Secure_Code,640,"Data encryption (Computer science), Computer security, Sécurité informatique, Systèmes informatiques, Sécurité",No description available.,goodreads_scraped,"Data encryption (Computer science), Computer security, Sécurité informatique, Systèmes informatiques, Sécurité Data encryption (Computer science), Computer security, Sécurité informatique, Systèmes informatiques, Sécurité No description available.",5
Reviewing Java,Reviewing Java,Alex Maureau,4.0,6,https://i.gr-assets.com/images/S/compressed.photo.goodreads.com/books/1390170932i/7966111._SX50_.jpg,https://www.goodreads.com/book/show/7966111-reviewing-java,658,Java (computer program language),No description available.,goodreads_scraped,Java (computer program language) Java (computer program language) No description available.,5
Quantum Computing Since Democritus,Quantum Computing Since Democritus,Scott Aaronson,4.0,2,https://covers.openlibrary.org/b/id/8003805-L.jpg,https://openlibrary.org/works/OL16805611W,369,"COMPUTERS, Computer Science, Physics, Quantum Theory, Mathematics","Written by noted quantum computing theorist Scott Aaronson, this book takes readers on a tour through some of the deepest ideas of maths, computer science and physics. Full of insights, arguments and philosophical perspectives, the book covers an amazing array of topics. Beginning in antiquity with Democritus, it progresses through logic and set theory, computability and complexity theory, quantum computing, cryptography, the information content of quantum states and the interpretation of quantum mechanics. There are also extended discussions about time travel, Newcomb's Paradox, the anthropic principle and the views of Roger Penrose. Aaronson's informal style makes this fascinating book accessible to readers with scientific backgrounds, as well as students and researchers working in physics, computer science, mathematics and philosophy.",open_library_api,"COMPUTERS, Computer Science, Physics, Quantum Theory, Mathematics COMPUTERS, Computer Science, Physics, Quantum Theory, Mathematics Written by noted quantum computing theorist Scott Aaronson, this book takes readers on a tour through some of the deepest ideas of maths, computer science and physics. Full of insights, arguments and philosophical perspectives, the book covers an amazing array of topics. Beginning in antiquity with Democritus, it progresses through logic and set theory, computability and complexity theory, quantum computing, cryptography, the information content of quantum states and the interpretation of quantum mechanics. There are also extended discussions about time travel, Newcomb's Paradox, the anthropic principle and the views of Roger Penrose. Aaronson's informal style makes this fascinating book accessible to readers with scientific backgrounds, as well as students and researchers working in physics, computer science, mathematics and philosophy.",8
Facts and Fallacies of Software Engineering,Facts and Fallacies of Software Engineering,Robert L. Glass,4.0,3,https://covers.openlibrary.org/b/id/192406-L.jpg,https://openlibrary.org/works/OL1966538W,210,"Software engineering, Computers &amp; the internet, Programming",No description available.,open_library_api,"Software engineering, Computers &amp; the internet, Programming Software engineering, Computers &amp; the internet, Programming No description available.",8
Operating systems,Operating systems,William Stallings,4.0,1,https://covers.openlibrary.org/b/id/3887043-L.jpg,https://openlibrary.org/works/OL1865013W,780,"Operating systems (Computers), Syste  mes d'exploitation (Ordinateurs), Betriebssystem, Lehrbuch, Besturingssystemen","""This book provides a comprehensive and unified introduction to operating systems. The book emphasizes both fundamental principles and design issues in contemporary systems. Thus it is both a basic reference and an up-to-date survey of the state of the art. The book provides the reader with a solid understanding of the key mechanisms of modern operating systems and the types of design trade-offs and decisions involved in OS design."" ""In addition to providing coverage of the fundamentals of operating systems, this book examines the most important recent developments in OS design. Among the topics covered: threads, distributed systems, real time systems, process migration, multiprocessor scheduling, and security.""--BOOK JACKET.",open_library_api,"Operating systems (Computers), Syste  mes d'exploitation (Ordinateurs), Betriebssystem, Lehrbuch, Besturingssystemen Operating systems (Computers), Syste  mes d'exploitation (Ordinateurs), Betriebssystem, Lehrbuch, Besturingssystemen ""This book provides a comprehensive and unified introduction to operating systems. The book emphasizes both fundamental principles and design issues in contemporary systems. Thus it is both a basic reference and an up-to-date survey of the state of the art. The book provides the reader with a solid understanding of the key mechanisms of modern operating systems and the types of design trade-offs and decisions involved in OS design."" ""In addition to providing coverage of the fundamentals of operating systems, this book examines the most important recent developments in OS design. Among the topics covered: threads, distributed systems, real time systems, process migration, multiprocessor scheduling, and security.""--BOOK JACKET.",5
Reversing,Reversing,Eldad Eilam,4.0,1,https://covers.openlibrary.org/b/id/522654-L.jpg,https://openlibrary.org/works/OL5894552W,624,"Computer Technology, Computer security, Nonfiction, Reverse engineering, Software engineering","Beginning with a basic primer on reverse engineering-including computer internals, operating systems, and assembly language-and then discussing the various  applications of reverse engineering, this book provides readers with practical, in-depth techniques for software reverse engineering. The book is broken into two parts, the first deals with security-related reverse engineering and the second explores the more practical aspects of reverse engineering. In addition, the author explains how to reverse engineer a third-party software library to improve interfacing and how to reverse engineer a competitor's software to build a better product.   The first popular book to show how software reverse engineering can help defend against security threats, speed up development, and unlock the secrets of competitive products   Helps developers plug security holes by demonstrating how hackers exploit reverse engineering techniques to crack copy-protectio...",open_library_api,"Computer Technology, Computer security, Nonfiction, Reverse engineering, Software engineering Computer Technology, Computer security, Nonfiction, Reverse engineering, Software engineering Beginning with a basic primer on reverse engineering-including computer internals, operating systems, and assembly language-and then discussing the various  applications of reverse engineering, this book provides readers with practical, in-depth techniques for software reverse engineering. The book is broken into two parts, the first deals with security-related reverse engineering and the second explores the more practical aspects of reverse engineering. In addition, the author explains how to reverse engineer a third-party software library to improve interfacing and how to reverse engineer a competitor's software to build a better product.   The first popular book to show how software reverse engineering can help defend against security threats, speed up development, and unlock the secrets of competitive products   Helps developers plug security holes by demonstrating how hackers exploit reverse engineering techniques to crack copy-protectio...",5
Machine Learning with Neural Networks: An In-depth Visual Introduction with Python: Make Your Own Neural Network in Python: A Simple Guide on Machine Learning with Neural Networks.,Machine Learning with Neural Networks: An In-depth Visual Introduction with Python: Make Your Own Neural Network in Python: A Simple Guide on Machine Learning with Neural Networks.,Michael Taylor,4.0,176,https://i.gr-assets.com/images/S/compressed.photo.goodreads.com/books/1504136298i/36153846._SX50_.jpg,https://www.goodreads.com/book/show/36153846-machine-learning-with-neural-networks,437,General,No description available.,goodreads_scraped,General General No description available.,4
Deep Learning,Deep Learning,Ian Goodfellow,4.0,7,https://covers.openlibrary.org/b/id/8086288-L.jpg,https://openlibrary.org/works/OL17801809W,800,"Machine learning, Apprentissage automatique, Computers and IT, Maschinelles Lernen, Deep learning (Machine learning)","""Deep learning is a form of machine learning that enables computers to learn from experience and understand the world in terms of a hierarchy of concepts. Because the computer gathers knowledge from experience, there is no need for a human computer operator to formally specify all the knowledge that the computer needs. The hierarchy of concepts allows the computer to learn complicated concepts by building them out of simpler ones; a graph of these hierarchies would be many layers deep. This book introduces a broad range of topics in deep learning. The text offers mathematical and conceptual background, covering relevant concepts in linear algebra, probability theory and information theory, numerical computation, and machine learning. It describes deep learning techniques used by practitioners in industry, including deep feedforward networks, regularization, optimization algorithms, convolutional networks, sequence modeling, and practical methodology; and it surveys such applications as natural language processing, speech recognition, computer vision, online recommendation systems, bioinformatics, and videogames. Finally, the book offers research perspectives, covering such theoretical topics as linear factor models, autoencoders, representation learning, structured probabilistic models, Monte Carlo methods, the partition function, approximate inference, and deep generative models. Deep Learning can be used by undergraduate or graduate students planning careers in either industry or research, and by software engineers who want to begin using deep learning in their products or platforms. A website offers supplementary material for both readers and instructors""--",open_library_api,"Machine learning, Apprentissage automatique, Computers and IT, Maschinelles Lernen, Deep learning (Machine learning) Machine learning, Apprentissage automatique, Computers and IT, Maschinelles Lernen, Deep learning (Machine learning) ""Deep learning is a form of machine learning that enables computers to learn from experience and understand the world in terms of a hierarchy of concepts. Because the computer gathers knowledge from experience, there is no need for a human computer operator to formally specify all the knowledge that the computer needs. The hierarchy of concepts allows the computer to learn complicated concepts by building them out of simpler ones; a graph of these hierarchies would be many layers deep. This book introduces a broad range of topics in deep learning. The text offers mathematical and conceptual background, covering relevant concepts in linear algebra, probability theory and information theory, numerical computation, and machine learning. It describes deep learning techniques used by practitioners in industry, including deep feedforward networks, regularization, optimization algorithms, convolutional networks, sequence modeling, and practical methodology; and it surveys such applications as natural language processing, speech recognition, computer vision, online recommendation systems, bioinformatics, and videogames. Finally, the book offers research perspectives, covering such theoretical topics as linear factor models, autoencoders, representation learning, structured probabilistic models, Monte Carlo methods, the partition function, approximate inference, and deep generative models. Deep Learning can be used by undergraduate or graduate students planning careers in either industry or research, and by software engineers who want to begin using deep learning in their products or platforms. A website offers supplementary material for both readers and instructors""--",5
Source Code Optimization Techniques for Data Flow Dominated Embedded Software,Source Code Optimization Techniques for Data Flow Dominated Embedded Software,Heiko Falk,4.0,4,https://i.gr-assets.com/images/S/compressed.photo.goodreads.com/books/1348811481i/1005036._SY75_.jpg,https://www.goodreads.com/book/show/1005036.Source_Code_Optimization_Techniques_for_Data_Flow_Dominated_Embedded_Software,437,General,No description available.,goodreads_scraped,General General No description available.,4
Coders at Work,Coders at Work,Peter Seibel,4.0,18,https://covers.openlibrary.org/b/id/6975651-L.jpg,https://openlibrary.org/works/OL16301038W,617,"Programmatuurtechniek, Programmierung, Computer programmers, Computer programming, Interviews",Presents an overview of computer programming and interviews with some of the well-known programmers currently working in the field as they discuss their experiences and techniques.,open_library_api,"Programmatuurtechniek, Programmierung, Computer programmers, Computer programming, Interviews Programmatuurtechniek, Programmierung, Computer programmers, Computer programming, Interviews Presents an overview of computer programming and interviews with some of the well-known programmers currently working in the field as they discuss their experiences and techniques.",5
The Year Without Pants,The Year Without Pants,Scott Berkun,4.0,9,https://covers.openlibrary.org/b/id/7859733-L.jpg,https://openlibrary.org/works/OL17579381W,272,"Work environment, Authoring programs, Computer programs, Blogs, Web sites","A behind-the-scenes look at the firm behind WordPress.com and the unique work culture that contributes to its phenomenal success.

50 million websites, or twenty percent of the entire web, use WordPress software. The force behind WordPress.com is a convention-defying company called Automattic, Inc., whose 120 employees work from anywhere in the world they wish, barely use email, and launch improvements to their products dozens of times a day. With a fraction of the resources of Google, Amazon, or Facebook, they have a similar impact on the future of the Internet. How is this possible? What's different about how they work, and what can other companies learn from their methods?

To find out, former Microsoft veteran Scott Berkun worked as a manager at WordPress.com, leading a team of young programmers developing new ideas. The Year Without Pants shares the secrets of WordPress.com's phenomenal success from the inside. Berkun's story reveals insights on creativity, productivity, and leadership from the kind of workplace that might be in everyone's future.

The Year Without Pants shares what every organization can learn from the world-changing ideas for the future of work at the heart of Automattic's success.",open_library_api,"Work environment, Authoring programs, Computer programs, Blogs, Web sites Work environment, Authoring programs, Computer programs, Blogs, Web sites A behind-the-scenes look at the firm behind WordPress.com and the unique work culture that contributes to its phenomenal success.

50 million websites, or twenty percent of the entire web, use WordPress software. The force behind WordPress.com is a convention-defying company called Automattic, Inc., whose 120 employees work from anywhere in the world they wish, barely use email, and launch improvements to their products dozens of times a day. With a fraction of the resources of Google, Amazon, or Facebook, they have a similar impact on the future of the Internet. How is this possible? What's different about how they work, and what can other companies learn from their methods?

To find out, former Microsoft veteran Scott Berkun worked as a manager at WordPress.com, leading a team of young programmers developing new ideas. The Year Without Pants shares the secrets of WordPress.com's phenomenal success from the inside. Berkun's story reveals insights on creativity, productivity, and leadership from the kind of workplace that might be in everyone's future.

The Year Without Pants shares what every organization can learn from the world-changing ideas for the future of work at the heart of Automattic's success.",8
Core Python programming,Core Python programming,Wesley Chun,4.0,1,https://covers.openlibrary.org/b/id/7972455-L.jpg,https://openlibrary.org/works/OL12409294W,1077,Python (Computer program language),No description available.,open_library_api,Python (Computer program language) Python (Computer program language) No description available.,6
Superintelligence,Superintelligence,Nick Bostrom,4.0,23,https://covers.openlibrary.org/b/id/8039542-L.jpg,https://openlibrary.org/works/OL17319280W,352,"Moral and ethical aspects, Cognitive science, Artificial intelligence, Social aspects, Philosophy","The human brain has some capabilities that the brains of other animals lack. It is to these distinctive capabilities that our species owes its dominant position. Other animals have stronger muscles or sharper claws, but we have cleverer brains. If machine brains one day come to surpass human brains in general intelligence, then this new superintelligence could become very powerful. As the fate of the gorillas now depends more on us humans than on the gorillas themselves, so the fate of our species then would come to depend on the actions of the machine superintelligence. But we have one advantage: we get to make the first move. Will it be possible to construct a seed AI or otherwise to engineer initial conditions so as to make an intelligence explosion survivable? How could one achieve a controlled detonation? To get closer to an answer to this question, we must make our way through a fascinating landscape of topics and considerations. Read the book and learn about oracles, genies, singletons; about boxing methods, tripwires, and mind crime; about humanity's cosmic endowment and differential technological development; indirect normativity, instrumental convergence, whole brain emulation and technology couplings; Malthusian economics and dystopian evolution; artificial intelligence, and biological cognitive enhancement, and collective intelligence.",open_library_api,"Moral and ethical aspects, Cognitive science, Artificial intelligence, Social aspects, Philosophy Moral and ethical aspects, Cognitive science, Artificial intelligence, Social aspects, Philosophy The human brain has some capabilities that the brains of other animals lack. It is to these distinctive capabilities that our species owes its dominant position. Other animals have stronger muscles or sharper claws, but we have cleverer brains. If machine brains one day come to surpass human brains in general intelligence, then this new superintelligence could become very powerful. As the fate of the gorillas now depends more on us humans than on the gorillas themselves, so the fate of our species then would come to depend on the actions of the machine superintelligence. But we have one advantage: we get to make the first move. Will it be possible to construct a seed AI or otherwise to engineer initial conditions so as to make an intelligence explosion survivable? How could one achieve a controlled detonation? To get closer to an answer to this question, we must make our way through a fascinating landscape of topics and considerations. Read the book and learn about oracles, genies, singletons; about boxing methods, tripwires, and mind crime; about humanity's cosmic endowment and differential technological development; indirect normativity, instrumental convergence, whole brain emulation and technology couplings; Malthusian economics and dystopian evolution; artificial intelligence, and biological cognitive enhancement, and collective intelligence.",8
C++,C++,Paul J. Deitel,4.0,4,https://covers.openlibrary.org/b/id/15111450-L.jpg,https://openlibrary.org/works/OL7943176W,1104,"Java (Computer program language), C++ (Computer program language), C (Computer program language), C++, Computer program language","*Publisher's description:* For Introduction to Programming (CS1) and other more intermediate courses covering programming in C++. Also appropriate as a supplement for upper-level courses where the instructor uses a book as a reference for the C++ language. This best-selling comprehensive text is aimed at readers with little or no programming experience. It teaches programming by presenting the concepts in the context of full working programs and takes and early objects approach. The text has an emphasis on achieving program clarity through structured and object-oriented programming, software reuse and component-oriented software construction. The Sixth Edition reflects the suggested improvements of a distinguished team of industry professionals and academics.",open_library_api,"Java (Computer program language), C++ (Computer program language), C (Computer program language), C++, Computer program language Java (Computer program language), C++ (Computer program language), C (Computer program language), C++, Computer program language *Publisher's description:* For Introduction to Programming (CS1) and other more intermediate courses covering programming in C++. Also appropriate as a supplement for upper-level courses where the instructor uses a book as a reference for the C++ language. This best-selling comprehensive text is aimed at readers with little or no programming experience. It teaches programming by presenting the concepts in the context of full working programs and takes and early objects approach. The text has an emphasis on achieving program clarity through structured and object-oriented programming, software reuse and component-oriented software construction. The Sixth Edition reflects the suggested improvements of a distinguished team of industry professionals and academics.",6
"Structural Information and Communication Complexity: 19th International Colloquium, SIROCCO 2012, Reykjavik, Iceland, June 30 - July 2, 2012, Revised ...","Structural Information and Communication Complexity: 19th International Colloquium, SIROCCO 2012, Reykjavik, Iceland, June 30 - July 2, 2012, Revised ... (Lecture Notes in Computer Science, 7355)",Guy Even,4.0,1,https://i.gr-assets.com/images/S/compressed.photo.goodreads.com/books/1355918074i/16179657._SY75_.jpg,https://www.goodreads.com/book/show/16179657-structural-information-and-communication-complexity,437,General,No description available.,goodreads_scraped,General General No description available.,4
Programming the Universe: A Quantum Computer Scientist Takes on the Cosmos,Programming the Universe: A Quantum Computer Scientist Takes on the Cosmos,Seth Lloyd,4.0,2103,https://i.gr-assets.com/images/S/compressed.photo.goodreads.com/books/1320432641i/331680._SY75_.jpg,https://www.goodreads.com/book/show/331680.Programming_the_Universe,437,General,No description available.,goodreads_scraped,General General No description available.,4
Think Python,Think Python,Allen B. Downey,4.0,6,https://covers.openlibrary.org/b/id/7363360-L.jpg,https://openlibrary.org/works/OL16976951W,228,"Computer programming, Software architecture, Python (Computer program language), COMPUTERS / Programming Languages / C#, COMPUTERS / Programming Languages / Pascal","If you want to learn how to program, working with Python is an excellent way to start. This hands-on guide takes you through the language one step at a time, beginning with basic programming concepts before moving on to functions, recursion, data structures, and object-oriented design.
Through exercises in each chapter, you’ll try out programming concepts as you learn them. Think Python is ideal for students at the high school or college level, as well as self-learners, home-schooled students, and professionals who need to learn programming basics.",open_library_api,"Computer programming, Software architecture, Python (Computer program language), COMPUTERS / Programming Languages / C#, COMPUTERS / Programming Languages / Pascal Computer programming, Software architecture, Python (Computer program language), COMPUTERS / Programming Languages / C#, COMPUTERS / Programming Languages / Pascal If you want to learn how to program, working with Python is an excellent way to start. This hands-on guide takes you through the language one step at a time, beginning with basic programming concepts before moving on to functions, recursion, data structures, and object-oriented design.
Through exercises in each chapter, you’ll try out programming concepts as you learn them. Think Python is ideal for students at the high school or college level, as well as self-learners, home-schooled students, and professionals who need to learn programming basics.",8
Java,Java,Herbert Schildt,4.0,1,https://covers.openlibrary.org/b/id/62098-L.jpg,https://openlibrary.org/works/OL720123W,1000,"Java (Computer program language), Internet programming, Java (computer program language)",best book for learning java,open_library_api,"Java (Computer program language), Internet programming, Java (computer program language) Java (Computer program language), Internet programming, Java (computer program language) best book for learning java",6
Technology in action,Technology in action,Alan Evans,4.0,3,https://covers.openlibrary.org/b/id/1108022-L.jpg,https://openlibrary.org/works/OL6031175W,649,"Microcomputers, open_syllabus_project, Computer networks, Computer science, Information technology",No description available.,open_library_api,"Microcomputers, open_syllabus_project, Computer networks, Computer science, Information technology Microcomputers, open_syllabus_project, Computer networks, Computer science, Information technology No description available.",5
Kill It with Fire,Kill It with Fire,Marianne Bellotti,4.0,1,https://covers.openlibrary.org/b/id/10597716-L.jpg,https://openlibrary.org/works/OL24176408W,248,"Mathematics, Management, Computer science, Software engineering","Kill It with Fire chronicles the challenges of dealing with aging computer systems, along with sound modernization strategies.

How to survive a legacy apocalypse
 
“Kill it with fire,” the typical first reaction to a legacy system falling into obsolescence, is a knee-jerk approach that often burns through tons of money and time only to result in a less efficient solution. This book offers a far more forgiving modernization framework, laying out smart value-add strategies and proven techniques that work equally well for ancient systems and brand-new ones.
 
Renowned for restoring some of the world’s oldest, messiest computer networks to operational excellence, software engineering expert Marianne Bellotti distills key lessons and insights from her experience into practical, research-backed guidance to help you determine when and how to modernize. With witty, engaging prose, Bellotti explains why new doesn’t always mean better, weaving in illuminating case studies and anecdotes from her work in the field.
 
You’ll learn:
Where to focus your maintenance efforts for maximum impact and value
How to pick the right modernization solutions for your specific needs and keep your plans on track
How to assess whether your migrations will add value before you invest in them
What to consider before moving data to the cloud
How to determine when a project is finished
 
Packed with resources, exercises, and flexible frameworks for organizations of all ages and sizes, Kill It with Fire will give you a vested interest in your technology’s future.",open_library_api,"Mathematics, Management, Computer science, Software engineering Mathematics, Management, Computer science, Software engineering Kill It with Fire chronicles the challenges of dealing with aging computer systems, along with sound modernization strategies.

How to survive a legacy apocalypse
 
“Kill it with fire,” the typical first reaction to a legacy system falling into obsolescence, is a knee-jerk approach that often burns through tons of money and time only to result in a less efficient solution. This book offers a far more forgiving modernization framework, laying out smart value-add strategies and proven techniques that work equally well for ancient systems and brand-new ones.
 
Renowned for restoring some of the world’s oldest, messiest computer networks to operational excellence, software engineering expert Marianne Bellotti distills key lessons and insights from her experience into practical, research-backed guidance to help you determine when and how to modernize. With witty, engaging prose, Bellotti explains why new doesn’t always mean better, weaving in illuminating case studies and anecdotes from her work in the field.
 
You’ll learn:
Where to focus your maintenance efforts for maximum impact and value
How to pick the right modernization solutions for your specific needs and keep your plans on track
How to assess whether your migrations will add value before you invest in them
What to consider before moving data to the cloud
How to determine when a project is finished
 
Packed with resources, exercises, and flexible frameworks for organizations of all ages and sizes, Kill It with Fire will give you a vested interest in your technology’s future.",8
Programming Pearls,Programming Pearls,Jon Bentley,4.0,8,https://covers.openlibrary.org/b/id/135673-L.jpg,https://openlibrary.org/works/OL8021453W,256,Computer programming,No description available.,open_library_api,Computer programming Computer programming No description available.,8
The Waite Group's Turbo C programming for the PC,The Waite Group's Turbo C programming for the PC,Robert Lafore,4.0,2,https://covers.openlibrary.org/b/id/410094-L.jpg,https://openlibrary.org/works/OL2036125W,696,"C (Computer program language), IBM microcomputers, Programming, Turbo C (Computer file), Turbo c (computer program)",No description available.,open_library_api,"C (Computer program language), IBM microcomputers, Programming, Turbo C (Computer file), Turbo c (computer program) C (Computer program language), IBM microcomputers, Programming, Turbo C (Computer file), Turbo c (computer program) No description available.",5
Clojure programming,Clojure programming,Chas Emerick,4.0,3,https://covers.openlibrary.org/b/id/7440852-L.jpg,https://openlibrary.org/works/OL16690207W,630,"Java (Computer program language), Java virtual machine, Functional programming (Computer science), Clojure (Computer program language), Java (computer program language)","""Clojure programming ... This functional programming language not only lets you take advantage of Java libraries, services, and other JVM resources, it rivals other dynamic languages such as Ruby and Python. With this comprehensive guide, you'll learn Clojure fundamentals with examples that relate it to languages you already know""--P. [4] of cover.",open_library_api,"Java (Computer program language), Java virtual machine, Functional programming (Computer science), Clojure (Computer program language), Java (computer program language) Java (Computer program language), Java virtual machine, Functional programming (Computer science), Clojure (Computer program language), Java (computer program language) ""Clojure programming ... This functional programming language not only lets you take advantage of Java libraries, services, and other JVM resources, it rivals other dynamic languages such as Ruby and Python. With this comprehensive guide, you'll learn Clojure fundamentals with examples that relate it to languages you already know""--P. [4] of cover.",5
Spring in action,Spring in action,Craig Walls,4.0,2,https://covers.openlibrary.org/b/id/8722096-L.jpg,https://openlibrary.org/works/OL8955978W,496,"Application software, Development, Java (Computer program language), Spring (Computer file), Java",No description available.,open_library_api,"Application software, Development, Java (Computer program language), Spring (Computer file), Java Application software, Development, Java (Computer program language), Spring (Computer file), Java No description available.",0
Effective JavaScript,Effective JavaScript,David Herman,4.0,2,https://covers.openlibrary.org/b/id/7265123-L.jpg,https://openlibrary.org/works/OL16808618W,240,"JavaScript (Computer program language), Object-oriented programming (computer science)",No description available.,open_library_api,"JavaScript (Computer program language), Object-oriented programming (computer science) JavaScript (Computer program language), Object-oriented programming (computer science) No description available.",1
Mastering Python Design Patterns,Mastering Python Design Patterns,Sakis Kasampalis,4.0,1,https://covers.openlibrary.org/b/id/8513254-L.jpg,https://openlibrary.org/works/OL19547142W,248,"Python (Computer program language), Computer software, Development, Python (Langage de programmation), COMPUTERS",No description available.,open_library_api,"Python (Computer program language), Computer software, Development, Python (Langage de programmation), COMPUTERS Python (Computer program language), Computer software, Development, Python (Langage de programmation), COMPUTERS No description available.",1
Essential Scrum,Essential Scrum,Kenneth S. Rubin,4.0,1,https://covers.openlibrary.org/b/id/7401605-L.jpg,https://openlibrary.org/works/OL16617654W,496,"Agile software development, Scrum (Computer software development), Project management, Scrum (computer software development), Business, computer programs",No description available.,open_library_api,"Agile software development, Scrum (Computer software development), Project management, Scrum (computer software development), Business, computer programs Agile software development, Scrum (Computer software development), Project management, Scrum (computer software development), Business, computer programs No description available.",0
Extreme programming explained,Extreme programming explained,Kent Beck,4.0,6,https://covers.openlibrary.org/b/id/5394766-L.jpg,https://openlibrary.org/works/OL1961693W,207,"Development, Extreme programming, Programmation extrême, Logiciels, Développement","""Extreme Programming (XP) was conceived and developed to address the specific needs of software development conducted by small teams in the face of vague and changing requirements. This new lightweight methodology challenges many conventional tenets, including the long-held assumption that the cost of changing a piece of software necessarily rises dramatically over the course of time.

XP recognizes that projects have to work to achieve this reduction in cost and exploit the savings once they have been earned."" ""You may love XP or you may hate it, but Extreme Programming Explained will force you to take a fresh look at how you develop software.""--BOOK JACKET.",open_library_api,"Development, Extreme programming, Programmation extrême, Logiciels, Développement Development, Extreme programming, Programmation extrême, Logiciels, Développement ""Extreme Programming (XP) was conceived and developed to address the specific needs of software development conducted by small teams in the face of vague and changing requirements. This new lightweight methodology challenges many conventional tenets, including the long-held assumption that the cost of changing a piece of software necessarily rises dramatically over the course of time.

XP recognizes that projects have to work to achieve this reduction in cost and exploit the savings once they have been earned."" ""You may love XP or you may hate it, but Extreme Programming Explained will force you to take a fresh look at how you develop software.""--BOOK JACKET.",8
Data Structure and Algorithmic Thinking with Python: Data Structure and Algorithmic Puzzles,Data Structure and Algorithmic Thinking with Python: Data Structure and Algorithmic Puzzles,Narasimha Karumanchi,4.0,2,https://covers.openlibrary.org/b/id/8512282-L.jpg,https://openlibrary.org/works/OL19546184W,494,"Data structures (computer science), Computer algorithms, Python (computer program language)",No description available.,open_library_api,"Data structures (computer science), Computer algorithms, Python (computer program language) Data structures (computer science), Computer algorithms, Python (computer program language) No description available.",1
The Quick Python Book,The Quick Python Book,Naomi Ceder,4.0,1,https://covers.openlibrary.org/b/id/8508566-L.jpg,https://openlibrary.org/works/OL19542542W,472,"Python (Computer program language), Python (computer program language)",No description available.,open_library_api,"Python (Computer program language), Python (computer program language) Python (Computer program language), Python (computer program language) No description available.",1
Natural Language Processing With Python,Natural Language Processing With Python,Edward Loper,4.0,2,https://covers.openlibrary.org/b/id/6296394-L.jpg,https://openlibrary.org/works/OL14940051W,508,"Python (Computer program language), Natural language processing (Computer science), Python <Programmiersprache>, Sprachverarbeitung, Natural Language Processing","This book offers a highly accessible introduction to Natural Language Processing, the field that underpins a variety of language technologies ranging from predictive text and email filtering to automatic summarization and translation. You'll learn how to write Python programs to analyze the structure and meaning of texts, drawing on techniques from the fields of linguistics and artificial intelligence.",open_library_api,"Python (Computer program language), Natural language processing (Computer science), Python <Programmiersprache>, Sprachverarbeitung, Natural Language Processing Python (Computer program language), Natural language processing (Computer science), Python <Programmiersprache>, Sprachverarbeitung, Natural Language Processing This book offers a highly accessible introduction to Natural Language Processing, the field that underpins a variety of language technologies ranging from predictive text and email filtering to automatic summarization and translation. You'll learn how to write Python programs to analyze the structure and meaning of texts, drawing on techniques from the fields of linguistics and artificial intelligence.",5
The Hitchhiker’s Guide To Python,The Hitchhiker’s Guide To Python,Kenneth Reitz,4.0,2,https://covers.openlibrary.org/b/id/8512679-L.jpg,https://openlibrary.org/works/OL19546626W,338,"Microcomputers, Python (Computer program language), Programming, Python (computer program language)",No description available.,open_library_api,"Microcomputers, Python (Computer program language), Programming, Python (computer program language) Microcomputers, Python (Computer program language), Programming, Python (computer program language) No description available.",1
ZX Spectrum Games Code Club: Twenty fun games to code and learn,ZX Spectrum Games Code Club: Twenty fun games to code and learn,Gary Plowman,4.0,20,https://i.gr-assets.com/images/S/compressed.photo.goodreads.com/books/1453058059i/28288701._SX50_.jpg,https://www.goodreads.com/book/show/28288701-zx-spectrum-games-code-club,437,General,No description available.,goodreads_scraped,General General No description available.,4
"Beginning Web programming with HTML, XHTML, and CSS","Beginning Web programming with HTML, XHTML, and CSS",Jon Duckett,4.0,1,https://covers.openlibrary.org/b/id/6817644-L.jpg,https://openlibrary.org/works/OL15854724W,808,"Development, Application software, Cascading style sheets, HTML (Document markup language), Web sites (desenvolvimento)","What is this book about?Beginning Web Programming with HTML, XHTML, and CSS teaches you how to write Web pages using HTML, XHTML, and CSS. It follows standards-based principles, but also teaches readers ways around problems they are likely to face using (X)HTML.While XHTML is the ""current"" standard, the book still covers HTML because many people do not yet understand that XHTML is the official successor to HTML, and many readers will still stick with HTML for backward compatibility and simpler/informal Web pages that don't require XHTML compliance.The book teaches basic principles of usability and accessibility along the way, to get users into the mode of developing Web pages that will be available to as many viewers as possible from the start. The book also covers the most commonly used programming/scripting language -- JavaScript -- and provides readers with a roadmap of other Web technologies to learn after mastering this book to add more functionality to their sites.",open_library_api,"Development, Application software, Cascading style sheets, HTML (Document markup language), Web sites (desenvolvimento) Development, Application software, Cascading style sheets, HTML (Document markup language), Web sites (desenvolvimento) What is this book about?Beginning Web Programming with HTML, XHTML, and CSS teaches you how to write Web pages using HTML, XHTML, and CSS. It follows standards-based principles, but also teaches readers ways around problems they are likely to face using (X)HTML.While XHTML is the ""current"" standard, the book still covers HTML because many people do not yet understand that XHTML is the official successor to HTML, and many readers will still stick with HTML for backward compatibility and simpler/informal Web pages that don't require XHTML compliance.The book teaches basic principles of usability and accessibility along the way, to get users into the mode of developing Web pages that will be available to as many viewers as possible from the start. The book also covers the most commonly used programming/scripting language -- JavaScript -- and provides readers with a roadmap of other Web technologies to learn after mastering this book to add more functionality to their sites.",5
Kotlin Programming,Kotlin Programming,Matthew Mathias,4.0,1,https://covers.openlibrary.org/b/id/12404606-L.jpg,https://openlibrary.org/works/OL22541716W,511,"Android (electronic resource), Application software, development",No description available.,open_library_api,"Android (electronic resource), Application software, development Android (electronic resource), Application software, development No description available.",0
Python Data Science Handbook,Python Data Science Handbook,Jake VanderPlas,4.0,2,https://covers.openlibrary.org/b/id/8512092-L.jpg,https://openlibrary.org/works/OL19545956W,548,"Python (Computer program language), Data mining, COMPUTERS, General, Datenanalyse","**Revision History**
December 2016: First Edition
2016-11-17: First Release",open_library_api,"Python (Computer program language), Data mining, COMPUTERS, General, Datenanalyse Python (Computer program language), Data mining, COMPUTERS, General, Datenanalyse **Revision History**
December 2016: First Edition
2016-11-17: First Release",5
Building Evolutionary Architectures: Support Constant Change,Building Evolutionary Architectures: Support Constant Change,Neal Ford,4.0,2,https://covers.openlibrary.org/b/id/8507690-L.jpg,https://openlibrary.org/works/OL19541931W,190,"Computer software, development",No description available.,open_library_api,"Computer software, development Computer software, development No description available.",0
jQuery cookbook,jQuery cookbook,Cody Lindley,4.0,2,https://covers.openlibrary.org/b/id/6388018-L.jpg,https://openlibrary.org/works/OL15165439W,451,"web development, javascript, jquery library, Web site development, JavaScript (Computer program language)","An intermediate jQuery book consisting of a sequence of recipes, each recipe solving a particular problem using jQuery.",open_library_api,"web development, javascript, jquery library, Web site development, JavaScript (Computer program language) web development, javascript, jquery library, Web site development, JavaScript (Computer program language) An intermediate jQuery book consisting of a sequence of recipes, each recipe solving a particular problem using jQuery.",8
Speaking JavaScript,Speaking JavaScript,Axel Rauschmayer,4.0,1,https://covers.openlibrary.org/b/id/7778779-L.jpg,https://openlibrary.org/works/OL17538569W,437,"Development, Application software, JavaScript (Computer program language), Web site development, Web sites",No description available.,open_library_api,"Development, Application software, JavaScript (Computer program language), Web site development, Web sites Development, Application software, JavaScript (Computer program language), Web site development, Web sites No description available.",0
Rapid development,Rapid development,Steve McConnell,4.0,4,https://covers.openlibrary.org/b/id/776758-L.jpg,https://openlibrary.org/works/OL2722065W,647,"Development, Computer software, Computer software, development, Computer software--development, Qa76.76.d47 m393 1996",No description available.,open_library_api,"Development, Computer software, Computer software, development, Computer software--development, Qa76.76.d47 m393 1996 Development, Computer software, Computer software, development, Computer software--development, Qa76.76.d47 m393 1996 No description available.",0
Software Engineering at Google,Software Engineering at Google,Titus Winters,4.0,3,https://covers.openlibrary.org/b/id/10450993-L.jpg,https://openlibrary.org/works/OL22293580W,573,"System design, Computer software, development, management, Computer architecture",No description available.,open_library_api,"System design, Computer software, development, management, Computer architecture System design, Computer software, development, management, Computer architecture No description available.",0
An Introduction to Object-Oriented Programming With Java,An Introduction to Object-Oriented Programming With Java,C. Thomas Wu,4.0,1,https://covers.openlibrary.org/b/id/149216-L.jpg,https://openlibrary.org/works/OL1982658W,950,"Java (Computer program language), Object-oriented programming (Computer science), Objektorientierte Programmierung, Java (programmeertaal), Java (Programmiersprache)",No description available.,open_library_api,"Java (Computer program language), Object-oriented programming (Computer science), Objektorientierte Programmierung, Java (programmeertaal), Java (Programmiersprache) Java (Computer program language), Object-oriented programming (Computer science), Objektorientierte Programmierung, Java (programmeertaal), Java (Programmiersprache) No description available.",6
"Web Design with HTML, CSS, JavaScript and jQuery Set","Web Design with HTML, CSS, JavaScript and jQuery Set",Jon Duckett,4.0,1,https://covers.openlibrary.org/b/id/7531601-L.jpg,https://openlibrary.org/works/OL17414477W,1152,"Web sites, design, Html (document markup language), Javascript (computer program language), Cascading style sheets",No description available.,open_library_api,"Web sites, design, Html (document markup language), Javascript (computer program language), Cascading style sheets Web sites, design, Html (document markup language), Javascript (computer program language), Cascading style sheets No description available.",6
If Hemingway Wrote JavaScript,If Hemingway Wrote JavaScript,Angus Croll,4.0,1,https://covers.openlibrary.org/b/id/10620683-L.jpg,https://openlibrary.org/works/OL20014237W,191,"Philology, JavaScript (Computer program language)","""Imagines short JavaScript programs as written by famous wordsmiths.""--Back cover.",open_library_api,"Philology, JavaScript (Computer program language) Philology, JavaScript (Computer program language) ""Imagines short JavaScript programs as written by famous wordsmiths.""--Back cover.",1
Class Construction in C and C++: Object-Oriented Programming Fundamentals,Class Construction in C and C++: Object-Oriented Programming Fundamentals,Roger Sessions,4.0,3,https://i.gr-assets.com/images/S/compressed.photo.goodreads.com/books/1311305980i/1508453._SX50_.jpg,https://www.goodreads.com/book/show/1508453.Class_Construction_in_C_and_C_,477,"C++ (Computer program language), Programmation orientée objet (Informatique), C (Computer program language), C (Langage de programmation), C++ (Langage de programmation)",No description available.,goodreads_scraped,"C++ (Computer program language), Programmation orientée objet (Informatique), C (Computer program language), C (Langage de programmation), C++ (Langage de programmation) C++ (Computer program language), Programmation orientée objet (Informatique), C (Computer program language), C (Langage de programmation), C++ (Langage de programmation) No description available.",5
Kubernetes in Action,Kubernetes in Action,Marko Luksa,4.0,2,https://covers.openlibrary.org/b/id/8509009-L.jpg,https://openlibrary.org/works/OL19542950W,624,"Application software, development, Electronic data processing, distributed processing",No description available.,open_library_api,"Application software, development, Electronic data processing, distributed processing Application software, development, Electronic data processing, distributed processing No description available.",5
Agile testing,Agile testing,Lisa Crispin,4.0,1,https://covers.openlibrary.org/b/id/5746615-L.jpg,https://openlibrary.org/works/OL9211695W,555,"Agile software development, Computer software, Testing, Computer software, development, Computer software--testing",No description available.,open_library_api,"Agile software development, Computer software, Testing, Computer software, development, Computer software--testing Agile software development, Computer software, Testing, Computer software, development, Computer software--testing No description available.",0
Functional JavaScript,Functional JavaScript,Michael Fogus,4.0,1,https://covers.openlibrary.org/b/id/7282655-L.jpg,https://openlibrary.org/works/OL16820545W,437,"Javascript (computer program language), Functional programming (Computer science)",No description available.,open_library_api,"Javascript (computer program language), Functional programming (Computer science) Javascript (computer program language), Functional programming (Computer science) No description available.",1
The art of agile development,The art of agile development,James Shore,4.0,3,https://covers.openlibrary.org/b/id/6307771-L.jpg,https://openlibrary.org/works/OL8167691W,409,"Agile software development, Computer software, development, Computer software, Development, General",No description available.,open_library_api,"Agile software development, Computer software, development, Computer software, Development, General Agile software development, Computer software, development, Computer software, Development, General No description available.",0
The Principles of Object-Oriented JavaScript,The Principles of Object-Oriented JavaScript,Nicholas C. Zakas,4.0,2,https://covers.openlibrary.org/b/id/8259472-L.jpg,https://openlibrary.org/works/OL17929948W,437,"javascript, Object-oriented programming languages, JavaScript (Computer program language), Object-oriented programming (computer science), COMPUTERS / Programming Languages / JavaScript",No description available.,open_library_api,"javascript, Object-oriented programming languages, JavaScript (Computer program language), Object-oriented programming (computer science), COMPUTERS / Programming Languages / JavaScript javascript, Object-oriented programming languages, JavaScript (Computer program language), Object-oriented programming (computer science), COMPUTERS / Programming Languages / JavaScript No description available.",1
High Performance JavaScript,High Performance JavaScript,Nicholas C. Zakas,4.0,1,https://covers.openlibrary.org/b/id/7262408-L.jpg,https://openlibrary.org/works/OL16807218W,242,"World Wide Web, JavaScript (Computer program language), Web servers, Document Object Model (Web site development technology), Javascript (computer program language)",No description available.,open_library_api,"World Wide Web, JavaScript (Computer program language), Web servers, Document Object Model (Web site development technology), Javascript (computer program language) World Wide Web, JavaScript (Computer program language), Web servers, Document Object Model (Web site development technology), Javascript (computer program language) No description available.",1
Computer Organization & Design: The Hardware/Software Interface,Computer Organization & Design: The Hardware/Software Interface,David A. Patterson,3.98,1713,https://i.gr-assets.com/images/S/compressed.photo.goodreads.com/books/1386925474i/83895._SX50_.jpg,https://www.goodreads.com/book/show/83895.Computer_Organization_Design,909,"Computer organization, Computer interfaces, Computer engineering, Computers, Design and construction",No description available.,goodreads_scraped,"Computer organization, Computer interfaces, Computer engineering, Computers, Design and construction Computer organization, Computer interfaces, Computer engineering, Computers, Design and construction No description available.",6
Waltzing With Bears: Managing Risk on Software Projects,Waltzing With Bears: Managing Risk on Software Projects,Tom DeMarco,3.98,784,https://i.gr-assets.com/images/S/compressed.photo.goodreads.com/books/1356137390i/665153._SY75_.jpg,https://www.goodreads.com/book/show/665153.Waltzing_With_Bears,144,"Development, Risk management, Management, Computer software",No description available.,goodreads_scraped,"Development, Risk management, Management, Computer software Development, Risk management, Management, Computer software No description available.",8
Design Patterns,Design Patterns,Erich Gamma,3.97,34,https://covers.openlibrary.org/b/id/6601119-L.jpg,https://openlibrary.org/works/OL6030812W,395,"Reusability, Object-oriented programming (Computer science), Computer software, Software patterns, Entwurfsmuster","Four software designers present a catalog of simple and succinct solutions to commonly occurring design problems, using Smalltalk and C++ in example code. These 23 patterns allow designers to create more flexible, elegant, and ultimately reusable designs without having to rediscover the design solutions themselves. The authors begin by describing what patterns are and how they can help you design object-oriented software. They go on to systematically name, explain, evaluate, and catalog recurring designs in object-oriented systems.",open_library_api,"Reusability, Object-oriented programming (Computer science), Computer software, Software patterns, Entwurfsmuster Reusability, Object-oriented programming (Computer science), Computer software, Software patterns, Entwurfsmuster Four software designers present a catalog of simple and succinct solutions to commonly occurring design problems, using Smalltalk and C++ in example code. These 23 patterns allow designers to create more flexible, elegant, and ultimately reusable designs without having to rediscover the design solutions themselves. The authors begin by describing what patterns are and how they can help you design object-oriented software. They go on to systematically name, explain, evaluate, and catalog recurring designs in object-oriented systems.",8
"Rage Inside the Machine: The Prejudice of Algorithms, and How to Stop the Internet Making Bigots of Us All","Rage Inside the Machine: The Prejudice of Algorithms, and How to Stop the Internet Making Bigots of Us All",Robert Elliott Smith,3.97,145,https://i.gr-assets.com/images/S/compressed.photo.goodreads.com/books/1565751919i/40653223._SX50_.jpg,https://www.goodreads.com/book/show/40653223-rage-inside-the-machine,344,"Internet, social aspects, Prejudices, Data mining",No description available.,goodreads_scraped,"Internet, social aspects, Prejudices, Data mining Internet, social aspects, Prejudices, Data mining No description available.",8
Distributed Operating Systems,Distributed Operating Systems,Andrew S. Tanenbaum,3.96,92,https://i.gr-assets.com/images/S/compressed.photo.goodreads.com/books/1348968040i/544478._SX50_.jpg,https://www.goodreads.com/book/show/544478.Distributed_Operating_Systems,437,General,No description available.,goodreads_scraped,General General No description available.,4
Secure Coding in C And C++,Secure Coding in C And C++,Robert C. Seacord,3.96,54,https://i.gr-assets.com/images/S/compressed.photo.goodreads.com/books/1348390884i/1069724._SX50_.jpg,https://www.goodreads.com/book/show/1069724.Secure_Coding_in_C_And_C_,341,"C (Computer program language), C++ (Computer program language), Computer security, C plus plus (computer program language), Qa76.9.a25 s368 2006",No description available.,goodreads_scraped,"C (Computer program language), C++ (Computer program language), Computer security, C plus plus (computer program language), Qa76.9.a25 s368 2006 C (Computer program language), C++ (Computer program language), Computer security, C plus plus (computer program language), Qa76.9.a25 s368 2006 No description available.",1
"Emergence: The Connected Lives of Ants, Brains, Cities, and Software","Emergence: The Connected Lives of Ants, Brains, Cities, and Software",Steven Johnson,3.95,3584,https://i.gr-assets.com/images/S/compressed.photo.goodreads.com/books/1294786433i/2296._SY75_.jpg,https://www.goodreads.com/book/show/2296.Emergence,437,General,No description available.,goodreads_scraped,General General No description available.,4
The Innovators,The Innovators,Walter Isaacson,3.95,22,https://covers.openlibrary.org/b/id/7313659-L.jpg,https://openlibrary.org/works/OL17074268W,583,"Biography, Computer scientists, History, Internet, Computer science","Following his blockbuster biography of Steve Jobs, The Innovators is Walter Isaacson’s revealing story of the people who created the computer and the Internet. It is destined to be the standard history of the digital revolution and an indispensable guide to how innovation really happens.

What were the talents that allowed certain inventors and entrepreneurs to turn their visionary ideas into disruptive realities? What led to their creative leaps? Why did some succeed and others fail?

In his masterly saga, Isaacson begins with Ada Lovelace, Lord Byron’s daughter, who pioneered computer programming in the 1840s. He explores the fascinating personalities that created our current digital revolution, such as Vannevar Bush, Alan Turing, John von Neumann, J.C.R. Licklider, Doug Engelbart, Robert Noyce, Bill Gates, Steve Wozniak, Steve Jobs, Tim Berners-Lee, and Larry Page. 

This is the story of how their minds worked and what made them so inventive. It’s also a narrative of how their ability to collaborate and master the art of teamwork made them even more creative.

For an era that seeks to foster innovation, creativity, and teamwork, The Innovators shows how they happen.",open_library_api,"Biography, Computer scientists, History, Internet, Computer science Biography, Computer scientists, History, Internet, Computer science Following his blockbuster biography of Steve Jobs, The Innovators is Walter Isaacson’s revealing story of the people who created the computer and the Internet. It is destined to be the standard history of the digital revolution and an indispensable guide to how innovation really happens.

What were the talents that allowed certain inventors and entrepreneurs to turn their visionary ideas into disruptive realities? What led to their creative leaps? Why did some succeed and others fail?

In his masterly saga, Isaacson begins with Ada Lovelace, Lord Byron’s daughter, who pioneered computer programming in the 1840s. He explores the fascinating personalities that created our current digital revolution, such as Vannevar Bush, Alan Turing, John von Neumann, J.C.R. Licklider, Doug Engelbart, Robert Noyce, Bill Gates, Steve Wozniak, Steve Jobs, Tim Berners-Lee, and Larry Page. 

This is the story of how their minds worked and what made them so inventive. It’s also a narrative of how their ability to collaborate and master the art of teamwork made them even more creative.

For an era that seeks to foster innovation, creativity, and teamwork, The Innovators shows how they happen.",5
Coders at Work: Reflections on the Craft of Programming,Coders at Work: Reflections on the Craft of Programming,Peter Seibel,3.95,5381,https://i.gr-assets.com/images/S/compressed.photo.goodreads.com/books/1349026758i/6713575._SX50_.jpg,https://www.goodreads.com/book/show/6713575-coders-at-work,617,"Programmatuurtechniek, Programmierung, Computer programmers, Computer programming, Interviews",No description available.,goodreads_scraped,"Programmatuurtechniek, Programmierung, Computer programmers, Computer programming, Interviews Programmatuurtechniek, Programmierung, Computer programmers, Computer programming, Interviews No description available.",5
The Passionate Programmer: Creating a Remarkable Career in Software Development,The Passionate Programmer: Creating a Remarkable Career in Software Development,Chad Fowler,3.94,4357,https://i.gr-assets.com/images/S/compressed.photo.goodreads.com/books/1348519150i/6399113._SX50_.jpg,https://www.goodreads.com/book/show/6399113-the-passionate-programmer,198,"Development, Computer software, Vocational guidance, Career development, Management",Remarkable careers don't come by chance. You can't afford to sit back and let your job decide your future - it's time to take control.,goodreads_scraped,"Development, Computer software, Vocational guidance, Career development, Management Development, Computer software, Vocational guidance, Career development, Management Remarkable careers don't come by chance. You can't afford to sit back and let your job decide your future - it's time to take control.",8
xUnit Test Patterns: Refactoring Test Code,xUnit Test Patterns: Refactoring Test Code,Gerard Meszaros,3.94,688,https://i.gr-assets.com/images/S/compressed.photo.goodreads.com/books/1348288284i/337302._SX50_.jpg,https://www.goodreads.com/book/show/337302.xUnit_Test_Patterns,944,"Computer Technology, Nonfiction, Testing, Software patterns, Computer software","Automated testing is a cornerstone of agile development. An effective testing strategy will deliver new functionality more aggressively, accelerate user feedback, and improve quality. However, for many developers, creating effective automated tests is",goodreads_scraped,"Computer Technology, Nonfiction, Testing, Software patterns, Computer software Computer Technology, Nonfiction, Testing, Software patterns, Computer software Automated testing is a cornerstone of agile development. An effective testing strategy will deliver new functionality more aggressively, accelerate user feedback, and improve quality. However, for many developers, creating effective automated tests is",6
Selected Papers on the Analysis of Algorithms,Selected Papers on the Analysis of Algorithms,Donald Ervin Knuth,3.94,18,https://i.gr-assets.com/images/S/compressed.photo.goodreads.com/books/1328854635i/484450._SY75_.jpg,https://www.goodreads.com/book/show/484450.Selected_Papers_on_the_Analysis_of_Algorithms,437,General,No description available.,goodreads_scraped,General General No description available.,4
Secrets and Lies: Digital Security in a Networked World,Secrets and Lies: Digital Security in a Networked World,Bruce Schneier,3.93,1799,https://i.gr-assets.com/images/S/compressed.photo.goodreads.com/books/1388258580i/304482._SY75_.jpg,https://www.goodreads.com/book/show/304482.Secrets_and_Lies,440,"Computer networks, Security measures, Computer security, Computer networks, security measures, Computer science","""A primer in practical computer security aimed at those shopping, communication, or doing business online -- almost everyone, in other words.""--Dust jacket.",goodreads_scraped,"Computer networks, Security measures, Computer security, Computer networks, security measures, Computer science Computer networks, Security measures, Computer security, Computer networks, security measures, Computer science ""A primer in practical computer security aimed at those shopping, communication, or doing business online -- almost everyone, in other words.""--Dust jacket.",8
An Introduction to Database Systems,An Introduction to Database Systems,C.J. Date,3.92,373,https://i.gr-assets.com/images/S/compressed.photo.goodreads.com/books/1348753274i/236664._SX50_.jpg,https://www.goodreads.com/book/show/236664.An_Introduction_to_Database_Systems,938,"Conception, Base donnée relationnelle, Database management, Architecture base donnée, Base donnée orientée objet","This book provides a solid grounding in the foundations of database technology and gives some ideas of how the field is likely to develop in the future. Emphasizing insight and understanding rather than formalisms, Chris Date has divided the book into six parts: Basic Concepts, The Relational Model, Database Design, Transaction Management, Further Topics, and Object and Object/Relational Databases. This comprehensive introduction to databases reflects the latest developments and advances in the field of database systems. Throughout the book, there are numerous worked examples and exercises for the reader--with answers--as well as an extensive set of annotated references.",goodreads_scraped,"Conception, Base donnée relationnelle, Database management, Architecture base donnée, Base donnée orientée objet Conception, Base donnée relationnelle, Database management, Architecture base donnée, Base donnée orientée objet This book provides a solid grounding in the foundations of database technology and gives some ideas of how the field is likely to develop in the future. Emphasizing insight and understanding rather than formalisms, Chris Date has divided the book into six parts: Basic Concepts, The Relational Model, Database Design, Transaction Management, Further Topics, and Object and Object/Relational Databases. This comprehensive introduction to databases reflects the latest developments and advances in the field of database systems. Throughout the book, there are numerous worked examples and exercises for the reader--with answers--as well as an extensive set of annotated references.",6
Literate Programming,Literate Programming (Lecture Notes) (Volume 27),Donald Ervin Knuth,3.92,119,https://i.gr-assets.com/images/S/compressed.photo.goodreads.com/books/1328862055i/112245._SY75_.jpg,https://www.goodreads.com/book/show/112245.Literate_Programming_Lecture_Notes_,437,General,No description available.,goodreads_scraped,General General No description available.,4
Learning Spark: Lightning-Fast Big Data Analysis,Learning Spark: Lightning-Fast Big Data Analysis,Holden Karau,3.91,566,https://i.gr-assets.com/images/S/compressed.photo.goodreads.com/books/1380034125i/17318146._SX50_.jpg,https://www.goodreads.com/book/show/17318146-learning-spark,276,"Data mining, Computer programs, Spark (Electronic resource : Apache Software Foundation), Big data, Machine learning","This book introduces Apache Spark, the open source cluster computing system that makes data analytics fast to write and fast to run. You'll learn how to express parallel jobs with just a few lines of code, and cover applications from simple batch jobs to stream processing and machine learning.--",goodreads_scraped,"Data mining, Computer programs, Spark (Electronic resource : Apache Software Foundation), Big data, Machine learning Data mining, Computer programs, Spark (Electronic resource : Apache Software Foundation), Big data, Machine learning This book introduces Apache Spark, the open source cluster computing system that makes data analytics fast to write and fast to run. You'll learn how to express parallel jobs with just a few lines of code, and cover applications from simple batch jobs to stream processing and machine learning.--",8
Object-Oriented Analysis and Design with Applications,Object-Oriented Analysis and Design with Applications,Grady Booch,3.91,606,https://i.gr-assets.com/images/S/compressed.photo.goodreads.com/books/1348359570i/424923._SX50_.jpg,https://www.goodreads.com/book/show/424923.Object_Oriented_Analysis_and_Design_with_Applications,437,General,No description available.,goodreads_scraped,General General No description available.,4
Basic Proof Theory,"Basic Proof Theory (Cambridge Tracts in Theoretical Computer Science, Series Number 43)",Anne S. Troelstra,3.91,11,https://i.gr-assets.com/images/S/compressed.photo.goodreads.com/books/1267981146i/3400003._SY75_.jpg,https://www.goodreads.com/book/show/3400003-basic-proof-theory,437,General,No description available.,goodreads_scraped,General General No description available.,4
"Attacking Network Protocols: A Hacker's Guide to Capture, Analysis, and Exploitation","Attacking Network Protocols: A Hacker's Guide to Capture, Analysis, and Exploitation",James Forshaw,3.91,132,https://i.gr-assets.com/images/S/compressed.photo.goodreads.com/books/1505179609i/36225016._SX50_.jpg,https://www.goodreads.com/book/show/36225016-attacking-network-protocols,437,General,No description available.,goodreads_scraped,General General No description available.,4
The Ruby Way,The Ruby Way (Addison-Wesley Professional Ruby Series),Hal Fulton,3.91,335,https://i.gr-assets.com/images/S/compressed.photo.goodreads.com/books/1348931463i/4514._SX50_.jpg,https://www.goodreads.com/book/show/4514.The_Ruby_Way,774,"Ruby (Computer program language), Object-oriented programming (Computer science), Computer Technology, Nonfiction, Professional","The Ruby Way assumes that the reader is already familiar with the subject matter. Using many code samples it focuses on ""how-to use Ruby"" for specific applications, either as a stand-alone language, or in conjunction with other languages. Topics covered include: Simple data tasks; Manipulating structured data; External data manipulation; User interfaces; Handling threads; System programming; Network and web programming; Tools and utilities. Note: The appendices offer instruction on migrating from Perl and Python to Ruby, and extending Ruby in C and C++.",goodreads_scraped,"Ruby (Computer program language), Object-oriented programming (Computer science), Computer Technology, Nonfiction, Professional Ruby (Computer program language), Object-oriented programming (Computer science), Computer Technology, Nonfiction, Professional The Ruby Way assumes that the reader is already familiar with the subject matter. Using many code samples it focuses on ""how-to use Ruby"" for specific applications, either as a stand-alone language, or in conjunction with other languages. Topics covered include: Simple data tasks; Manipulating structured data; External data manipulation; User interfaces; Handling threads; System programming; Network and web programming; Tools and utilities. Note: The appendices offer instruction on migrating from Perl and Python to Ruby, and extending Ruby in C and C++.",5
Malware Data Science: Attack Detection and Attribution,Malware Data Science: Attack Detection and Attribution,Joshua Saxe,3.91,53,https://i.gr-assets.com/images/S/compressed.photo.goodreads.com/books/1517010878i/38213382._SX50_.jpg,https://www.goodreads.com/book/show/38213382-malware-data-science,437,General,No description available.,goodreads_scraped,General General No description available.,4
Masterminds of Programming: Conversations with the Creators of Major Programming Languages,Masterminds of Programming: Conversations with the Creators of Major Programming Languages,Federico Biancuzzi,3.9,444,https://i.gr-assets.com/images/S/compressed.photo.goodreads.com/books/1328834764i/1746425._SX50_.jpg,https://www.goodreads.com/book/show/1746425.Masterminds_of_Programming,437,General,No description available.,goodreads_scraped,General General No description available.,4
Six Degrees: The Science of a Connected Age,Six Degrees: The Science of a Connected Age,Duncan J. Watts,3.9,1203,https://i.gr-assets.com/images/S/compressed.photo.goodreads.com/books/1348346215i/818170._SY75_.jpg,https://www.goodreads.com/book/show/818170.Six_Degrees,368,"Mathematical models, Network analysis (Planning), Graph theory, Social networks, Science, philosophy","An architect of network theory summarizes his team's endeavor to create a blueprint of the world's networks, citing the scientific elements of the Internet, economies, terrorist organizations, and other knowledge-based groups.",goodreads_scraped,"Mathematical models, Network analysis (Planning), Graph theory, Social networks, Science, philosophy Mathematical models, Network analysis (Planning), Graph theory, Social networks, Science, philosophy An architect of network theory summarizes his team's endeavor to create a blueprint of the world's networks, citing the scientific elements of the Internet, economies, terrorist organizations, and other knowledge-based groups.",8
Java Persistence With Hibernate,Java Persistence With Hibernate,Christian Bauer,3.89,404,https://i.gr-assets.com/images/S/compressed.photo.goodreads.com/books/1388295024i/231267._SX50_.jpg,https://www.goodreads.com/book/show/231267.Java_Persistence_With_Hibernate,437,General,No description available.,goodreads_scraped,General General No description available.,4
Release It!,Release It!,Michael T. Nygard,3.88,8,https://covers.openlibrary.org/b/id/743624-L.jpg,https://openlibrary.org/works/OL8848832W,352,"Application software, Development, Software architecture, Testing, Application software, development",No description available.,open_library_api,"Application software, Development, Software architecture, Testing, Application software, development Application software, Development, Software architecture, Testing, Application software, development No description available.",0
How To Create Your Own Freaking Awesome Programming Language,How To Create Your Own Freaking Awesome Programming Language,Marc-André Cournoyer,3.88,26,https://i.gr-assets.com/images/S/compressed.photo.goodreads.com/books/1288822141i/9640000._SX50_.jpg,https://www.goodreads.com/book/show/9640000-how-to-create-your-own-freaking-awesome-programming-language,437,General,No description available.,goodreads_scraped,General General No description available.,4
File Structures: An Object-Oriented Approach with C++,File Structures: An Object-Oriented Approach with C++,Michael J. Folk,3.88,105,https://i.gr-assets.com/images/S/compressed.photo.goodreads.com/books/1387712530i/614858._SY75_.jpg,https://www.goodreads.com/book/show/614858.File_Structures,724,"File organization (Computer science), C++ (Computer program language), Fichiers (Informatique), Organisation, Ciencia Da Computacao Ou Informatica",No description available.,goodreads_scraped,"File organization (Computer science), C++ (Computer program language), Fichiers (Informatique), Organisation, Ciencia Da Computacao Ou Informatica File organization (Computer science), C++ (Computer program language), Fichiers (Informatique), Organisation, Ciencia Da Computacao Ou Informatica No description available.",5
Practices of an Agile Developer,Practices of an Agile Developer (Pragmatic Bookshelf),Venkat Subramaniam,3.88,1001,https://i.gr-assets.com/images/S/compressed.photo.goodreads.com/books/1386925153i/4102._SX50_.jpg,https://www.goodreads.com/book/show/4102.Practices_of_an_Agile_Developer,189,"Development, Computer software, Computer software, development",No description available.,goodreads_scraped,"Development, Computer software, Computer software, development Development, Computer software, Computer software, development No description available.",0
The Best Software Writing I: Selected and Introduced by Joel Spolsky,The Best Software Writing I: Selected and Introduced by Joel Spolsky,Joel Spolsky,3.88,681,https://i.gr-assets.com/images/S/compressed.photo.goodreads.com/books/1385220486i/41787._SY75_.jpg,https://www.goodreads.com/book/show/41787.The_Best_Software_Writing_I,328,General,No description available.,goodreads_scraped,General General No description available.,4
Effective C: An Introduction to Professional C Programming,Effective C: An Introduction to Professional C Programming,Robert C. Seacord,3.88,145,https://i.gr-assets.com/images/S/compressed.photo.goodreads.com/books/1591127009i/53778295._SX50_.jpg,https://www.goodreads.com/book/show/53778295-effective-c,437,General,No description available.,goodreads_scraped,General General No description available.,4
The Calculus of Computation: Decision Procedures with Applications to Verification,The Calculus of Computation: Decision Procedures with Applications to Verification,Aaron R. Bradley,3.87,15,https://i.gr-assets.com/images/S/compressed.photo.goodreads.com/books/1392589134i/2052142._SY75_.jpg,https://www.goodreads.com/book/show/2052142.The_Calculus_of_Computation,366,"Computer software, testing, Logic programming",No description available.,goodreads_scraped,"Computer software, testing, Logic programming Computer software, testing, Logic programming No description available.",8
Software Architecture for Developers,Software Architecture for Developers,Simon  Brown,3.87,418,https://i.gr-assets.com/images/S/compressed.photo.goodreads.com/books/1341368491i/15734781._SX50_.jpg,https://www.goodreads.com/book/show/15734781-software-architecture-for-developers,437,General,No description available.,goodreads_scraped,General General No description available.,4
Refactoring,Refactoring,Martin Fowler,3.87,15,https://covers.openlibrary.org/b/id/7087623-L.jpg,https://openlibrary.org/works/OL16551230W,437,"Software refactoring, Object-oriented programming (Computer science)",No description available.,open_library_api,"Software refactoring, Object-oriented programming (Computer science) Software refactoring, Object-oriented programming (Computer science) No description available.",8
Selected Papers on Computer Science,Selected Papers on Computer Science,Donald Ervin Knuth,3.86,78,https://i.gr-assets.com/images/S/compressed.photo.goodreads.com/books/1328839791i/112248._SX50_.jpg,https://www.goodreads.com/book/show/112248.Selected_Papers_on_Computer_Science,437,General,No description available.,goodreads_scraped,General General No description available.,4
"Agile Web Development with Rails, 1st Edition","Agile Web Development with Rails, 1st Edition",Dave         Thomas,3.86,2229,https://i.gr-assets.com/images/S/compressed.photo.goodreads.com/books/1705943357i/45._SX50_.jpg,https://www.goodreads.com/book/show/45.Agile_Web_Development_with_Rails_1st_Edition,437,General,No description available.,goodreads_scraped,General General No description available.,4
Mathematics for Computer Science,Mathematics for Computer Science,Eric Lehman,3.84,97,https://i.gr-assets.com/images/S/compressed.photo.goodreads.com/books/1375771781i/12836498._SX50_.jpg,https://www.goodreads.com/book/show/12836498-mathematics-for-computer-science,988,General,No description available.,goodreads_scraped,General General No description available.,6
Programming Perl,Programming Perl,Larry Wall,3.83,6,https://covers.openlibrary.org/b/id/715250-L.jpg,https://openlibrary.org/works/OL1701004W,645,"Perl (Computer program language), Programming languages, Computadores (software), PERL, Programming languages (Electronic computers)","<h2>Pringing History</h2>
<dl> 
<dt>January 1991</dt>
<dd>First Edition.</dd> 
<dt>August 1991</dt>
<dd>Minor Corrections.</dd> 
<dt>March 1992</dt>
<dd>Minor Corrections.</dd> 
<dt>September 1996</dt>
<dd>Second Edition.</dd> 
<dt>July 2000</dt>
<dd>Third Edition.</dd> 
</dl>",open_library_api,"Perl (Computer program language), Programming languages, Computadores (software), PERL, Programming languages (Electronic computers) Perl (Computer program language), Programming languages, Computadores (software), PERL, Programming languages (Electronic computers) <h2>Pringing History</h2>
<dl> 
<dt>January 1991</dt>
<dd>First Edition.</dd> 
<dt>August 1991</dt>
<dd>Minor Corrections.</dd> 
<dt>March 1992</dt>
<dd>Minor Corrections.</dd> 
<dt>September 1996</dt>
<dd>Second Edition.</dd> 
<dt>July 2000</dt>
<dd>Third Edition.</dd> 
</dl>",5
Scratch Programming Lab 01: Detailed step by step guide for middle school students.,Scratch Programming Lab 01: Detailed step by step guide for middle school students.,Denis Golikov,3.83,6,https://i.gr-assets.com/images/S/compressed.photo.goodreads.com/books/1447280659i/27803325._SX50_.jpg,https://www.goodreads.com/book/show/27803325-scratch-programming-lab-01,437,General,No description available.,goodreads_scraped,General General No description available.,4
Functional Programming for the Object-Oriented Programmer,Functional Programming for the Object-Oriented Programmer,Brian Marick,3.83,76,https://i.gr-assets.com/images/S/compressed.photo.goodreads.com/books/1356950144i/15752713._SX50_.jpg,https://www.goodreads.com/book/show/15752713-functional-programming-for-the-object-oriented-programmer,437,General,No description available.,goodreads_scraped,General General No description available.,4
Code Reviews 101,Code Reviews 101,Giuliana Carullo,3.82,11,https://i.gr-assets.com/images/S/compressed.photo.goodreads.com/books/1526811104i/40180576._SX50_.jpg,https://www.goodreads.com/book/show/40180576-code-reviews-101,437,General,No description available.,goodreads_scraped,General General No description available.,4
Foundations of Programming - Building Better Software,Foundations of Programming - Building Better Software,Karl Seguin,3.82,28,https://i.gr-assets.com/images/S/compressed.photo.goodreads.com/books/1214852542i/3597472._SX50_.jpg,https://www.goodreads.com/book/show/3597472-foundations-of-programming---building-better-software,437,General,No description available.,goodreads_scraped,General General No description available.,4
Fundamentals of database systems,Fundamentals of database systems,Ramez Elmasri,3.81,966,https://i.gr-assets.com/images/S/compressed.photo.goodreads.com/books/1380163671i/3653475._SX50_.jpg,https://www.goodreads.com/book/show/3653475-fundamentals-of-database-systems,1030,"Database management, Database design, Data base management, Data base design, open_syllabus_project","""This book introduces the fundamental concepts necessary for designing, using, and implementing database systems and database applications. Our presentation stresses the fundamentals of database modeling and design, the languages and models provided by the database management systems, and database system implementation techniques""--Page vii.",goodreads_scraped,"Database management, Database design, Data base management, Data base design, open_syllabus_project Database management, Database design, Data base management, Data base design, open_syllabus_project ""This book introduces the fundamental concepts necessary for designing, using, and implementing database systems and database applications. Our presentation stresses the fundamentals of database modeling and design, the languages and models provided by the database management systems, and database system implementation techniques""--Page vii.",6
Getting Value out of Agile Retrospectives - A Toolbox of Retrospective Exercises,Getting Value out of Agile Retrospectives - A Toolbox of Retrospective Exercises,Luis Gonçalves,3.81,167,https://i.gr-assets.com/images/S/compressed.photo.goodreads.com/books/1388818507i/20358837._SX50_.jpg,https://www.goodreads.com/book/show/20358837-getting-value-out-of-agile-retrospectives---a-toolbox-of-retrospective-e,437,General,No description available.,goodreads_scraped,General General No description available.,4
JavaScript Patterns,JavaScript Patterns,Stoyan Stefanov,3.8,5,https://covers.openlibrary.org/b/id/7262394-L.jpg,https://openlibrary.org/works/OL15667637W,240,"Web site development, Software patterns, JavaScript (Computer program language), Javascript, General",No description available.,open_library_api,"Web site development, Software patterns, JavaScript (Computer program language), Javascript, General Web site development, Software patterns, JavaScript (Computer program language), Javascript, General No description available.",1
Object-oriented Programming with C++,Object-oriented Programming with C++,E. Balagurusamy,3.8,5,https://covers.openlibrary.org/b/id/10420384-L.jpg,https://openlibrary.org/works/OL9305390W,624,"C++ (Computer program language), Object-oriented programming (Computer science), Programmation orientée objet (Informatique), C++ (Langage de programmation)",No description available.,open_library_api,"C++ (Computer program language), Object-oriented programming (Computer science), Programmation orientée objet (Informatique), C++ (Langage de programmation) C++ (Computer program language), Object-oriented programming (Computer science), Programmation orientée objet (Informatique), C++ (Langage de programmation) No description available.",5
Kubernetes: Up and Running: Dive into the Future of Infrastructure,Kubernetes: Up and Running: Dive into the Future of Infrastructure,Kelsey Hightower,3.8,5,https://covers.openlibrary.org/b/id/8509547-L.jpg,https://openlibrary.org/works/OL19543296W,202,"Development, Installation, Application software, Software maintenance, Open source software",No description available.,open_library_api,"Development, Installation, Application software, Software maintenance, Open source software Development, Installation, Application software, Software maintenance, Open source software No description available.",0
The Leprechauns of Software Engineering,The Leprechauns of Software Engineering,Laurent Bossavit,3.78,180,https://i.gr-assets.com/images/S/compressed.photo.goodreads.com/books/1366627043i/15874425._SX50_.jpg,https://www.goodreads.com/book/show/15874425-the-leprechauns-of-software-engineering,437,General,No description available.,goodreads_scraped,General General No description available.,4
Patterns of Software: Tales from the Software Community,Patterns of Software: Tales from the Software Community,Richard P. Gabriel,3.78,148,https://i.gr-assets.com/images/S/compressed.photo.goodreads.com/books/1387734601i/685486._SY75_.jpg,https://www.goodreads.com/book/show/685486.Patterns_of_Software,246,"Development, Computer software, Object-oriented programming (Computer science), Computer software, development, Computer programs","In Patterns of Software, the respected software pioneer and computer scientist, Richard P. Gabriel, gives us an informative inside look at the world of software design and computer programming and the businesses that surround them. In this wide-ranging volume, Gabriel discusses such topics as what makes a successful programming language, how the rest of the world looks at and responds to the work of computer scientists, how he first became involved in computer programming and software development, what makes a successful software business, and why his own company, Lucid, failed in 1994, ten years after its inception. Perhaps the most interesting and enlightening section of the book is Gabriel's detailed look at what he believes are the lessons that can be learned from architect Christopher Alexander, whose books - including the seminal A Pattern Language - have had a profound influence on the computer programming community.",goodreads_scraped,"Development, Computer software, Object-oriented programming (Computer science), Computer software, development, Computer programs Development, Computer software, Object-oriented programming (Computer science), Computer software, development, Computer programs In Patterns of Software, the respected software pioneer and computer scientist, Richard P. Gabriel, gives us an informative inside look at the world of software design and computer programming and the businesses that surround them. In this wide-ranging volume, Gabriel discusses such topics as what makes a successful programming language, how the rest of the world looks at and responds to the work of computer scientists, how he first became involved in computer programming and software development, what makes a successful software business, and why his own company, Lucid, failed in 1994, ten years after its inception. Perhaps the most interesting and enlightening section of the book is Gabriel's detailed look at what he believes are the lessons that can be learned from architect Christopher Alexander, whose books - including the seminal A Pattern Language - have had a profound influence on the computer programming community.",0
"A Little Java, A Few Patterns","A Little Java, A Few Patterns",Matthias Felleisen,3.78,72,https://i.gr-assets.com/images/S/compressed.photo.goodreads.com/books/1386921200i/470776._SX50_.jpg,https://www.goodreads.com/book/show/470776.A_Little_Java_A_Few_Patterns,194,"Java (Computer program language), COMPUTERS, Programming Languages, C♯, Java","Matthias Felleisen and Daniel Friedman use a small subset of Java to introduce pattern-directed program design. With their usual clarity and flair, they gently guide readers through the fundamentals of object-oriented programming and pattern-based design. Readers new to programming, as well as those with some background, will enjoy their learning experience as they work their way through Felleisen and Friedman's lessons.",goodreads_scraped,"Java (Computer program language), COMPUTERS, Programming Languages, C♯, Java Java (Computer program language), COMPUTERS, Programming Languages, C♯, Java Matthias Felleisen and Daniel Friedman use a small subset of Java to introduce pattern-directed program design. With their usual clarity and flair, they gently guide readers through the fundamentals of object-oriented programming and pattern-based design. Readers new to programming, as well as those with some background, will enjoy their learning experience as they work their way through Felleisen and Friedman's lessons.",8
Here Comes Everybody: The Power of Organizing Without Organizations,Here Comes Everybody: The Power of Organizing Without Organizations,Clay Shirky,3.78,7141,https://i.gr-assets.com/images/S/compressed.photo.goodreads.com/books/1351070146i/1998185._SX50_.jpg,https://www.goodreads.com/book/show/1998185.Here_Comes_Everybody,331,"Business, Computer networks, Information technology, Internet, Management",A look at the wide-reaching effects of the internet.,goodreads_scraped,"Business, Computer networks, Information technology, Internet, Management Business, Computer networks, Information technology, Internet, Management A look at the wide-reaching effects of the internet.",8
Software engineering,Software engineering,Ian Sommerville,3.75,4,https://covers.openlibrary.org/b/id/3973371-L.jpg,https://openlibrary.org/works/OL2960016W,742,"Software Engineering, Computer programs, Softwareentwicklung, Programmatuurtechniek, 0 Gesamtdarstellung","One of the earliest student textbooks on the (then) emerging field of software engineering. It presents a view of software engineering as practised in the early 1980s, and is oriented around the notion of the software life cycle - requirements, design, implementation, testing and evolution. Rapidly superceded by later editions because the discipline was changing so quickly at that time.",open_library_api,"Software Engineering, Computer programs, Softwareentwicklung, Programmatuurtechniek, 0 Gesamtdarstellung Software Engineering, Computer programs, Softwareentwicklung, Programmatuurtechniek, 0 Gesamtdarstellung One of the earliest student textbooks on the (then) emerging field of software engineering. It presents a view of software engineering as practised in the early 1980s, and is oriented around the notion of the software life cycle - requirements, design, implementation, testing and evolution. Rapidly superceded by later editions because the discipline was changing so quickly at that time.",5
Database System Concepts,Database System Concepts,Abraham Silberschatz,3.75,563,https://i.gr-assets.com/images/S/compressed.photo.goodreads.com/books/1348935598i/161332._SX50_.jpg,https://www.goodreads.com/book/show/161332.Database_System_Concepts,840,"Database management, open_syllabus_project, Datenbanksystem, Banco de dados, Relational databases",No description available.,goodreads_scraped,"Database management, open_syllabus_project, Datenbanksystem, Banco de dados, Relational databases Database management, open_syllabus_project, Datenbanksystem, Banco de dados, Relational databases No description available.",5
Engineering Long-Lasting Software,Engineering Long-Lasting Software,Armando Fox,3.75,220,https://i.gr-assets.com/images/S/compressed.photo.goodreads.com/books/1328734404i/13459482._SX50_.jpg,https://www.goodreads.com/book/show/13459482-engineering-long-lasting-software,437,General,No description available.,goodreads_scraped,General General No description available.,4
"Realm of Racket: Learn to Program, One Game at a Time!","Realm of Racket: Learn to Program, One Game at a Time!",Matthias Felleisen,3.73,96,https://i.gr-assets.com/images/S/compressed.photo.goodreads.com/books/1361784457i/17153511._SX50_.jpg,https://www.goodreads.com/book/show/17153511-realm-of-racket,437,General,No description available.,goodreads_scraped,General General No description available.,4
"The Scrumban [R]Evolution: Getting the Most Out of Agile, Scrum, and Lean Kanban","The Scrumban [R]Evolution: Getting the Most Out of Agile, Scrum, and Lean Kanban",Ajay Reddy,3.72,78,https://i.gr-assets.com/images/S/compressed.photo.goodreads.com/books/1437508857i/25953144._SX50_.jpg,https://www.goodreads.com/book/show/25953144-the-scrumban-r-evolution,437,General,No description available.,goodreads_scraped,General General No description available.,4
The Productive Programmer (Theory in Practice,The Productive Programmer (Theory in Practice,Neal Ford,3.72,805,https://i.gr-assets.com/images/S/compressed.photo.goodreads.com/books/1328834827i/3411606._SX50_.jpg,https://www.goodreads.com/book/show/3411606-the-productive-programmer-theory-in-practice,437,General,No description available.,goodreads_scraped,General General No description available.,4
Pragmatic Unit Testing in C# with Nunit,Pragmatic Unit Testing in C# with Nunit,Andy   Hunt,3.7,155,https://i.gr-assets.com/images/S/compressed.photo.goodreads.com/books/1436620102i/22129._SX50_.jpg,https://www.goodreads.com/book/show/22129.Pragmatic_Unit_Testing_in_C_with_Nunit,202,"Testing, Computer software, Computer programs, C♯ (Computer program language), C# (Computer program language)",No description available.,goodreads_scraped,"Testing, Computer software, Computer programs, C♯ (Computer program language), C# (Computer program language) Testing, Computer software, Computer programs, C♯ (Computer program language), C# (Computer program language) No description available.",1
Pro AngularJS,Pro AngularJS,Adam   Freeman,3.7,225,https://i.gr-assets.com/images/S/compressed.photo.goodreads.com/books/1398775673i/22022478._SX50_.jpg,https://www.goodreads.com/book/show/22022478-pro-angularjs,688,"Development, Web applications, Web site development, JavaScript (Computer program language), Javascript (computer program language)",No description available.,goodreads_scraped,"Development, Web applications, Web site development, JavaScript (Computer program language), Javascript (computer program language) Development, Web applications, Web site development, JavaScript (Computer program language), Javascript (computer program language) No description available.",5
OOP Concepts Booster : Take Your Coding Skills to the Next Level,OOP Concepts Booster : Take Your Coding Skills to the Next Level,Rakesh Singh,3.69,16,https://i.gr-assets.com/images/S/compressed.photo.goodreads.com/books/1576607122i/49366593._SY75_.jpg,https://www.goodreads.com/book/show/49366593-oop-concepts-booster,437,General,No description available.,goodreads_scraped,General General No description available.,4
Programming in ANSI C,Programming in ANSI C,E. Balagurusamy,3.67,3,https://covers.openlibrary.org/b/id/12597885-L.jpg,https://openlibrary.org/works/OL27275831W,549,"C (Computer program language), Computer programming, Object-oriented programming (Computer science)",No description available.,open_library_api,"C (Computer program language), Computer programming, Object-oriented programming (Computer science) C (Computer program language), Computer programming, Object-oriented programming (Computer science) No description available.",5
Kanban,Kanban,David J Anderson,3.67,3,https://covers.openlibrary.org/b/id/7273224-L.jpg,https://openlibrary.org/works/OL16813548W,261,"Development, Agile software development, Management, Computer software, Just-in-time systems","""Kanban is becoming a popular way to visualize and limit work-in-progress in software development and information technology work. Teams around the world are adding Kanban around their existing processes to catalyze cultural change and deliver better business agility. David J. Anderson pioneered the Kanban Method. Hear how this happened and what you can do to succeed using Kanban.""--Publisher's website.",open_library_api,"Development, Agile software development, Management, Computer software, Just-in-time systems Development, Agile software development, Management, Computer software, Just-in-time systems ""Kanban is becoming a popular way to visualize and limit work-in-progress in software development and information technology work. Teams around the world are adding Kanban around their existing processes to catalyze cultural change and deliver better business agility. David J. Anderson pioneered the Kanban Method. Hear how this happened and what you can do to succeed using Kanban.""--Publisher's website.",8
Beautiful Testing: Leading Professionals Reveal How They Improve Software,Beautiful Testing: Leading Professionals Reveal How They Improve Software,Tim  Riley,3.63,115,https://i.gr-assets.com/images/S/compressed.photo.goodreads.com/books/1328834696i/6690179._SX50_.jpg,https://www.goodreads.com/book/show/6690179-beautiful-testing,437,General,No description available.,goodreads_scraped,General General No description available.,4
Python Cookbook,Python Cookbook,Alex Martelli,3.6,5,https://covers.openlibrary.org/b/id/388536-L.jpg,https://openlibrary.org/works/OL14873289W,757,"Python (Computer program language), Python, Javascript, General, Games",No description available.,open_library_api,"Python (Computer program language), Python, Javascript, General, Games Python (Computer program language), Python, Javascript, General, Games No description available.",5
Scrum,Scrum,Jeff Sutherland,3.57,7,https://covers.openlibrary.org/b/id/8107216-L.jpg,https://openlibrary.org/works/OL17817696W,256,"Time management, Business planning, Project management, Strategic planning, Scrum (computer software development)",Introduction to agile methodology written by co-developer Jeff Sutherland.,open_library_api,"Time management, Business planning, Project management, Strategic planning, Scrum (computer software development) Time management, Business planning, Project management, Strategic planning, Scrum (computer software development) Introduction to agile methodology written by co-developer Jeff Sutherland.",8
The passionate programmer,The passionate programmer,Chad Fowler,3.57,7,https://covers.openlibrary.org/b/id/7399133-L.jpg,https://openlibrary.org/works/OL16135310W,198,"Development, Computer software, Vocational guidance, Career development, Management",Remarkable careers don't come by chance. You can't afford to sit back and let your job decide your future - it's time to take control.,open_library_api,"Development, Computer software, Vocational guidance, Career development, Management Development, Computer software, Vocational guidance, Career development, Management Remarkable careers don't come by chance. You can't afford to sit back and let your job decide your future - it's time to take control.",8
"Python Crash Course, 2nd Edition","Python Crash Course, 2nd Edition",Eric Matthes,3.56,9,https://covers.openlibrary.org/b/id/8800209-L.jpg,https://openlibrary.org/works/OL20155144W,544,"Python (computer program language), Criticism and interpretationmurasaki shikibu , 978?-, Murasaki shikibu , 978?-, Pl788.4.z5 m87 2011, Criticism and interpretation紫式部 , b. 978?",No description available.,open_library_api,"Python (computer program language), Criticism and interpretationmurasaki shikibu , 978?-, Murasaki shikibu , 978?-, Pl788.4.z5 m87 2011, Criticism and interpretation紫式部 , b. 978? Python (computer program language), Criticism and interpretationmurasaki shikibu , 978?-, Murasaki shikibu , 978?-, Pl788.4.z5 m87 2011, Criticism and interpretation紫式部 , b. 978? No description available.",5
Software Creativity 2.0,Software Creativity 2.0,Robert L. Glass,3.53,53,https://i.gr-assets.com/images/S/compressed.photo.goodreads.com/books/1347952523i/123717._SX50_.jpg,https://www.goodreads.com/book/show/123717.Software_Creativity_2_0,484,General,No description available.,goodreads_scraped,General General No description available.,4
Design Patterns in C#,Design Patterns in C#,Steven John Metsker,3.51,85,https://i.gr-assets.com/images/S/compressed.photo.goodreads.com/books/1348615106i/85038._SX50_.jpg,https://www.goodreads.com/book/show/85038.Design_Patterns_in_C_,437,General,No description available.,goodreads_scraped,General General No description available.,4
Learning React Native,Learning React Native,Bonnie Eisenman,3.5,2,https://images.unsplash.com/photo-1543002588-bfa74002ed7e?q=80&w=300&auto=format&fit=crop,https://openlibrary.org/works/OL20023962W,263,"Programming, Mobile computing, Mobile apps, JavaScript (Computer program language), Javascript (computer program language)",No description available.,open_library_api,"Programming, Mobile computing, Mobile apps, JavaScript (Computer program language), Javascript (computer program language) Programming, Mobile computing, Mobile apps, JavaScript (Computer program language), Javascript (computer program language) No description available.",1
Dreaming in code,Dreaming in code,Scott Rosenberg,3.5,6,https://covers.openlibrary.org/b/id/747155-L.jpg,https://openlibrary.org/works/OL6029117W,416,"Computer Technology, Nonfiction, Business, Computer programming, Computer software","Their story takes us through a maze of dead ends and exhilarating breakthroughs as they and their colleagues wrestle not only with the abstraction of code but with the unpredictability of human behavior, especially their own. Along the way, we encounter black holes, turtles, snakes, dragons, axe-sharpening, and yak-shaving--and take a guided tour through the theories and methods, both brilliant and misguided, that litter the history of software development, from the famous ""mythical man-month"" to Extreme Programming.  Not just for technophiles but for anyone captivated by the drama of invention, Dreaming in Code offers a window into both the information age and the workings of the human mind.From the Hardcover edition.",open_library_api,"Computer Technology, Nonfiction, Business, Computer programming, Computer software Computer Technology, Nonfiction, Business, Computer programming, Computer software Their story takes us through a maze of dead ends and exhilarating breakthroughs as they and their colleagues wrestle not only with the abstraction of code but with the unpredictability of human behavior, especially their own. Along the way, we encounter black holes, turtles, snakes, dragons, axe-sharpening, and yak-shaving--and take a guided tour through the theories and methods, both brilliant and misguided, that litter the history of software development, from the famous ""mythical man-month"" to Extreme Programming.  Not just for technophiles but for anyone captivated by the drama of invention, Dreaming in Code offers a window into both the information age and the workings of the human mind.From the Hardcover edition.",8
Paradox 4.0 Developer's Guide/Book and Disk,Paradox 4.0 Developer's Guide/Book and Disk,Dana Greaves,3.5,4,https://images.unsplash.com/photo-1543002588-bfa74002ed7e?q=80&w=300&auto=format&fit=crop,https://www.goodreads.com/book/show/4793393-paradox-4-0-developer-s-guide-book-and-disk,437,General,No description available.,goodreads_scraped,General General No description available.,4
jQuery in action,jQuery in action,Bear Bibeault,3.5,2,https://covers.openlibrary.org/b/id/3063780-L.jpg,https://openlibrary.org/works/OL16923641W,440,"Web site development, JavaScript (Computer program language)",No description available.,open_library_api,"Web site development, JavaScript (Computer program language) Web site development, JavaScript (Computer program language) No description available.",1
Agile software development,Agile software development,Alistair Cockburn,3.5,2,https://covers.openlibrary.org/b/id/135792-L.jpg,https://openlibrary.org/works/OL2706112W,373,"Development, Computer software, Software Engineering, ENGENHARIA DE PROGRAMAÇÃO, Softwareentwicklung",Alastair Cockburn offers advice on bringing difficult software development projects to a successful conclusion with a minimum of stress. The volume is based on over 10 years of interviewing software project teams.,open_library_api,"Development, Computer software, Software Engineering, ENGENHARIA DE PROGRAMAÇÃO, Softwareentwicklung Development, Computer software, Software Engineering, ENGENHARIA DE PROGRAMAÇÃO, Softwareentwicklung Alastair Cockburn offers advice on bringing difficult software development projects to a successful conclusion with a minimum of stress. The volume is based on over 10 years of interviewing software project teams.",0
Computer Concepts,Computer Concepts,June Jamrich Parsons,3.5,2,https://covers.openlibrary.org/b/id/9289977-L.jpg,https://openlibrary.org/works/OL2373712W,336,"Amateurs' manuals, Computer input-output equipment, Computer science, Computer software, Computers",No description available.,open_library_api,"Amateurs' manuals, Computer input-output equipment, Computer science, Computer software, Computers Amateurs' manuals, Computer input-output equipment, Computer science, Computer software, Computers No description available.",8
Complexity Theory and the Management of Networks: Proceedings of the Workshop on Organisational Networks as Distributed Systems of Knowledge,Complexity Theory and the Management of Networks: Proceedings of the Workshop on Organisational Networks as Distributed Systems of Knowledge,Pierpaolo Andriani,3.5,2,https://i.gr-assets.com/images/S/compressed.photo.goodreads.com/books/1410766463i/16805870._SX50_.jpg,https://www.goodreads.com/book/show/16805870-complexity-theory-and-the-management-of-networks,437,General,No description available.,goodreads_scraped,General General No description available.,4
"Nonlinear Dynamics of Chaotic and Stochastic Systems: Tutorial and Modern Developments. Springer Complexity, Springer Series in Synergetics.","Nonlinear Dynamics of Chaotic and Stochastic Systems: Tutorial and Modern Developments. Springer Complexity, Springer Series in Synergetics.",Vadim S. Anishchenko,3.5,2,https://i.gr-assets.com/images/S/compressed.photo.goodreads.com/books/1409591829i/16813513._SY75_.jpg,https://www.goodreads.com/book/show/16813513-nonlinear-dynamics-of-chaotic-and-stochastic-systems,437,General,No description available.,goodreads_scraped,General General No description available.,4
Python for Everybody,Python for Everybody,Charles R. Severance,3.5,2,https://covers.openlibrary.org/b/id/8512502-L.jpg,https://openlibrary.org/works/OL19546442W,255,"Programming, Nonfiction, Computer Science, Coding, Technology","***Python for Everybody*** is designed to introduce students to programming and software development through the lens of exploring data. You can think of the Python programming language as your tool to solve data problems that are beyond the capability of a spreadsheet.

Python is an easy to use and easy to learn programming language that is freely available on Macintosh, Windows, or Linux computers. So once you learn Python you can use it for the rest of your career without needing to purchase any software.

This book uses the **Python 3** language. The earlier Python 2 version of this book is titled ""***Python for Informatics: Exploring Information***"".

There are free downloadable electronic copies of this book in various formats and supporting materials for the book at <a href=""https://www.py4e.com/"" target=""_blank"">www.py4e.com</a>. The course materials are available to you under a Creative Commons License so you can adapt them to teach your own Python course.",open_library_api,"Programming, Nonfiction, Computer Science, Coding, Technology Programming, Nonfiction, Computer Science, Coding, Technology ***Python for Everybody*** is designed to introduce students to programming and software development through the lens of exploring data. You can think of the Python programming language as your tool to solve data problems that are beyond the capability of a spreadsheet.

Python is an easy to use and easy to learn programming language that is freely available on Macintosh, Windows, or Linux computers. So once you learn Python you can use it for the rest of your career without needing to purchase any software.

This book uses the **Python 3** language. The earlier Python 2 version of this book is titled ""***Python for Informatics: Exploring Information***"".

There are free downloadable electronic copies of this book in various formats and supporting materials for the book at <a href=""https://www.py4e.com/"" target=""_blank"">www.py4e.com</a>. The course materials are available to you under a Creative Commons License so you can adapt them to teach your own Python course.",8
The Art of Immutable Architecture: Theory and Practice of Data Management in Distributed Systems,The Art of Immutable Architecture: Theory and Practice of Data Management in Distributed Systems,Michael L. Perry,3.44,50,https://i.gr-assets.com/images/S/compressed.photo.goodreads.com/books/1595212002i/52653567._SX50_.jpg,https://www.goodreads.com/book/show/52653567-the-art-of-immutable-architecture,444,"Computer programming, Computer software, development",No description available.,goodreads_scraped,"Computer programming, Computer software, development Computer programming, Computer software, development No description available.",0
Apprenticeship Patterns,Apprenticeship Patterns,Dave H. Hoover,3.43,7,https://covers.openlibrary.org/b/id/8618769-L.jpg,https://openlibrary.org/works/OL16245067W,139,"Vocational guidance, Computer software developers, Computer software, development",No description available.,open_library_api,"Vocational guidance, Computer software developers, Computer software, development Vocational guidance, Computer software developers, Computer software, development No description available.",0
Programming Python,Programming Python,Mark Lutz,3.38,8,https://covers.openlibrary.org/b/id/805644-L.jpg,https://openlibrary.org/works/OL2784126W,1584,"Python (Computer program language), Qa76.73.p98 l88 2001, Qa 76.73 p98 l875 2001, Python, Object oriented","Accompanying CD-ROM has examples from the book, Python 2.0 interpreter and standard documentation manuals, Python-related software packages, and the full Python 2.0 source code for PC, Macintosh, and Unix platforms.",open_library_api,"Python (Computer program language), Qa76.73.p98 l88 2001, Qa 76.73 p98 l875 2001, Python, Object oriented Python (Computer program language), Qa76.73.p98 l88 2001, Qa 76.73 p98 l875 2001, Python, Object oriented Accompanying CD-ROM has examples from the book, Python 2.0 interpreter and standard documentation manuals, Python-related software packages, and the full Python 2.0 source code for PC, Macintosh, and Unix platforms.",6
Mercurial,Mercurial,Bryan O'Sullivan,3.33,3,https://covers.openlibrary.org/b/id/7258074-L.jpg,https://openlibrary.org/works/OL15441983W,259,"Development, Software configuration management, Computer software, Computer software, development",No description available.,open_library_api,"Development, Software configuration management, Computer software, Computer software, development Development, Software configuration management, Computer software, Computer software, development No description available.",0
Black Hat Python,Black Hat Python,Justin Seitz,3.33,9,https://covers.openlibrary.org/b/id/8513526-L.jpg,https://openlibrary.org/works/OL19547345W,192,"Python (Computer program language), Computer security, Python (język programowania), Sieci komputerowe, Dostęp",No description available.,open_library_api,"Python (Computer program language), Computer security, Python (język programowania), Sieci komputerowe, Dostęp Python (Computer program language), Computer security, Python (język programowania), Sieci komputerowe, Dostęp No description available.",1
Total Recall: How the E-Memory Revolution Will Change Everything,Total Recall: How the E-Memory Revolution Will Change Everything,C. Gordon Bell,3.33,333,https://i.gr-assets.com/images/S/compressed.photo.goodreads.com/books/1347519958i/6712783._SY75_.jpg,https://www.goodreads.com/book/show/6712783-total-recall,304,"Forecasting, Neural networks, Science, Information society, Information resources management","A legend in computer science unveils the digital revolution that will transform human memory.In 1998, pioneering computer scientist Gordon Bell and his colleague Jim Gemmell at Microsoft began an experiment called MyLifeBits— an attempt to record Bell's entire life digitally. Foreseeing the coming explosion of digital memory capacity and ubiquitous sensing devices, Bell set out to create a database of everything he did, saw, read, ate, felt—his whole life experience. He fused together a digital version of his past (scanned photos, letters, memorabilia, and so on) with a cuttingedge recording of his present, using sensor-enhanced cameras, GPS, and the latest in software technology. Fascination with this amazing undertaking has been ongoing, with features running everywhere from CBS to Scientific American, The New Yorker to Fast Company. But until now the full implications of what is really possible have not been revealed. Bell's experiment is only a foretaste of an incredible new era in which memory will go far beyond the human senses and everything can be remembered. You will have total recall.Total Recall outlines the transformation coming that will affect virtually every aspect of our lives. It describes the near-future with heart monitors woven into clothing, wearable cameras that take photographs constantly and monitors that know what you have eaten. It details the steps anyone can take now to ""lifelog"" and create a private, personal database. Welcome to life in the new era of total recall.Just as Nicholas Negroponte's 1995 bestseller Being Digital allowed a peek into the twenty-first century (predicting everything from YouTube to e-books), Total Recall offers a glimpse into a sci-fi future that begins . . . five minutes ago.",goodreads_scraped,"Forecasting, Neural networks, Science, Information society, Information resources management Forecasting, Neural networks, Science, Information society, Information resources management A legend in computer science unveils the digital revolution that will transform human memory.In 1998, pioneering computer scientist Gordon Bell and his colleague Jim Gemmell at Microsoft began an experiment called MyLifeBits— an attempt to record Bell's entire life digitally. Foreseeing the coming explosion of digital memory capacity and ubiquitous sensing devices, Bell set out to create a database of everything he did, saw, read, ate, felt—his whole life experience. He fused together a digital version of his past (scanned photos, letters, memorabilia, and so on) with a cuttingedge recording of his present, using sensor-enhanced cameras, GPS, and the latest in software technology. Fascination with this amazing undertaking has been ongoing, with features running everywhere from CBS to Scientific American, The New Yorker to Fast Company. But until now the full implications of what is really possible have not been revealed. Bell's experiment is only a foretaste of an incredible new era in which memory will go far beyond the human senses and everything can be remembered. You will have total recall.Total Recall outlines the transformation coming that will affect virtually every aspect of our lives. It describes the near-future with heart monitors woven into clothing, wearable cameras that take photographs constantly and monitors that know what you have eaten. It details the steps anyone can take now to ""lifelog"" and create a private, personal database. Welcome to life in the new era of total recall.Just as Nicholas Negroponte's 1995 bestseller Being Digital allowed a peek into the twenty-first century (predicting everything from YouTube to e-books), Total Recall offers a glimpse into a sci-fi future that begins . . . five minutes ago.",8
Cracking The Coding Interview,Cracking The Coding Interview,Gayle Laakmann McDowell,3.33,3,https://covers.openlibrary.org/b/id/7276811-L.jpg,https://openlibrary.org/works/OL16816263W,504,"Problems, exercises, Computer programming, Vocational guidance, Employment interviewing, Computer programmers","I am not a recruiter. I am a software engineer. And as such, I know what it's like to be asked to whip up brilliant algorithms on the spot and then write flawless code on a whiteboard. I've been through this as a candidate and as an interviewer.

Cracking the Coding Interview, 6th Edition is here to help you through this process, teaching you what you need to know and enabling you to perform at your very best. I've coached and interviewed hundreds of software engineers. The result is this book.

Learn how to uncover the hints and hidden details in a question, discover how to break down a problem into manageable chunks, develop techniques to unstick yourself when stuck, learn (or re-learn) core computer science concepts, and practice on 189 interview questions and solutions.

These interview questions are real; they are not pulled out of computer science textbooks. They reflect what's truly being asked at the top companies, so that you can be as prepared as possible.

WHAT'S INSIDE?

- 189 programming interview questions, ranging from the basics to the trickiest algorithm problems.
- A walk-through of how to derive each solution, so that you can learn how to get there yourself.
- Hints on how to solve each of the 189 questions, just like what you would get in a real interview.
- Five proven strategies to tackle algorithm questions, so that you can solve questions you haven't seen.
- Extensive     coverage of essential topics, such as big O time, data structures, and core algorithms.
- A behind the scenes look at how top companies like Google and Facebook hire developers.
- Techniques to prepare for and ace the soft side of the interview: behavioral questions.
- For interviewers and companies: details on what makes a good interview question and hiring process.",open_library_api,"Problems, exercises, Computer programming, Vocational guidance, Employment interviewing, Computer programmers Problems, exercises, Computer programming, Vocational guidance, Employment interviewing, Computer programmers I am not a recruiter. I am a software engineer. And as such, I know what it's like to be asked to whip up brilliant algorithms on the spot and then write flawless code on a whiteboard. I've been through this as a candidate and as an interviewer.

Cracking the Coding Interview, 6th Edition is here to help you through this process, teaching you what you need to know and enabling you to perform at your very best. I've coached and interviewed hundreds of software engineers. The result is this book.

Learn how to uncover the hints and hidden details in a question, discover how to break down a problem into manageable chunks, develop techniques to unstick yourself when stuck, learn (or re-learn) core computer science concepts, and practice on 189 interview questions and solutions.

These interview questions are real; they are not pulled out of computer science textbooks. They reflect what's truly being asked at the top companies, so that you can be as prepared as possible.

WHAT'S INSIDE?

- 189 programming interview questions, ranging from the basics to the trickiest algorithm problems.
- A walk-through of how to derive each solution, so that you can learn how to get there yourself.
- Hints on how to solve each of the 189 questions, just like what you would get in a real interview.
- Five proven strategies to tackle algorithm questions, so that you can solve questions you haven't seen.
- Extensive     coverage of essential topics, such as big O time, data structures, and core algorithms.
- A behind the scenes look at how top companies like Google and Facebook hire developers.
- Techniques to prepare for and ace the soft side of the interview: behavioral questions.
- For interviewers and companies: details on what makes a good interview question and hiring process.",5
Learn Python Programming the Easy and Fun Way,Learn Python Programming the Easy and Fun Way,Elaiya Iswera Lallan,3.33,3,https://i.gr-assets.com/images/S/compressed.photo.goodreads.com/books/1508382992i/36437912._SX50_.jpg,https://www.goodreads.com/book/show/36437912-learn-python-programming-the-easy-and-fun-way,437,General,No description available.,goodreads_scraped,General General No description available.,4
The effective engineer,The effective engineer,Edmond Lau,3.33,6,https://covers.openlibrary.org/b/id/9173899-L.jpg,https://openlibrary.org/works/OL20006564W,245,"Computer programmers, Development, Vocational guidance, Software engineering, Computer software","Introducing The Effective Engineer--the only book designed specifically for today's software engineers, based on extensive interviews with engineering leaders at top tech companies, and packed with hundreds of techniques to accelerate your career.",open_library_api,"Computer programmers, Development, Vocational guidance, Software engineering, Computer software Computer programmers, Development, Vocational guidance, Software engineering, Computer software Introducing The Effective Engineer--the only book designed specifically for today's software engineers, based on extensive interviews with engineering leaders at top tech companies, and packed with hundreds of techniques to accelerate your career.",8
Com+ Programming: A Practical Guide Using Visual C++ and Atl,Com+ Programming: A Practical Guide Using Visual C++ and Atl (Hewlett-Packard Professional Books),Pradeep Tapadiya,3.33,3,https://i.gr-assets.com/images/S/compressed.photo.goodreads.com/books/1348579797i/2068596._SX50_.jpg,https://www.goodreads.com/book/show/2068596.Com_Programming,560,"Development, C++ (Computer program language), ATL (Computer file), COM+, Computer software",No description available.,goodreads_scraped,"Development, C++ (Computer program language), ATL (Computer file), COM+, Computer software Development, C++ (Computer program language), ATL (Computer file), COM+, Computer software No description available.",5
Software engineering concepts,Software engineering concepts,R. E. Fairley,3.33,3,https://covers.openlibrary.org/b/id/4189428-L.jpg,https://openlibrary.org/works/OL5361632W,364,"Computer software, Software engineering, Programmation, Installation système, Planification",No description available.,open_library_api,"Computer software, Software engineering, Programmation, Installation système, Planification Computer software, Software engineering, Programmation, Installation système, Planification No description available.",8
The Bug,The Bug,Ellen Ullman,3.33,3,https://covers.openlibrary.org/b/id/242493-L.jpg,https://openlibrary.org/works/OL2693718W,362,"Fiction, Computer programmers, Computer industry, Computer software developers","In 1984, Roberta Watson, a quality assurance tester with a computer start-up company, and Ethan Levin, a computer programmer, try to find the bug which is infecting their company's new software before it ruins the company and their lives.",open_library_api,"Fiction, Computer programmers, Computer industry, Computer software developers Fiction, Computer programmers, Computer industry, Computer software developers In 1984, Roberta Watson, a quality assurance tester with a computer start-up company, and Ethan Levin, a computer programmer, try to find the bug which is infecting their company's new software before it ruins the company and their lives.",8
Mobile First,Mobile First,Luke Wroblewski,3.33,3,https://covers.openlibrary.org/b/id/6958462-L.jpg,https://openlibrary.org/works/OL16226039W,130,"Mobile computing, Programming, Application software, Development, Web sites","*""Our industry’s long wait for the complete, strategic guide to mobile web design is finally over. Former Yahoo! design architect and co-creator of Bagcheck Luke Wroblewski knows more about mobile experience than the rest of us, and packs all he knows into this entertaining, to-the-point guidebook. Its data-driven strategies and battle tested techniques will make you a master of mobile—and improve your non-mobile design, too!""* - [A Book Apart][1]


  [1]: http://www.abookapart.com/products/mobile-first",open_library_api,"Mobile computing, Programming, Application software, Development, Web sites Mobile computing, Programming, Application software, Development, Web sites *""Our industry’s long wait for the complete, strategic guide to mobile web design is finally over. Former Yahoo! design architect and co-creator of Bagcheck Luke Wroblewski knows more about mobile experience than the rest of us, and packs all he knows into this entertaining, to-the-point guidebook. Its data-driven strategies and battle tested techniques will make you a master of mobile—and improve your non-mobile design, too!""* - [A Book Apart][1]


  [1]: http://www.abookapart.com/products/mobile-first",8
Accelerate,Accelerate,Nicole Forsgren,3.29,14,https://covers.openlibrary.org/b/id/8509069-L.jpg,https://openlibrary.org/works/OL19542983W,288,"Software engineering, Teams, Leadership, Agile software development, Computer software industry","This book goes into depth on research that shows how DevOps techniques can make technology organizations more effective. Fundamentally, they can help create generative team cultures which in turn leads to higher performance, better retention and better outcomes. The book shares multiple years of research from the State of DevOps reports.",open_library_api,"Software engineering, Teams, Leadership, Agile software development, Computer software industry Software engineering, Teams, Leadership, Agile software development, Computer software industry This book goes into depth on research that shows how DevOps techniques can make technology organizations more effective. Fundamentally, they can help create generative team cultures which in turn leads to higher performance, better retention and better outcomes. The book shares multiple years of research from the State of DevOps reports.",8
The DevOps handbook,The DevOps handbook,Gene Kim,3.25,8,https://covers.openlibrary.org/b/id/10860557-L.jpg,https://openlibrary.org/works/OL19730495W,460,"Development, Industrial management, Corporate culture, Management, Agile software development","""Increase profitability, elevate work culture, and exceed productivity goals through DevOps practices. More than ever, the effective management of technology is critical for business competitiveness. For decades, technology leaders have struggled to balance agility, reliability, and security. The consequences of failure have never been greater--whether it's the healthcare.gov debacle, cardholder data breaches, or missing the boat with Big Data in the cloud. And yet, high performers using DevOps principles, such as Google, Amazon, Facebook, Etsy, and Netflix, are routinely and reliably deploying code into production hundreds, or even thousands, of times per day. Following in the footsteps of The Phoenix Project, The DevOps Handbook shows leaders how to replicate these incredible outcomes, by showing how to integrate Product Management, Development, QA, IT Operations, and Information Security to elevate your company and win in the marketplace""--",open_library_api,"Development, Industrial management, Corporate culture, Management, Agile software development Development, Industrial management, Corporate culture, Management, Agile software development ""Increase profitability, elevate work culture, and exceed productivity goals through DevOps practices. More than ever, the effective management of technology is critical for business competitiveness. For decades, technology leaders have struggled to balance agility, reliability, and security. The consequences of failure have never been greater--whether it's the healthcare.gov debacle, cardholder data breaches, or missing the boat with Big Data in the cloud. And yet, high performers using DevOps principles, such as Google, Amazon, Facebook, Etsy, and Netflix, are routinely and reliably deploying code into production hundreds, or even thousands, of times per day. Following in the footsteps of The Phoenix Project, The DevOps Handbook shows leaders how to replicate these incredible outcomes, by showing how to integrate Product Management, Development, QA, IT Operations, and Information Security to elevate your company and win in the marketplace""--",8
The Career Programmer: Guerilla Tactics for an Imperfect World,The Career Programmer: Guerilla Tactics for an Imperfect World,Christopher   Duncan,3.21,70,https://i.gr-assets.com/images/S/compressed.photo.goodreads.com/books/1385161110i/5843._SY75_.jpg,https://www.goodreads.com/book/show/5843.The_Career_Programmer,238,"Development, Management, Vocational guidance, Electronic data processing, Computer programmers","This book describes how was the life of programmer in a ridiculous world of business.
-jeromedauz",goodreads_scraped,"Development, Management, Vocational guidance, Electronic data processing, Computer programmers Development, Management, Vocational guidance, Electronic data processing, Computer programmers This book describes how was the life of programmer in a ridiculous world of business.
-jeromedauz",8
Beautiful Code,Beautiful Code,Andy Oram,3.17,6,https://covers.openlibrary.org/b/id/8622062-L.jpg,https://openlibrary.org/works/OL19396663W,593,"Software engineering, Computer programming","How do the experts solve difficult problems in software development? In this unique and insightful book, leading computer scientists offer case studies that reveal how they found unusual, carefully designed solutions to high-profile projects. You will be able to look over the shoulder of major coding and design experts to see problems through their eyes.

This is not simply another design patterns book, or another software engineering treatise on the right and wrong way to do things. The authors think aloud as they work through their project's architecture, the tradeoffs made in its construction, and when it was important to break rules. Beautiful Code is an opportunity for master coders to tell their story. All author royalties will be donated to Amnesty International.",open_library_api,"Software engineering, Computer programming Software engineering, Computer programming How do the experts solve difficult problems in software development? In this unique and insightful book, leading computer scientists offer case studies that reveal how they found unusual, carefully designed solutions to high-profile projects. You will be able to look over the shoulder of major coding and design experts to see problems through their eyes.

This is not simply another design patterns book, or another software engineering treatise on the right and wrong way to do things. The authors think aloud as they work through their project's architecture, the tradeoffs made in its construction, and when it was important to break rules. Beautiful Code is an opportunity for master coders to tell their story. All author royalties will be donated to Amnesty International.",5
No Bugs!: Delivering Error-Free Code in C and C++,No Bugs!: Delivering Error-Free Code in C and C++,David Thielen,3.11,9,https://i.gr-assets.com/images/S/compressed.photo.goodreads.com/books/1266743329i/2338849._SX50_.jpg,https://www.goodreads.com/book/show/2338849.No_Bugs_,206,"C (Computer program language), C++ (Computer program language)","xvi, 206 p. : 24 cm",goodreads_scraped,"C (Computer program language), C++ (Computer program language) C (Computer program language), C++ (Computer program language) xvi, 206 p. : 24 cm",1
Software architecture,Software architecture,Mary Shaw,3.0,1,https://covers.openlibrary.org/b/id/88307-L.jpg,https://openlibrary.org/works/OL2982368W,242,"Software architecture, Software engineering, Computer architecture, Computer software","Software developers have often adopted specific architectural patterns for system organization - but, for the most part, informally. In this book, authors Mary Shaw and David Garlan discuss the formalization of what, until now, has been ""a substantial folklore of system design, with little consistency or precision."".

With their unique perspective on the current state of software architecture and its impact on design, the authors provide useful information for several types of readers: Professional software developers will find new ideas in the discussion and evaluation of familiar patterns. Students will find useful techniques for approaching system organization from an architectural point of view, rather than following current fads or outmoded methodology.

Educators will find the book helpful as a text for a software architecture course or as a supplemental text for courses in software engineering or software design. This book also includes hints for choosing a suitable architecture, the use of well-understood paradigms for designing new systems, how formal notation and models can characterize system design, and the study of actual system architectures as models for new designs.",open_library_api,"Software architecture, Software engineering, Computer architecture, Computer software Software architecture, Software engineering, Computer architecture, Computer software Software developers have often adopted specific architectural patterns for system organization - but, for the most part, informally. In this book, authors Mary Shaw and David Garlan discuss the formalization of what, until now, has been ""a substantial folklore of system design, with little consistency or precision."".

With their unique perspective on the current state of software architecture and its impact on design, the authors provide useful information for several types of readers: Professional software developers will find new ideas in the discussion and evaluation of familiar patterns. Students will find useful techniques for approaching system organization from an architectural point of view, rather than following current fads or outmoded methodology.

Educators will find the book helpful as a text for a software architecture course or as a supplemental text for courses in software engineering or software design. This book also includes hints for choosing a suitable architecture, the use of well-understood paradigms for designing new systems, how formal notation and models can characterize system design, and the study of actual system architectures as models for new designs.",8
Beautiful architecture,Beautiful architecture,Diomidis Spinellis,3.0,1,https://covers.openlibrary.org/b/id/9856867-L.jpg,https://openlibrary.org/works/OL15630242W,404,"Development, Software architecture, Computer architecture, Software engineering, Computer software",No description available.,open_library_api,"Development, Software architecture, Computer architecture, Software engineering, Computer software Development, Software architecture, Computer architecture, Software engineering, Computer software No description available.",0
REST in Practice,REST in Practice,Jim Webber,3.0,1,https://covers.openlibrary.org/b/id/6671533-L.jpg,https://openlibrary.org/works/OL15528265W,448,"Web Series, Web Development, REST, HTTP, Web site development",No description available.,open_library_api,"Web Series, Web Development, REST, HTTP, Web site development Web Series, Web Development, REST, HTTP, Web site development No description available.",8
Python in a Nutshell,Python in a Nutshell,Alex Martelli,3.0,1,https://covers.openlibrary.org/b/id/389166-L.jpg,https://openlibrary.org/works/OL6045694W,673,"Python (Computer program language), Python (programmeertaal), Scripting languages (Computer science), Python (Langage de programmation), COMPUTERS","xiv, 753 pages ; 23 cm",open_library_api,"Python (Computer program language), Python (programmeertaal), Scripting languages (Computer science), Python (Langage de programmation), COMPUTERS Python (Computer program language), Python (programmeertaal), Scripting languages (Computer science), Python (Langage de programmation), COMPUTERS xiv, 753 pages ; 23 cm",5
Transactions on Engineering Technologies,Transactions on Engineering Technologies,Sio-Iong Ao,3.0,1,https://covers.openlibrary.org/b/id/9334768-L.jpg,https://openlibrary.org/works/OL20667190W,474,"Computer engineering, Software engineering, Engineering, Technology, Computer science",No description available.,open_library_api,"Computer engineering, Software engineering, Engineering, Technology, Computer science Computer engineering, Software engineering, Engineering, Technology, Computer science No description available.",8
"Lambda-calculus, Combinators and Functional Programming","Lambda-calculus, Combinators and Functional Programming (Cambridge Tracts in Theoretical Computer Science, Series Number 4) (Volume 0)",György E. Révész,3.0,6,https://i.gr-assets.com/images/S/compressed.photo.goodreads.com/books/1348156988i/6978477._SX50_.jpg,https://www.goodreads.com/book/show/6978477-lambda-calculus-combinators-and-functional-programming-cambridge-tract,181,"Combinatory logic, Functional programming languages, Lambda calculus, Computer programming",No description available.,goodreads_scraped,"Combinatory logic, Functional programming languages, Lambda calculus, Computer programming Combinatory logic, Functional programming languages, Lambda calculus, Computer programming No description available.",8
Dive into Python,Dive into Python,Mark Pilgrim,3.0,4,https://covers.openlibrary.org/b/id/3371419-L.jpg,https://openlibrary.org/works/OL5857527W,500,"Python (Computer program language), Python (computer program language)",No description available.,open_library_api,"Python (Computer program language), Python (computer program language) Python (Computer program language), Python (computer program language) No description available.",1
Teach yourself C++,Teach yourself C++,Herbert Schildt,3.0,1,https://covers.openlibrary.org/b/id/4044146-L.jpg,https://openlibrary.org/works/OL720121W,640,"C (Computer program language), C [plus plus] (Computer program language), C plus plus (Computer program language), C++ (Computer program language), C[plus plus] (Computer program language)","Teach Yourself C begins with the fundamentals, covers all the essentials, and concludes with a look at some of C's most advanced features. Along the way are plenty of practical examples, self-evaluation skill checks, and exercises. Answers to all exercises at the back of the book, so you can easily check your progress.

Best of all, you'll learn with Schildt's proven ""mastery"" method: the highly effective yet versatile approach that has helped millions become skilled programmers. This approach lets you work at your own pace, in your own way. Even if you have found C confusing in the past, Schildt's clear, paced presentation will make even advanced topics easy to understand.",open_library_api,"C (Computer program language), C [plus plus] (Computer program language), C plus plus (Computer program language), C++ (Computer program language), C[plus plus] (Computer program language) C (Computer program language), C [plus plus] (Computer program language), C plus plus (Computer program language), C++ (Computer program language), C[plus plus] (Computer program language) Teach Yourself C begins with the fundamentals, covers all the essentials, and concludes with a look at some of C's most advanced features. Along the way are plenty of practical examples, self-evaluation skill checks, and exercises. Answers to all exercises at the back of the book, so you can easily check your progress.

Best of all, you'll learn with Schildt's proven ""mastery"" method: the highly effective yet versatile approach that has helped millions become skilled programmers. This approach lets you work at your own pace, in your own way. Even if you have found C confusing in the past, Schildt's clear, paced presentation will make even advanced topics easy to understand.",5
High Performance Web Sites,High Performance Web Sites,Steve Souders,3.0,1,https://covers.openlibrary.org/b/id/1312627-L.jpg,https://openlibrary.org/works/OL8167704W,157,"Web programming, Internet software, Web site development, Web sites, Design",No description available.,open_library_api,"Web programming, Internet software, Web site development, Web sites, Design Web programming, Internet software, Web site development, Web sites, Design No description available.",8
Computer Science Distilled,Computer Science Distilled,Wladston Ferreira Filho,3.0,3,https://covers.openlibrary.org/b/id/10194609-L.jpg,https://openlibrary.org/works/OL20873589W,180,"Computer science, Computer algorithms, Programming languages (electronic computers), Data structures (computer science), Computer software",No description available.,open_library_api,"Computer science, Computer algorithms, Programming languages (electronic computers), Data structures (computer science), Computer software Computer science, Computer algorithms, Programming languages (electronic computers), Data structures (computer science), Computer software No description available.",8
Technology for Success,Technology for Success,Jennifer Campbell,3.0,2,https://covers.openlibrary.org/b/id/13200848-L.jpg,https://openlibrary.org/works/OL21337740W,500,"Computer science, Microsoft office (computer program), Business, computer programs",No description available.,open_library_api,"Computer science, Microsoft office (computer program), Business, computer programs Computer science, Microsoft office (computer program), Business, computer programs No description available.",5
Data visualization with Python and JavaScript,Data visualization with Python and JavaScript,Kyran Dale,3.0,1,https://covers.openlibrary.org/b/id/14357489-L.jpg,https://openlibrary.org/works/OL20030955W,553,"Information visualization, Python (Computer program language), JavaScript (Computer program language), Python (computer program language), Javascript (computer program language)",No description available.,open_library_api,"Information visualization, Python (Computer program language), JavaScript (Computer program language), Python (computer program language), Javascript (computer program language) Information visualization, Python (Computer program language), JavaScript (Computer program language), Python (computer program language), Javascript (computer program language) No description available.",1
Lazarus - the complete guide,Lazarus - the complete guide,Michaël van Canneyt,3.0,3,https://covers.openlibrary.org/b/id/7258332-L.jpg,https://openlibrary.org/works/OL16804740W,736,"Software development, Pascal (programming language), Object Pascal, Free Pascal, Cross-platform development",No description available.,open_library_api,"Software development, Pascal (programming language), Object Pascal, Free Pascal, Cross-platform development Software development, Pascal (programming language), Object Pascal, Free Pascal, Cross-platform development No description available.",5
Beginning JavaScript,Beginning JavaScript,Paul Wilton,3.0,1,https://covers.openlibrary.org/b/id/916262-L.jpg,https://openlibrary.org/works/OL6220957W,792,"Computer Technology, World Wide Web, JavaScript (Computer program language), Web servers, Nonfiction","JavaScript is a scripting language that enables you to enhance static web applications by providing dynamic, personalized, and interactive content. This improves the experience of visitors to your site and makes it more likely that they will visit again. You must have seen the flashy drop-down menus, moving text, and changing content that are now widespread on web sites--they are enabled through JavaScript. Supported by all the major browsers, JavaScript is the language of choice on the Web. It can even be used outside web applications--to automate administrative tasks, for example.  This book aims to teach you all you need to know to start experimenting with JavaScript: what it is, how it works, and what you can do with it. Starting from the basic syntax, you'll move on to learn how to create powerful web applications. Don't worry if you've never programmed before--this book will teach you all you need to know, step by step. You'll find that JavaScript can be a great introduction to the world of programming: with the knowledge and understanding that you'll gain from this book, you'll be able to move on to learn newer and more advanced technologies in the world of computing.  In order to get the most out of this book, you'll need to have an understanding of HTML and how to create a static web page. You don't need to have any programming experience.  This book will also suit you if you have some programming experience already, and would like to turn your hand to web programming. You will know a fair amount about computing concepts, but maybe not as much about web technologies.  Alternatively, you may have a design background and know relatively little about the Web and computing concepts. For you, JavaScript will be a cheap and relatively easy introduction to the world of programming and web application development.  Whoever you are, we hope that this book lives up to your expectations.  You'll begin by looking at exactly what JavaScript is, and taking your first steps with the underlying language and syntax. You'll learn all the fundamental programming concepts, including data and data types, and structuring your code to make decisions in your programs or to loop over the same piece of code many times.  Once you're comfortable with the basics, you'll move on to one of the key ideas in JavaScript--the object. You'll learn how to take advantage of the objects that are native to the JavaScript language, such as dates and strings, and find out how these objects enable you to manage complex data and simplify your programs. Next, you'll see how you can use JavaScript to manipulate objects made available to you in the browser, such as forms, windows, and other controls. Using this knowledge, you can start to create truly professional-looking applications that enable you to interact with the user.  Long pieces of code are very hard to get right every time--even for the experienced programmer--and JavaScript code is no exception. You look at common syntax and logical errors, how you can spot them, and how to use the Microsoft Script Debugger to aid you with this task. Also, you need to examine how to handle the errors that slip through the net, and ensure that these do not detract from the experience of the end user of your application.  From here, you'll move on to more advanced topics, such as using cookies and jazzing up your web pages with dynamic HTML and XML. Finally, you'll be looking at a relatively new and exciting technology, remote scripting. This allows your JavaScript in a HTML page to communicate directly with a server, and useful for, say, looking up information on...",open_library_api,"Computer Technology, World Wide Web, JavaScript (Computer program language), Web servers, Nonfiction Computer Technology, World Wide Web, JavaScript (Computer program language), Web servers, Nonfiction JavaScript is a scripting language that enables you to enhance static web applications by providing dynamic, personalized, and interactive content. This improves the experience of visitors to your site and makes it more likely that they will visit again. You must have seen the flashy drop-down menus, moving text, and changing content that are now widespread on web sites--they are enabled through JavaScript. Supported by all the major browsers, JavaScript is the language of choice on the Web. It can even be used outside web applications--to automate administrative tasks, for example.  This book aims to teach you all you need to know to start experimenting with JavaScript: what it is, how it works, and what you can do with it. Starting from the basic syntax, you'll move on to learn how to create powerful web applications. Don't worry if you've never programmed before--this book will teach you all you need to know, step by step. You'll find that JavaScript can be a great introduction to the world of programming: with the knowledge and understanding that you'll gain from this book, you'll be able to move on to learn newer and more advanced technologies in the world of computing.  In order to get the most out of this book, you'll need to have an understanding of HTML and how to create a static web page. You don't need to have any programming experience.  This book will also suit you if you have some programming experience already, and would like to turn your hand to web programming. You will know a fair amount about computing concepts, but maybe not as much about web technologies.  Alternatively, you may have a design background and know relatively little about the Web and computing concepts. For you, JavaScript will be a cheap and relatively easy introduction to the world of programming and web application development.  Whoever you are, we hope that this book lives up to your expectations.  You'll begin by looking at exactly what JavaScript is, and taking your first steps with the underlying language and syntax. You'll learn all the fundamental programming concepts, including data and data types, and structuring your code to make decisions in your programs or to loop over the same piece of code many times.  Once you're comfortable with the basics, you'll move on to one of the key ideas in JavaScript--the object. You'll learn how to take advantage of the objects that are native to the JavaScript language, such as dates and strings, and find out how these objects enable you to manage complex data and simplify your programs. Next, you'll see how you can use JavaScript to manipulate objects made available to you in the browser, such as forms, windows, and other controls. Using this knowledge, you can start to create truly professional-looking applications that enable you to interact with the user.  Long pieces of code are very hard to get right every time--even for the experienced programmer--and JavaScript code is no exception. You look at common syntax and logical errors, how you can spot them, and how to use the Microsoft Script Debugger to aid you with this task. Also, you need to examine how to handle the errors that slip through the net, and ensure that these do not detract from the experience of the end user of your application.  From here, you'll move on to more advanced topics, such as using cookies and jazzing up your web pages with dynamic HTML and XML. Finally, you'll be looking at a relatively new and exciting technology, remote scripting. This allows your JavaScript in a HTML page to communicate directly with a server, and useful for, say, looking up information on...",5
Deep Learning with Python,Deep Learning with Python,Francois Chollet,3.0,1,https://covers.openlibrary.org/b/id/8507718-L.jpg,https://openlibrary.org/works/OL19541947W,384,"Machine learning, Python (computer program language), Python (Computer program language), Neural networks (Computer science), Computers and IT",No description available.,open_library_api,"Machine learning, Python (computer program language), Python (Computer program language), Neural networks (Computer science), Computers and IT Machine learning, Python (computer program language), Python (Computer program language), Neural networks (Computer science), Computers and IT No description available.",1
97 things every software architect should know,97 things every software architect should know,Richard Monson-Haefel,3.0,1,https://covers.openlibrary.org/b/id/9464352-L.jpg,https://openlibrary.org/works/OL16927836W,200,"Software architecture, Software engineering, Project management","In this unique technical book, today's leading software architects present valuable principles on key development issues that go way beyond technology. More than four dozen architects -- including Neal Ford, Michael Nygard, and Bill de h ra -- offer advice for communicating with stakeholders, eliminating complexity, empowering developers, and many more practical lessons they've learned from years of experience. You'll learn what top software architects think is important, and how they approach their projects.",open_library_api,"Software architecture, Software engineering, Project management Software architecture, Software engineering, Project management In this unique technical book, today's leading software architects present valuable principles on key development issues that go way beyond technology. More than four dozen architects -- including Neal Ford, Michael Nygard, and Bill de h ra -- offer advice for communicating with stakeholders, eliminating complexity, empowering developers, and many more practical lessons they've learned from years of experience. You'll learn what top software architects think is important, and how they approach their projects.",8
Java how to program,Java how to program,Paul J. Deitel,3.0,1,https://covers.openlibrary.org/b/id/15111441-L.jpg,https://openlibrary.org/works/OL7943177W,1498,"Java (Computer program language), Object-oriented programming (Computer science), open_syllabus_project, Java (Langage de programmation), Java 2.",No description available.,open_library_api,"Java (Computer program language), Object-oriented programming (Computer science), open_syllabus_project, Java (Langage de programmation), Java 2. Java (Computer program language), Object-oriented programming (Computer science), open_syllabus_project, Java (Langage de programmation), Java 2. No description available.",7
Data wrangling with Python,Data wrangling with Python,Jacqueline Kazil,3.0,1,https://covers.openlibrary.org/b/id/13086574-L.jpg,https://openlibrary.org/works/OL20028472W,488,"Python (Computer program language), Data mining, Python (computer program language), Data Mining, Datenanalyse",No description available.,open_library_api,"Python (Computer program language), Data mining, Python (computer program language), Data Mining, Datenanalyse Python (Computer program language), Data mining, Python (computer program language), Data Mining, Datenanalyse No description available.",1
Foundations of Semantic Web technologies,Foundations of Semantic Web technologies,Pascal Hitzler,3.0,1,https://covers.openlibrary.org/b/id/12686304-L.jpg,https://openlibrary.org/works/OL18692957W,456,"Semantic Web, Web site development, Web sites, design, Computers &amp; the internet, Database management",No description available.,open_library_api,"Semantic Web, Web site development, Web sites, design, Computers &amp; the internet, Database management Semantic Web, Web site development, Web sites, design, Computers &amp; the internet, Database management No description available.",8
Introduction to C Programming,Introduction to C Programming,Reema Thareja,3.0,1,https://covers.openlibrary.org/b/id/13841415-L.jpg,https://openlibrary.org/works/OL21090538W,421,"C (computer program language), C (Computer program language)",No description available.,open_library_api,"C (computer program language), C (Computer program language) C (computer program language), C (Computer program language) No description available.",1
Objects first with Java,Objects first with Java,David J. Barnes,3.0,2,https://covers.openlibrary.org/b/id/89228-L.jpg,https://openlibrary.org/works/OL11967463W,508,"Java (Computer program language), Study and teaching, Computer science, Object-oriented programming (Computer science), Java & variants",This introductory programming textbook integrates BlueJ with Java. It provides a thorough treatment of object-oriented principles.,open_library_api,"Java (Computer program language), Study and teaching, Computer science, Object-oriented programming (Computer science), Java & variants Java (Computer program language), Study and teaching, Computer science, Object-oriented programming (Computer science), Java & variants This introductory programming textbook integrates BlueJ with Java. It provides a thorough treatment of object-oriented principles.",5
Head First Python,Head First Python,Paul Barry,3.0,2,https://covers.openlibrary.org/b/id/6681113-L.jpg,https://openlibrary.org/works/OL15664278W,624,"Programming languages (electronic computers), Python (Computer program language), Python (Langage de programmation), COMPUTERS, Programming Languages","Ben shu nei rong bao kuo chu shi Python, Gong xiang ni de dai ma, Wen jian yu yi chang, Chi jiu cun chu, Tui dao shu ju, Ding zhi shu ju dui xiang deng 11 zhang.",open_library_api,"Programming languages (electronic computers), Python (Computer program language), Python (Langage de programmation), COMPUTERS, Programming Languages Programming languages (electronic computers), Python (Computer program language), Python (Langage de programmation), COMPUTERS, Programming Languages Ben shu nei rong bao kuo chu shi Python, Gong xiang ni de dai ma, Wen jian yu yi chang, Chi jiu cun chu, Tui dao shu ju, Ding zhi shu ju dui xiang deng 11 zhang.",5
Agile Project Management with Scrum (Microsoft Professional),Agile Project Management with Scrum (Microsoft Professional),Ken Schwaber,3.0,1,https://covers.openlibrary.org/b/id/461518-L.jpg,https://openlibrary.org/works/OL7947520W,350,"Computer Technology, Nonfiction, Development, Scrum (Computer software development), Project management","Apply the principles of Scrum to software project management with guidance from one of the leaders in the agile process movement. Case studies and project examples demonstrate Scrum concepts in practice and emphasize driving projects for maximum ROI. The rules and practices for Scrum—a simple process for managing complex projects—are few, straightforward, and easy to learn. But Scrum's simplicity itself—its lack of prescription—can be disarming, and new practitioners often find themselves reverting to old project management habits and tools and yielding lesser results. In this illuminating series of case studies, Scrum co-creator and evangelist Ken Schwaber identifies the real-world lessons—the successes and failures—culled from his years of experience coaching companies in agile project management. Through them, you'll understand how to use Scrum to solve complex problems and drive better results—delivering more valuable software faster.Gain the foundation in Scrum theory—and practice—you need to:Rein in even the most complex, unwieldy projects Effectively manage unknown or changing product requirements Simplify the chain of command with self-managing development teams Receive clearer specifications—and feedback—from customers Greatly reduce project planning time and required tools Build—and release—products in 30-day cycles so clients get deliverables earlierAvoid missteps by regularly inspecting, reporting on, and fine-tuning projects Support multiple teams working on a large-scale project from many geographic locations Maximize return on investment!",open_library_api,"Computer Technology, Nonfiction, Development, Scrum (Computer software development), Project management Computer Technology, Nonfiction, Development, Scrum (Computer software development), Project management Apply the principles of Scrum to software project management with guidance from one of the leaders in the agile process movement. Case studies and project examples demonstrate Scrum concepts in practice and emphasize driving projects for maximum ROI. The rules and practices for Scrum—a simple process for managing complex projects—are few, straightforward, and easy to learn. But Scrum's simplicity itself—its lack of prescription—can be disarming, and new practitioners often find themselves reverting to old project management habits and tools and yielding lesser results. In this illuminating series of case studies, Scrum co-creator and evangelist Ken Schwaber identifies the real-world lessons—the successes and failures—culled from his years of experience coaching companies in agile project management. Through them, you'll understand how to use Scrum to solve complex problems and drive better results—delivering more valuable software faster.Gain the foundation in Scrum theory—and practice—you need to:Rein in even the most complex, unwieldy projects Effectively manage unknown or changing product requirements Simplify the chain of command with self-managing development teams Receive clearer specifications—and feedback—from customers Greatly reduce project planning time and required tools Build—and release—products in 30-day cycles so clients get deliverables earlierAvoid missteps by regularly inspecting, reporting on, and fine-tuning projects Support multiple teams working on a large-scale project from many geographic locations Maximize return on investment!",8
SQL for Dummies,SQL for Dummies,Allen G. Taylor,2.8,5,https://covers.openlibrary.org/b/id/299637-L.jpg,https://openlibrary.org/works/OL2035966W,432,"SQL (Computer program language), Database management, Relational databases, Computer programming, Computer Technology","Learn SQL the fun and easy way -- no programming experience needed!  SQL For Dummies, 7th Edition, shows programmers and web developers how to use SQL to build relational databases and get valuable information from them. This book covers the core features of the SQL language. Topics covered include how to use SQL to structure a DBMS and implement a database design; secure a database; and retrieve information from a database. This edition will be revised to reflect the new enhancements of SQL/XML:2008.   The latest update of the perennial bestselling SQL For Dummies, which has sold more than 210,000 units in six editions.  SQL is the most popular database language in the world  Covers creating, accessing, manipulating, maintaining, and storing information in relational database management systems (DBMS) such as Access, Oracle, SQL Server, and MySQL.  Includes new content on using SQL with XML to power data-driven web sites and using SQL with Access 2010  Whether you're daunted by database development or a system admin star, SQL For Dummies, 7th Dummies will have you working your web site in no time at all.The EPUB format of this title may not be compatible for use on all handheld devices.",open_library_api,"SQL (Computer program language), Database management, Relational databases, Computer programming, Computer Technology SQL (Computer program language), Database management, Relational databases, Computer programming, Computer Technology Learn SQL the fun and easy way -- no programming experience needed!  SQL For Dummies, 7th Edition, shows programmers and web developers how to use SQL to build relational databases and get valuable information from them. This book covers the core features of the SQL language. Topics covered include how to use SQL to structure a DBMS and implement a database design; secure a database; and retrieve information from a database. This edition will be revised to reflect the new enhancements of SQL/XML:2008.   The latest update of the perennial bestselling SQL For Dummies, which has sold more than 210,000 units in six editions.  SQL is the most popular database language in the world  Covers creating, accessing, manipulating, maintaining, and storing information in relational database management systems (DBMS) such as Access, Oracle, SQL Server, and MySQL.  Includes new content on using SQL with XML to power data-driven web sites and using SQL with Access 2010  Whether you're daunted by database development or a system admin star, SQL For Dummies, 7th Dummies will have you working your web site in no time at all.The EPUB format of this title may not be compatible for use on all handheld devices.",8
"Python Programming: An Introduction to Computer Science, 3rd Ed.","Python Programming: An Introduction to Computer Science, 3rd Ed.",John Zelle,2.5,2,https://covers.openlibrary.org/b/id/8509622-L.jpg,https://openlibrary.org/works/OL19543337W,552,"Python, Python (Computer program language)",No description available.,open_library_api,"Python, Python (Computer program language) Python, Python (Computer program language) No description available.",1
"Machines, Languages, and Complexity: 5th International Meeting of Young Computer Scientists, Smolenice, Czechoslovakia, November 14-18, 1988. Selected ...","Machines, Languages, and Complexity: 5th International Meeting of Young Computer Scientists, Smolenice, Czechoslovakia, November 14-18, 1988. Selected ... (Lecture Notes in Computer Science, 381)",Jürgen Dassow,2.5,2,https://i.gr-assets.com/images/S/compressed.photo.goodreads.com/books/1348306728i/7925391._SY75_.jpg,https://www.goodreads.com/book/show/7925391-machines-languages-and-complexity,244,General,No description available.,goodreads_scraped,General General No description available.,4
Programming with Java,Programming with Java,E. Balagurusamy,2.4,5,https://covers.openlibrary.org/b/id/10487733-L.jpg,https://openlibrary.org/works/OL22705232W,471,Computers internet programming java general,No description available.,open_library_api,Computers internet programming java general Computers internet programming java general No description available.,8
Being Geek,Being Geek,Michael Lopp,2.33,3,https://covers.openlibrary.org/b/id/6973617-L.jpg,https://openlibrary.org/works/OL16304945W,336,"Development, Computer industry, Computer software, Computer science, Vocational guidance",No description available.,open_library_api,"Development, Computer industry, Computer software, Computer science, Vocational guidance Development, Computer industry, Computer software, Computer science, Vocational guidance No description available.",0
UX for Beginners,UX for Beginners,Joel Marsh,2.0,1,https://covers.openlibrary.org/b/id/9147966-L.jpg,https://openlibrary.org/works/OL20488489W,256,"New products, Application software, development, Web sites, design, User interfaces (Computer systems)",No description available.,open_library_api,"New products, Application software, development, Web sites, design, User interfaces (Computer systems) New products, Application software, development, Web sites, design, User interfaces (Computer systems) No description available.",9
Who Would Win? Alligator vs. Python,Who Would Win? Alligator vs. Python,Jerry Pallotta,2.0,1,https://covers.openlibrary.org/b/id/8167621-L.jpg,https://openlibrary.org/works/OL17863444W,437,"Alligators, Juvenile literature, Pythons",No description available.,open_library_api,"Alligators, Juvenile literature, Pythons Alligators, Juvenile literature, Pythons No description available.",9
Invent your Own Computer Games with Python,Invent your Own Computer Games with Python,Al Sweigart,2.0,1,https://covers.openlibrary.org/b/id/8512290-L.jpg,https://openlibrary.org/works/OL17192139W,372,"Computer games, Python (Computer program language), Programming, Computer games, programming, Spelprogrammering","Invent Your Own Computer Games with Python teaches you how to program in the Python. Each chapter gives you the complete source code for a new game, and then teaches the programming concepts from the example. The programs covered include Hangman, Tic Tac Toe, Reversi, Caesar Cipher, Guess the Number, and Dragon Realm. Later chapters cover how to make 2D graphical games using the popular Pygame library. You'll learn how to: * Put together loops, variables, input/output, and flow control statements into working programs * Use data structures such as lists, dictionaries, and tuples * Debug programs and find errors * Program simple game-playing AI opponents * Draw graphics and animation into your games The book is available under a Creative Commons license and can be downloaded in full for free from http://inventwithpython.com ""Invent with Python"" was written to be understandable by kids as young as 10 to 12 years old, although it is great for anyone of any age who has never programmed before. [(Source)][1]


  [1]: http://www.amazon.com/Invent-Computer-Games-Python-Edition/dp/1503212300",open_library_api,"Computer games, Python (Computer program language), Programming, Computer games, programming, Spelprogrammering Computer games, Python (Computer program language), Programming, Computer games, programming, Spelprogrammering Invent Your Own Computer Games with Python teaches you how to program in the Python. Each chapter gives you the complete source code for a new game, and then teaches the programming concepts from the example. The programs covered include Hangman, Tic Tac Toe, Reversi, Caesar Cipher, Guess the Number, and Dragon Realm. Later chapters cover how to make 2D graphical games using the popular Pygame library. You'll learn how to: * Put together loops, variables, input/output, and flow control statements into working programs * Use data structures such as lists, dictionaries, and tuples * Debug programs and find errors * Program simple game-playing AI opponents * Draw graphics and animation into your games The book is available under a Creative Commons license and can be downloaded in full for free from http://inventwithpython.com ""Invent with Python"" was written to be understandable by kids as young as 10 to 12 years old, although it is great for anyone of any age who has never programmed before. [(Source)][1]


  [1]: http://www.amazon.com/Invent-Computer-Games-Python-Edition/dp/1503212300",9
Practical Reverse Engineering,Practical Reverse Engineering,Bruce Dang,2.0,1,https://covers.openlibrary.org/b/id/10637382-L.jpg,https://openlibrary.org/works/OL19978523W,355,"Reverse engineering, Malware (Computer software), Computer security, Hackers, Engineering",Aims to demystify the art and systemize the reverse-engineering process for students and professionals.,open_library_api,"Reverse engineering, Malware (Computer software), Computer security, Hackers, Engineering Reverse engineering, Malware (Computer software), Computer security, Hackers, Engineering Aims to demystify the art and systemize the reverse-engineering process for students and professionals.",9
Node.js in Action,Node.js in Action,Alex R. Young,2.0,1,https://covers.openlibrary.org/b/id/8508246-L.jpg,https://openlibrary.org/works/OL19542323W,392,"Internet programming, Node.js, Web site development, JavaScript (Computer program language), Javascript (computer program language)",No description available.,open_library_api,"Internet programming, Node.js, Web site development, JavaScript (Computer program language), Javascript (computer program language) Internet programming, Node.js, Web site development, JavaScript (Computer program language), Javascript (computer program language) No description available.",2
Software Estimation,Software Estimation,Steve McConnell,2.0,1,https://covers.openlibrary.org/b/id/460978-L.jpg,https://openlibrary.org/works/OL2722066W,330,"Computer software, Development, Estimates, Software engineering, Computer software--development--estimates",No description available.,open_library_api,"Computer software, Development, Estimates, Software engineering, Computer software--development--estimates Computer software, Development, Estimates, Software engineering, Computer software--development--estimates No description available.",0
Software architecture in practice,Software architecture in practice,Len Bass,2.0,3,https://covers.openlibrary.org/b/id/5544459-L.jpg,https://openlibrary.org/works/OL2658332W,560,"System design, Computer architecture, Computer software, Software architecture, Software engineering",No description available.,open_library_api,"System design, Computer architecture, Computer software, Software architecture, Software engineering System design, Computer architecture, Computer software, Software architecture, Software engineering No description available.",0
Data Structures and Algorithms Made Easy,Data Structures and Algorithms Made Easy,Narasimha Karumanchi,2.0,4,https://covers.openlibrary.org/b/id/11067110-L.jpg,https://openlibrary.org/works/OL24463217W,455,"Data structures (computer science), Computer algorithms, Employment interviewing",No description available.,open_library_api,"Data structures (computer science), Computer algorithms, Employment interviewing Data structures (computer science), Computer algorithms, Employment interviewing No description available.",9
Introduction To Computation And Programming Using Python,Introduction To Computation And Programming Using Python,John Guttag,1.5,2,https://covers.openlibrary.org/b/id/7851275-L.jpg,https://openlibrary.org/works/OL17575152W,385,"Electronic books, Python (Computer program language), Object-oriented programming (Computer science), Computer programming, Textbooks",No description available.,open_library_api,"Electronic books, Python (Computer program language), Object-oriented programming (Computer science), Computer programming, Textbooks Electronic books, Python (Computer program language), Object-oriented programming (Computer science), Computer programming, Textbooks No description available.",9
Beginning programming with Java for dummies,Beginning programming with Java for dummies,Barry A. Burd,1.0,1,https://covers.openlibrary.org/b/id/520702-L.jpg,https://openlibrary.org/works/OL3372614W,480,"Java (Computer program language), Computer Technology, Nonfiction, Java (programmeertaal), Java (Computer language)","Covering everything from basic Java development concepts to the latest tools and techniques used in Java, this book will put would-be programmers on their way to Java mastery  Explores what goes into creating a program, how to put the pieces together, dealing with standard programming challenges, debugging, and making it work  Updated for the release of the Java SDK 2.0, with all examples revised to reflect the changes in the technology",open_library_api,"Java (Computer program language), Computer Technology, Nonfiction, Java (programmeertaal), Java (Computer language) Java (Computer program language), Computer Technology, Nonfiction, Java (programmeertaal), Java (Computer language) Covering everything from basic Java development concepts to the latest tools and techniques used in Java, this book will put would-be programmers on their way to Java mastery  Explores what goes into creating a program, how to put the pieces together, dealing with standard programming challenges, debugging, and making it work  Updated for the release of the Java SDK 2.0, with all examples revised to reflect the changes in the technology",9
Professional Java server programming,Professional Java server programming,Subrahmanyam Allamaraju,1.0,1,https://covers.openlibrary.org/b/id/916315-L.jpg,https://openlibrary.org/works/OL17310019W,1300,"Java (Computer program language), Java 1.3., Java (langage de programmation), Server, Java 2 Enterprise Edition",No description available.,open_library_api,"Java (Computer program language), Java 1.3., Java (langage de programmation), Server, Java 2 Enterprise Edition Java (Computer program language), Java 1.3., Java (langage de programmation), Server, Java 2 Enterprise Edition No description available.",7
Learn Android Studio,Learn Android Studio,Adam Gerber,1.0,1,https://covers.openlibrary.org/b/id/9372570-L.jpg,https://openlibrary.org/works/OL20696892W,485,"Development, Application software, Android (Electronic resource), Application software, development, Android (electronic resource)",No description available.,open_library_api,"Development, Application software, Android (Electronic resource), Application software, development, Android (electronic resource) Development, Application software, Android (Electronic resource), Application software, development, Android (electronic resource) No description available.",9
Physics for Computer Science Students,Physics for Computer Science Students,Narciso Garcia,1.0,1,https://covers.openlibrary.org/b/id/1192983-L.jpg,https://openlibrary.org/works/OL2085228W,557,"Physics, Computer science, Semiconductors, Computers",No description available.,open_library_api,"Physics, Computer science, Semiconductors, Computers Physics, Computer science, Semiconductors, Computers No description available.",9
Practices for scaling lean & agile development,Practices for scaling lean & agile development,Craig Larman,1.0,1,https://covers.openlibrary.org/b/id/7975261-L.jpg,https://openlibrary.org/works/OL15026094W,624,"Agile software development, Scrum (Computer software development)",No description available.,open_library_api,"Agile software development, Scrum (Computer software development) Agile software development, Scrum (Computer software development) No description available.",3
Head first JavaScript,Head first JavaScript,Michael Morrison,0.0,0,https://covers.openlibrary.org/b/id/8658000-L.jpg,https://openlibrary.org/works/OL16931728W,608,"Internet programming, Web sites, JavaScript (Computer language), Design, JavaScript (Computer program language)",Provides information on scripting Web applications with JavaScript.,open_library_api,"Internet programming, Web sites, JavaScript (Computer language), Design, JavaScript (Computer program language) Internet programming, Web sites, JavaScript (Computer language), Design, JavaScript (Computer program language) Provides information on scripting Web applications with JavaScript.",2
Software Defined Radio,Software Defined Radio,Wally H. W. Tuttlebee,0.0,0,https://covers.openlibrary.org/b/id/299988-L.jpg,https://openlibrary.org/works/OL8208383W,384,"Software radio, Radio, transmitters and transmission, Cell phones, Computer science, Software engineering",No description available.,open_library_api,"Software radio, Radio, transmitters and transmission, Cell phones, Computer science, Software engineering Software radio, Radio, transmitters and transmission, Cell phones, Computer science, Software engineering No description available.",9
Software Systems Architecture,Software Systems Architecture,Nick Rozanski,0.0,0,https://covers.openlibrary.org/b/id/192351-L.jpg,https://openlibrary.org/works/OL19902806W,576,"Computer software, Development, Computer architecture, Computer software, development, Software engineering",Annotation,open_library_api,"Computer software, Development, Computer architecture, Computer software, development, Software engineering Computer software, Development, Computer architecture, Computer software, development, Software engineering Annotation",9
"Java: The Complete Reference, Eleventh Edition","Java: The Complete Reference, Eleventh Edition",Herbert Schildt,0.0,0,https://covers.openlibrary.org/b/id/8507957-L.jpg,https://openlibrary.org/works/OL19542166W,1248,"Java (computer program language), Internet programming",No description available.,open_library_api,"Java (computer program language), Internet programming Java (computer program language), Internet programming No description available.",7
Algorithms unlocked,Algorithms unlocked,Thomas H. Cormen,0.0,0,https://covers.openlibrary.org/b/id/8126209-L.jpg,https://openlibrary.org/works/OL17832792W,231,"Computer algorithms, COMPUTERS / Programming / Open Source, COMPUTERS / Software Development & Engineering / Tools, COMPUTERS / Software Development & Engineering / General","""This book offers an engagingly written guide to the basics of computer algorithms. In Algorithms Unlocked, Thomas Cormen- coauthor of the leading college textbook on the subject- provides a general explanation, with limited mathematics, of how algorithms enable computers to solve problems. Readers will learn what computer algorithms are, how to describe them, and how to evaluate them. They will discover simples ways to search for information in a computer; methods for rearranging information in a computer into a prescribed order (""sorting""); how to solve basic problems that can be modeled in a computer with a mathematical structure called a ""graph"" (useful for modeling road networks, dependencies among tasks, and financial relationships); how to solve problems that ask questions about strings of characters such as DNA structures; the basic principles behind cryptography; the fundamentals of data compression; and even that there are some problems that no one has figured out how to solve on a computer in a reasonable amount of time."" -- Back cover.",open_library_api,"Computer algorithms, COMPUTERS / Programming / Open Source, COMPUTERS / Software Development & Engineering / Tools, COMPUTERS / Software Development & Engineering / General Computer algorithms, COMPUTERS / Programming / Open Source, COMPUTERS / Software Development & Engineering / Tools, COMPUTERS / Software Development & Engineering / General ""This book offers an engagingly written guide to the basics of computer algorithms. In Algorithms Unlocked, Thomas Cormen- coauthor of the leading college textbook on the subject- provides a general explanation, with limited mathematics, of how algorithms enable computers to solve problems. Readers will learn what computer algorithms are, how to describe them, and how to evaluate them. They will discover simples ways to search for information in a computer; methods for rearranging information in a computer into a prescribed order (""sorting""); how to solve basic problems that can be modeled in a computer with a mathematical structure called a ""graph"" (useful for modeling road networks, dependencies among tasks, and financial relationships); how to solve problems that ask questions about strings of characters such as DNA structures; the basic principles behind cryptography; the fundamentals of data compression; and even that there are some problems that no one has figured out how to solve on a computer in a reasonable amount of time."" -- Back cover.",9
Java ist auch eine Insel,Java ist auch eine Insel,Christian Ullenboom,0.0,0,https://covers.openlibrary.org/b/id/14141204-L.jpg,https://openlibrary.org/works/OL16804541W,1308,"java, programming","A great introduction to programming Java.
The book is also available online (look at the ""openbook"" link)",open_library_api,"java, programming java, programming A great introduction to programming Java.
The book is also available online (look at the ""openbook"" link)",7
Java Swing,Java Swing,Marc Loy,0.0,0,https://covers.openlibrary.org/b/id/388718-L.jpg,https://openlibrary.org/works/OL16087280W,1265,"Java (Computer program language), Swing (Computer file), Java, Games, Com051280","""Swing is a fully featured user interface development kit for Java applications. Building on the foundations of the Abstract Window Toolkit (AWT), Swing enables cross-platform applications to use any of several pluggable look-and-feels. Swing developers can take advantage of its rich, flexible features and modular components, building elegant user interfaces with very little code. This second edition of 'Java Swing' thoroughly covers all the features available in Java 2 SDK 1.3 and 1.4. More than simply a reference, this new edition takes a practical approach. It is a book by developers for developers, with hundreds of useful examples, from beginning level to advanced.""--Back cover.",open_library_api,"Java (Computer program language), Swing (Computer file), Java, Games, Com051280 Java (Computer program language), Swing (Computer file), Java, Games, Com051280 ""Swing is a fully featured user interface development kit for Java applications. Building on the foundations of the Abstract Window Toolkit (AWT), Swing enables cross-platform applications to use any of several pluggable look-and-feels. Swing developers can take advantage of its rich, flexible features and modular components, building elegant user interfaces with very little code. This second edition of 'Java Swing' thoroughly covers all the features available in Java 2 SDK 1.3 and 1.4. More than simply a reference, this new edition takes a practical approach. It is a book by developers for developers, with hundreds of useful examples, from beginning level to advanced.""--Back cover.",7
Java Programming 9th Edition,Java Programming 9th Edition,Joyce Farrell,0.0,0,https://covers.openlibrary.org/b/id/8485288-L.jpg,https://openlibrary.org/works/OL19365484W,870,Java (computer program language),No description available.,open_library_api,Java (computer program language) Java (computer program language) No description available.,3
Computer science,Computer science,Behrouz A. Forouzan,0.0,0,https://covers.openlibrary.org/b/id/2378050-L.jpg,https://openlibrary.org/works/OL35529W,914,"Structured programming, C++ (Computer program language), C (Computer program language), C & Visual C, Computers - Languages / Programming","A Structured Programming Approach Using C continues to present both computer science theory and C-language syntax with a principle-before-implementation approach. Forouzan and Gilberg employ a clear organizational structure, supplemented by easy-to-follow figures, charts, and tables.",open_library_api,"Structured programming, C++ (Computer program language), C (Computer program language), C & Visual C, Computers - Languages / Programming Structured programming, C++ (Computer program language), C (Computer program language), C & Visual C, Computers - Languages / Programming A Structured Programming Approach Using C continues to present both computer science theory and C-language syntax with a principle-before-implementation approach. Forouzan and Gilberg employ a clear organizational structure, supplemented by easy-to-follow figures, charts, and tables.",3
Programming.Java,Programming.Java,Rick Decker,0.0,0,https://covers.openlibrary.org/b/id/1275268-L.jpg,https://openlibrary.org/works/OL2699202W,596,"Java (Computer program language), Java (programmeertaal), Java (Programmiersprache), Java (computer program language)",No description available.,open_library_api,"Java (Computer program language), Java (programmeertaal), Java (Programmiersprache), Java (computer program language) Java (Computer program language), Java (programmeertaal), Java (Programmiersprache), Java (computer program language) No description available.",3
Exploring Java,Exploring Java,Patrick Niemeyer,0.0,0,https://covers.openlibrary.org/b/id/805639-L.jpg,https://openlibrary.org/works/OL1741824W,413,"Java (Computer program language), Java (Langage de programmation), COMPUTERS, Programming Languages, Java","Exploring Java is a comprehensive introduction to a new tool for building the next generation of network-capable applications. The ability to create animated World Wide Web pages with Java has sparked its popularity. But Java is also important because it's truly portable. The code runs on all systems that provide a Java interpreter, whether Windows 95, Windows NT, Macintosh, or UNIX. Java's most dramatic claim concerns safety; its design makes it difficult to write viruses and other hostile software.

Therefore it's an ideal language for writing software that travels across the Internet.

With a practical, hands-on approach, Exploring Java shows how to write Java applets and create dynamic Web pages. But that's only the beginning. This book shows you how to get up to speed writing advanced applications like networking programs, content and protocol handlers, and security managers. Exploring Java is the first book in a Java documentation series from O'Reilly that will keep pace with rapid Java developments.",open_library_api,"Java (Computer program language), Java (Langage de programmation), COMPUTERS, Programming Languages, Java Java (Computer program language), Java (Langage de programmation), COMPUTERS, Programming Languages, Java Exploring Java is a comprehensive introduction to a new tool for building the next generation of network-capable applications. The ability to create animated World Wide Web pages with Java has sparked its popularity. But Java is also important because it's truly portable. The code runs on all systems that provide a Java interpreter, whether Windows 95, Windows NT, Macintosh, or UNIX. Java's most dramatic claim concerns safety; its design makes it difficult to write viruses and other hostile software.

Therefore it's an ideal language for writing software that travels across the Internet.

With a practical, hands-on approach, Exploring Java shows how to write Java applets and create dynamic Web pages. But that's only the beginning. This book shows you how to get up to speed writing advanced applications like networking programs, content and protocol handlers, and security managers. Exploring Java is the first book in a Java documentation series from O'Reilly that will keep pace with rapid Java developments.",9
Java Performance,Java Performance,Scott Oaks,0.0,0,https://covers.openlibrary.org/b/id/8514235-L.jpg,https://openlibrary.org/works/OL19547763W,438,"Java (Computer program language), Mathematics",No description available.,open_library_api,"Java (Computer program language), Mathematics Java (Computer program language), Mathematics No description available.",9
Building Java programs,Building Java programs,Stuart Reges,0.0,0,https://covers.openlibrary.org/b/id/8625443-L.jpg,https://openlibrary.org/works/OL18346166W,1204,"Java (Computer program language), Java (computer program language), Qa76.73.j38 r447 2011, 005.13/3",No description available.,open_library_api,"Java (Computer program language), Java (computer program language), Qa76.73.j38 r447 2011, 005.13/3 Java (Computer program language), Java (computer program language), Qa76.73.j38 r447 2011, 005.13/3 No description available.",7
Swing,Swing,Herbert Schildt,0.0,0,https://covers.openlibrary.org/b/id/62381-L.jpg,https://openlibrary.org/works/OL720114W,590,"Java (Computer program language), Swing (Computer file), Graphical user interfaces (Computer systems), Java (computer program language), Java Swing",No description available.,open_library_api,"Java (Computer program language), Swing (Computer file), Graphical user interfaces (Computer systems), Java (computer program language), Java Swing Java (Computer program language), Swing (Computer file), Graphical user interfaces (Computer systems), Java (computer program language), Java Swing No description available.",3
Java Coding Problems,Java Coding Problems,Anghel Leonard,0.0,0,https://images.unsplash.com/photo-1543002588-bfa74002ed7e?q=80&w=300&auto=format&fit=crop,https://openlibrary.org/works/OL28169136W,807,"Java (computer program language), Coding theory",No description available.,open_library_api,"Java (computer program language), Coding theory Java (computer program language), Coding theory No description available.",3
Graphic Java,Graphic Java,David M. Geary,0.0,0,https://covers.openlibrary.org/b/id/92332-L.jpg,https://openlibrary.org/works/OL2695702W,739,"Computer graphics, Graphic Java toolkit, Java (Computer program language), Java (Programmiersprache), Gráficas por computadoras",No description available.,open_library_api,"Computer graphics, Graphic Java toolkit, Java (Computer program language), Java (Programmiersprache), Gráficas por computadoras Computer graphics, Graphic Java toolkit, Java (Computer program language), Java (Programmiersprache), Gráficas por computadoras No description available.",3
An introduction to computer science using Java,An introduction to computer science using Java,Samuel N. Kamin,0.0,0,https://covers.openlibrary.org/b/id/62683-L.jpg,https://openlibrary.org/works/OL2719311W,665,"Java (Computer program language), Computer science, Informatique, Java (Langage de programmation), Java",No description available.,open_library_api,"Java (Computer program language), Computer science, Informatique, Java (Langage de programmation), Java Java (Computer program language), Computer science, Informatique, Java (Langage de programmation), Java No description available.",3
The Religion of Java,The Religion of Java,Clifford Geertz,0.0,0,https://covers.openlibrary.org/b/id/140892-L.jpg,https://openlibrary.org/works/OL926839W,392,"Java (indonesia), Ethnology, Religion, Religión, Godsdienst",No description available.,open_library_api,"Java (indonesia), Ethnology, Religion, Religión, Godsdienst Java (indonesia), Ethnology, Religion, Religión, Godsdienst No description available.",9
OCA: Oracle Certified Associate Java SE 8 Programmer I Study Guide: Exam 1Z0-808,OCA: Oracle Certified Associate Java SE 8 Programmer I Study Guide: Exam 1Z0-808,Jeanne Boyarsky,0.0,0,https://covers.openlibrary.org/b/id/8513346-L.jpg,https://openlibrary.org/works/OL19547217W,432,Java (computer program language),No description available.,open_library_api,Java (computer program language) Java (computer program language) No description available.,9
Web Programming,Web Programming,Chris Bates,0.0,0,https://covers.openlibrary.org/b/id/300000-L.jpg,https://openlibrary.org/works/OL8204155W,626,"Internet programming, Web site development, World Wide Web, Web sites, Design",No description available.,open_library_api,"Internet programming, Web site development, World Wide Web, Web sites, Design Internet programming, Web site development, World Wide Web, Web sites, Design No description available.",3
Java Language Reference,Java Language Reference,Mark Grand,0.0,0,https://covers.openlibrary.org/b/id/805648-L.jpg,https://openlibrary.org/works/OL1649483W,475,"Java (Computer program language), JAVA, Java 1.1., Langage programmation, Java (langage de programmation)","<h2>Printing History</h2>
<dl> 
<dt>January 1997</dt>
<dd>First Edition.</dd> 
<dt>July 1997</dt>
<dd>Second Edition, updated for Java 1.1.</dd> 
</dl>",open_library_api,"Java (Computer program language), JAVA, Java 1.1., Langage programmation, Java (langage de programmation) Java (Computer program language), JAVA, Java 1.1., Langage programmation, Java (langage de programmation) <h2>Printing History</h2>
<dl> 
<dt>January 1997</dt>
<dd>First Edition.</dd> 
<dt>July 1997</dt>
<dd>Second Edition, updated for Java 1.1.</dd> 
</dl>",9
Pro Spring Boot,Pro Spring Boot,Felipe Gutierrez,0.0,0,https://covers.openlibrary.org/b/id/8512945-L.jpg,https://openlibrary.org/works/OL19546884W,388,Java (Computer program language),No description available.,open_library_api,Java (Computer program language) Java (Computer program language) No description available.,9
Schaum's Outline of Programming with Java,Schaum's Outline of Programming with Java,John R. Hubbard,0.0,0,https://covers.openlibrary.org/b/id/59154-L.jpg,https://openlibrary.org/works/OL6463467W,257,"Java (computer program language), Java (Computer program language), Network programming, Java",No description available.,open_library_api,"Java (computer program language), Java (Computer program language), Network programming, Java Java (computer program language), Java (Computer program language), Network programming, Java No description available.",9
Java foundations,Java foundations,"Lewis, John",0.0,0,https://covers.openlibrary.org/b/id/10151437-L.jpg,https://openlibrary.org/works/OL15452906W,880,Java (Computer program language),No description available.,open_library_api,Java (Computer program language) Java (Computer program language) No description available.,3
C How to Program,C How to Program,Paul J. Deitel,0.0,0,https://covers.openlibrary.org/b/id/11603839-L.jpg,https://openlibrary.org/works/OL7943173W,1008,"Java (Computer program language), C (Computer program language), C++ (Computer program language), C plus plus (computer program language), Network programming",No description available.,open_library_api,"Java (Computer program language), C (Computer program language), C++ (Computer program language), C plus plus (computer program language), Network programming Java (Computer program language), C (Computer program language), C++ (Computer program language), C plus plus (computer program language), Network programming No description available.",7
Java how to program--late objects version,Java how to program--late objects version,Paul J. Deitel,0.0,0,https://covers.openlibrary.org/b/id/15113231-L.jpg,https://openlibrary.org/works/OL15529971W,1234,"Java (Computer program language), Object-oriented programming (Computer science), Java, Professional, career & trade -> computer science -> java",No description available.,open_library_api,"Java (Computer program language), Object-oriented programming (Computer science), Java, Professional, career & trade -> computer science -> java Java (Computer program language), Object-oriented programming (Computer science), Java, Professional, career & trade -> computer science -> java No description available.",7
Absolute Java,Absolute Java,Walter J. Savitch,0.0,0,https://covers.openlibrary.org/b/id/15161494-L.jpg,https://openlibrary.org/works/OL1915448W,1244,"Java (Computer program language), Literary collections",No description available.,open_library_api,"Java (Computer program language), Literary collections Java (Computer program language), Literary collections No description available.",7
Java 2,Java 2,Herbert Schildt,0.0,0,https://covers.openlibrary.org/b/id/61332-L.jpg,https://openlibrary.org/works/OL720122W,1077,"Java (Computer program language), Java (computer program language)",No description available.,open_library_api,"Java (Computer program language), Java (computer program language) Java (Computer program language), Java (computer program language) No description available.",7
"Introduction to Java Programming and Data Structures, Comprehensive Version","Introduction to Java Programming and Data Structures, Comprehensive Version",Y. Liang,0.0,0,https://covers.openlibrary.org/b/id/10615185-L.jpg,https://openlibrary.org/works/OL24188866W,1240,Java (computer program language),No description available.,open_library_api,Java (computer program language) Java (computer program language) No description available.,7
Core Java 2.,Core Java 2.,Cay S. Horstmann,0.0,0,https://covers.openlibrary.org/b/id/87624-L.jpg,https://openlibrary.org/works/OL449052W,835,"Java (Computer program language), Java 2., Java (computer program language), Computers, Qa76.73.j38 h6753 2003",No description available.,open_library_api,"Java (Computer program language), Java 2., Java (computer program language), Computers, Qa76.73.j38 h6753 2003 Java (Computer program language), Java 2., Java (computer program language), Computers, Qa76.73.j38 h6753 2003 No description available.",3
"Introduction to Java Programming, Comprehensive","Introduction to Java Programming, Comprehensive",Y. Daniel Liang,0.0,0,https://covers.openlibrary.org/b/id/5033291-L.jpg,https://openlibrary.org/works/OL114675W,1314,"Java (computer program language), Java (Computer program language), Java (programmeertaal), Java, Literary collections",No description available.,open_library_api,"Java (computer program language), Java (Computer program language), Java (programmeertaal), Java, Literary collections Java (computer program language), Java (Computer program language), Java (programmeertaal), Java, Literary collections No description available.",7
"Introduction to Java Programming and Data Structures, Comprehensive Version (11th Edition)","Introduction to Java Programming and Data Structures, Comprehensive Version (11th Edition)",Y. Daniel Liang,0.0,0,https://covers.openlibrary.org/b/id/8508587-L.jpg,https://openlibrary.org/works/OL19542564W,1232,Java (computer program language),No description available.,open_library_api,Java (computer program language) Java (computer program language) No description available.,7
Software Requirements (3rd Edition) (Developer Best Practices),Software Requirements (3rd Edition) (Developer Best Practices),Karl Eugene Wiegers,0.0,0,https://covers.openlibrary.org/b/id/8514780-L.jpg,https://openlibrary.org/works/OL19548122W,672,"Computer software, development, Computer software, Development, Softwareentwicklung, Requirements engineering",No description available.,open_library_api,"Computer software, development, Computer software, Development, Softwareentwicklung, Requirements engineering Computer software, development, Computer software, Development, Softwareentwicklung, Requirements engineering No description available.",3
Data structures and algorithms in Java,Data structures and algorithms in Java,Michael T. Goodrich,0.0,0,https://covers.openlibrary.org/b/id/9671168-L.jpg,https://openlibrary.org/works/OL5970265W,689,"Computer algorithms, Data structures (Computer science), Java (Computer program language), Data structures (computer science), Java (computer program language)",A textbook covering design and analysis of efficient data structures and associated algorithms using the Java programming language.,open_library_api,"Computer algorithms, Data structures (Computer science), Java (Computer program language), Data structures (computer science), Java (computer program language) Computer algorithms, Data structures (Computer science), Java (Computer program language), Data structures (computer science), Java (computer program language) A textbook covering design and analysis of efficient data structures and associated algorithms using the Java programming language.",3
"Java, Java, Java","Java, Java, Java",R. Morelli,0.0,0,https://covers.openlibrary.org/b/id/87542-L.jpg,https://openlibrary.org/works/OL5851856W,880,"Java (Computer program language), Object-oriented programming (Computer science), Java (computer program language), Object-oriented programming (computer science)",No description available.,open_library_api,"Java (Computer program language), Object-oriented programming (Computer science), Java (computer program language), Object-oriented programming (computer science) Java (Computer program language), Object-oriented programming (Computer science), Java (computer program language), Object-oriented programming (computer science) No description available.",3
Core Java,Core Java,Cay S. Horstmann,0.0,0,https://covers.openlibrary.org/b/id/6578914-L.jpg,https://openlibrary.org/works/OL449035W,864,"Java (Computer program language), computer programming, java programming language, object-oriented programming, Java (computer program language)",Describes the Java programming language and system.,open_library_api,"Java (Computer program language), computer programming, java programming language, object-oriented programming, Java (computer program language) Java (Computer program language), computer programming, java programming language, object-oriented programming, Java (computer program language) Describes the Java programming language and system.",3
From Vibe Coding to Production: A Practical Guide to Professional Software Development,From Vibe Coding to Production: A Practical Guide to Professional Software Development (Vibe Coding: From Prompt to Production Book 3),Thomas DeGan,0.0,0,https://i.gr-assets.com/images/S/compressed.photo.goodreads.com/books/1763422804i/244093145._SY75_.jpg,https://www.goodreads.com/book/show/244093145-from-vibe-coding-to-production,437,General,No description available.,goodreads_scraped,General General No description available.,9
Professional issues in software engineering,Professional issues in software engineering,Frank Bott,0.0,0,https://covers.openlibrary.org/b/id/8710460-L.jpg,https://openlibrary.org/works/OL19125927W,384,"Software engineering, Software Development & Engineering, COMPUTERS, Project Management, Computer software",No description available.,open_library_api,"Software engineering, Software Development & Engineering, COMPUTERS, Project Management, Computer software Software engineering, Software Development & Engineering, COMPUTERS, Project Management, Computer software No description available.",9
The Java programming language,The Java programming language,"Arnold, Ken",0.0,0,https://covers.openlibrary.org/b/id/135609-L.jpg,https://openlibrary.org/works/OL2734879W,595,"Java (Computer program language), Java (Langage de programmation), Java 1.3., Java (programmeertaal), Programmation orientée objets (informatique)",No description available.,open_library_api,"Java (Computer program language), Java (Langage de programmation), Java 1.3., Java (programmeertaal), Programmation orientée objets (informatique) Java (Computer program language), Java (Langage de programmation), Java 1.3., Java (programmeertaal), Programmation orientée objets (informatique) No description available.",3
Understanding object-oriented programming with Java,Understanding object-oriented programming with Java,Timothy Budd,0.0,0,https://covers.openlibrary.org/b/id/5430841-L.jpg,https://openlibrary.org/works/OL2642456W,420,"Object-oriented programming (Computer science), Java (Computer program language), Programmation orientée objet (Informatique), Java (Langage de programmation), Java","""This updated edition of Understanding Object-Oriented Programming with Java develops the object-oriented programming skills of experienced programmers by showing them how to use Java 2, the latest release of Sun's Java platform. Dr. Budd provides a complete understanding of the philosophy behind Java 2 and teaches readers why the Java language works the way it does, unlike many other authors who focus only on how Java works.

The book begins by covering the language-independent concepts that are at the heart of the Java world and then moves on to introducing Java through several example programs. This is followed by an in-depth discussion of inheritance and polymorphism. The book concludes with material on important features of Java that are not object-oriented.""--BOOK JACKET.",open_library_api,"Object-oriented programming (Computer science), Java (Computer program language), Programmation orientée objet (Informatique), Java (Langage de programmation), Java Object-oriented programming (Computer science), Java (Computer program language), Programmation orientée objet (Informatique), Java (Langage de programmation), Java ""This updated edition of Understanding Object-Oriented Programming with Java develops the object-oriented programming skills of experienced programmers by showing them how to use Java 2, the latest release of Sun's Java platform. Dr. Budd provides a complete understanding of the philosophy behind Java 2 and teaches readers why the Java language works the way it does, unlike many other authors who focus only on how Java works.

The book begins by covering the language-independent concepts that are at the heart of the Java world and then moves on to introducing Java through several example programs. This is followed by an in-depth discussion of inheritance and polymorphism. The book concludes with material on important features of Java that are not object-oriented.""--BOOK JACKET.",9
A concise introduction to software engineering,A concise introduction to software engineering,Pankaj Jalote,0.0,0,https://covers.openlibrary.org/b/id/8631993-L.jpg,https://openlibrary.org/works/OL8021123W,272,Software engineering,No description available.,open_library_api,Software engineering Software engineering No description available.,9
Learning Java,Learning Java,Patrick Niemeyer,0.0,0,https://covers.openlibrary.org/b/id/10991044-L.jpg,https://openlibrary.org/works/OL1741822W,817,"Java (Computer program language), Java (Langage de programmation), Mathematics, Java (programmeertaal), Java",No description available.,open_library_api,"Java (Computer program language), Java (Langage de programmation), Mathematics, Java (programmeertaal), Java Java (Computer program language), Java (Langage de programmation), Mathematics, Java (programmeertaal), Java No description available.",3
CSS,CSS,David Sawyer McFarland,0.0,0,https://covers.openlibrary.org/b/id/12191343-L.jpg,https://openlibrary.org/works/OL20013553W,565,"Web sites, Design, Cascading style sheets, Web site development, Computer graphics","This book combines crystal-clear explanations, real-world examples, a dash of humor, and dozens of step-by-step tutorials to show you ways to design sites with CSS that work consistently across browsers. Create HTML that's simpler, uses less code, is search-engine friendly, and works well with CSS, style text by changing fonts, colors, font sizes, and adding borders. Create complex layouts using CSS, including multi-column designs that do not require using old techniques like HTML tables and turn simple HTML links into complex and attractive navigation bars-complete with CSS-only rollover effects that add interactivity to your Web pages, and style images to create effective photo galleries and special effects like CSS-based drop shadows.",open_library_api,"Web sites, Design, Cascading style sheets, Web site development, Computer graphics Web sites, Design, Cascading style sheets, Web site development, Computer graphics This book combines crystal-clear explanations, real-world examples, a dash of humor, and dozens of step-by-step tutorials to show you ways to design sites with CSS that work consistently across browsers. Create HTML that's simpler, uses less code, is search-engine friendly, and works well with CSS, style text by changing fonts, colors, font sizes, and adding borders. Create complex layouts using CSS, including multi-column designs that do not require using old techniques like HTML tables and turn simple HTML links into complex and attractive navigation bars-complete with CSS-only rollover effects that add interactivity to your Web pages, and style images to create effective photo galleries and special effects like CSS-based drop shadows.",9
WordPress For Dummies,WordPress For Dummies,Lisa Sabin-Wilson,0.0,0,https://covers.openlibrary.org/b/id/1239987-L.jpg,https://openlibrary.org/works/OL8206689W,425,"Computer Technology, Nonfiction, Blogs, Authoring programs, Web sites","Bloggers love WordPress! If you're ready to start using this free blogging software, WordPress For Dummies, 2nd Edition is just what you and your blog need to make a splash.   Professional blog designer Lisa Sabin-Wilson shows you how to use all the latest upgrades to WordPress and helps you decide whether to use the Wordpress.com hosted service or self-host your blog with WordPress.org. Whether you're just venturing into the blogosphere or you want to shift an existing blog to WordPress, WordPress For Dummies, 2nd Edition will help.   Explore theme development and learn where to find free WordPress themes Extend WordPress through plug-ins, CSS, custom fields, and more Find out about archiving, interacting with readers through comments, tracking back, and handling spam Get the scoop on domain registration, Web hosting providers, basic tools like FTP, and more Create a unique blog theme and presentation by using template tags with CSS Sign up for WordPress.com, log in, set options, and create a profile Install WordPress.org, set up a MySQL database, explore RSS feeds, and organize a blogroll Discover the secrets of creating a blog that draws readers Get tips on wonderful widgets, upgrades, and plugins you can add to make your blog extra cool Learn how to use the Dashboard, manage comments, and make permalinks work with your Web server With WordPress For Dummies, 2nd Edition on hand, it's easy to make the most of the free software and build a blog that stands out in a crowd.",open_library_api,"Computer Technology, Nonfiction, Blogs, Authoring programs, Web sites Computer Technology, Nonfiction, Blogs, Authoring programs, Web sites Bloggers love WordPress! If you're ready to start using this free blogging software, WordPress For Dummies, 2nd Edition is just what you and your blog need to make a splash.   Professional blog designer Lisa Sabin-Wilson shows you how to use all the latest upgrades to WordPress and helps you decide whether to use the Wordpress.com hosted service or self-host your blog with WordPress.org. Whether you're just venturing into the blogosphere or you want to shift an existing blog to WordPress, WordPress For Dummies, 2nd Edition will help.   Explore theme development and learn where to find free WordPress themes Extend WordPress through plug-ins, CSS, custom fields, and more Find out about archiving, interacting with readers through comments, tracking back, and handling spam Get the scoop on domain registration, Web hosting providers, basic tools like FTP, and more Create a unique blog theme and presentation by using template tags with CSS Sign up for WordPress.com, log in, set options, and create a profile Install WordPress.org, set up a MySQL database, explore RSS feeds, and organize a blogroll Discover the secrets of creating a blog that draws readers Get tips on wonderful widgets, upgrades, and plugins you can add to make your blog extra cool Learn how to use the Dashboard, manage comments, and make permalinks work with your Web server With WordPress For Dummies, 2nd Edition on hand, it's easy to make the most of the free software and build a blog that stands out in a crowd.",9
Requirements engineering for software and systems,Requirements engineering for software and systems,Phillip A. Laplante,0.0,0,https://covers.openlibrary.org/b/id/11024265-L.jpg,https://openlibrary.org/works/OL3285950W,283,"Requirements engineering, Software engineering, System design, Programming - Software Development, Computers / Programming / Software Development","""Solid requirements engineering has increasingly been recognized as the key to improved, on-time and on-budget delivery of software and systems projects. This book provides practical teaching for graduate and professional systems and software engineers. It uses extensive case studies and exercises to help students grasp concepts and techniques. With a focus on software-intensive systems, this text provides a probing and comprehensive review of recent developments in intelligent systems, soft computing techniques, and their diverse applications in manufacturing. The second edition contains 100% revised content and approximately 30% new material""--",open_library_api,"Requirements engineering, Software engineering, System design, Programming - Software Development, Computers / Programming / Software Development Requirements engineering, Software engineering, System design, Programming - Software Development, Computers / Programming / Software Development ""Solid requirements engineering has increasingly been recognized as the key to improved, on-time and on-budget delivery of software and systems projects. This book provides practical teaching for graduate and professional systems and software engineers. It uses extensive case studies and exercises to help students grasp concepts and techniques. With a focus on software-intensive systems, this text provides a probing and comprehensive review of recent developments in intelligent systems, soft computing techniques, and their diverse applications in manufacturing. The second edition contains 100% revised content and approximately 30% new material""--",9
HTML5,HTML5,Joseph Lowery,0.0,0,https://covers.openlibrary.org/b/id/10343631-L.jpg,https://openlibrary.org/works/OL16001766W,300,"HTML, HTML5, Web development, HTML (Document markup language)","Provides information on the elements on HTML, offers code examples, and describes how to build accessible markup to create Web sites.",open_library_api,"HTML, HTML5, Web development, HTML (Document markup language) HTML, HTML5, Web development, HTML (Document markup language) Provides information on the elements on HTML, offers code examples, and describes how to build accessible markup to create Web sites.",9
Advanced Computing and Systems for Security,Advanced Computing and Systems for Security,Rituparna Chaki,0.0,0,https://covers.openlibrary.org/b/id/9415738-L.jpg,https://openlibrary.org/works/OL20730220W,180,"Computer security, Machine learning, Computational intelligence, Computer science, Computer networks",No description available.,open_library_api,"Computer security, Machine learning, Computational intelligence, Computer science, Computer networks Computer security, Machine learning, Computational intelligence, Computer science, Computer networks No description available.",9
Elasticsearch,Elasticsearch,Clinton Gormley,0.0,0,https://covers.openlibrary.org/b/id/8513370-L.jpg,https://openlibrary.org/works/OL19547240W,724,"Computer software, development, Search engines, Application software, Development, Web sites",A Distributed Real-Time Search and Analytics Engine,open_library_api,"Computer software, development, Search engines, Application software, Development, Web sites Computer software, development, Search engines, Application software, Development, Web sites A Distributed Real-Time Search and Analytics Engine",3
Modern Web Development,Modern Web Development,Dino Esposito,0.0,0,https://covers.openlibrary.org/b/id/12420655-L.jpg,https://openlibrary.org/works/OL21572859W,432,Web site development,No description available.,open_library_api,Web site development Web site development No description available.,9
Flask Framework Cookbook,Flask Framework Cookbook,Shalabh Aggarwal,0.0,0,https://covers.openlibrary.org/b/id/11316138-L.jpg,https://openlibrary.org/works/OL24636257W,302,"Application software, Development, Web applications",No description available.,open_library_api,"Application software, Development, Web applications Application software, Development, Web applications No description available.",9
"Fundamentals of Web Development, Global Edition","Fundamentals of Web Development, Global Edition",Ricardo Hoar (author) Randy Connolly (author),0.0,0,https://covers.openlibrary.org/b/id/8510093-L.jpg,https://openlibrary.org/works/OL19543634W,1024,Web site development,No description available.,open_library_api,Web site development Web site development No description available.,3
Create Your Own Website Using Wordpress In A Weekend,Create Your Own Website Using Wordpress In A Weekend,Alannah Moore,0.0,0,https://covers.openlibrary.org/b/id/7529467-L.jpg,https://openlibrary.org/works/OL17413395W,160,"Web site development, WordPress (Electronic resource), Authoring programs, Web sites",No description available.,open_library_api,"Web site development, WordPress (Electronic resource), Authoring programs, Web sites Web site development, WordPress (Electronic resource), Authoring programs, Web sites No description available.",9
Mastering Blockchain,Mastering Blockchain,Imran Bashir,0.0,0,https://covers.openlibrary.org/b/id/8086575-L.jpg,https://openlibrary.org/works/OL17802010W,816,Computer programming,No description available.,open_library_api,Computer programming Computer programming No description available.,3
Flask Web Development,Flask Web Development,Miguel Grinberg,0.0,0,https://covers.openlibrary.org/b/id/7481281-L.jpg,https://openlibrary.org/works/OL17389190W,316,"Software frameworks, Web applications, Application software, Development, Python (Computer program language)",No description available.,open_library_api,"Software frameworks, Web applications, Application software, Development, Python (Computer program language) Software frameworks, Web applications, Application software, Development, Python (Computer program language) No description available.",9
The Content Code,The Content Code,Mark W. Schaefer,0.0,0,https://covers.openlibrary.org/b/id/10292583-L.jpg,https://openlibrary.org/works/OL20921319W,258,"Web site development, Internet marketing",No description available.,open_library_api,"Web site development, Internet marketing Web site development, Internet marketing No description available.",9
Foundations of software testing,Foundations of software testing,Aditya Mathur,0.0,0,https://covers.openlibrary.org/b/id/9895888-L.jpg,https://openlibrary.org/works/OL17942764W,689,"Testing, Computer software, Application software, development, Computer software, testing, Programming languages (electronic computers)","""This book presents sound engineering approaches for test generation, selection, minimization, assessment, and enhancement. Using numerous examples, it offers a lucid description of a wide range of simple to complex techniques for a variety of testing-related tasks""--Resource description page.",open_library_api,"Testing, Computer software, Application software, development, Computer software, testing, Programming languages (electronic computers) Testing, Computer software, Application software, development, Computer software, testing, Programming languages (electronic computers) ""This book presents sound engineering approaches for test generation, selection, minimization, assessment, and enhancement. Using numerous examples, it offers a lucid description of a wide range of simple to complex techniques for a variety of testing-related tasks""--Resource description page.",3
Web Hosting and Web Site Development,Web Hosting and Web Site Development,Matthew Drouin,0.0,0,https://covers.openlibrary.org/b/id/1562188-L.jpg,https://openlibrary.org/works/OL8558897W,54,"Vocational guidance, Web site development industry, Web sites, Web site development, Design",No description available.,open_library_api,"Vocational guidance, Web site development industry, Web sites, Web site development, Design Vocational guidance, Web site development industry, Web sites, Web site development, Design No description available.",9
PHP,PHP,Julie C. Meloni,0.0,0,https://covers.openlibrary.org/b/id/6908646-L.jpg,https://openlibrary.org/works/OL16044815W,436,"Development, Web databases, Application software, PHP (Computer program language), Design",No description available.,open_library_api,"Development, Web databases, Application software, PHP (Computer program language), Design Development, Web databases, Application software, PHP (Computer program language), Design No description available.",9
PHP Hacks,PHP Hacks,Jack Herrington,0.0,0,https://covers.openlibrary.org/b/id/389222-L.jpg,https://openlibrary.org/works/OL6085711W,443,"Web sites, Design, PHP (Computer program language), Programming, Web site development",No description available.,open_library_api,"Web sites, Design, PHP (Computer program language), Programming, Web site development Web sites, Design, PHP (Computer program language), Programming, Web site development No description available.",9
BTEC National for IT Practitioners,BTEC National for IT Practitioners,Sharon Yull,0.0,0,https://covers.openlibrary.org/b/id/10620371-L.jpg,https://openlibrary.org/works/OL21228441W,166,"Computer science, Computer systems, Information technology, Problems, exercises","& Nbsp; BTEC National for IT Practitioners has been written specifically to cover the compulsory core units and selected specialist units of the BTEC National specifications. This book provides core unit coverage for students following all courses within the new scheme - National Awards, National Certificates and National Diplomas. When used alongside its companions for the business and systems support pathways, this series delivers the most accessible and usable student textbooks available for the BTEC National. Units covered: Unit 1 - Communication and Employability Skills Unit 8 - Commu.",open_library_api,"Computer science, Computer systems, Information technology, Problems, exercises Computer science, Computer systems, Information technology, Problems, exercises & Nbsp; BTEC National for IT Practitioners has been written specifically to cover the compulsory core units and selected specialist units of the BTEC National specifications. This book provides core unit coverage for students following all courses within the new scheme - National Awards, National Certificates and National Diplomas. When used alongside its companions for the business and systems support pathways, this series delivers the most accessible and usable student textbooks available for the BTEC National. Units covered: Unit 1 - Communication and Employability Skills Unit 8 - Commu.",9
Mathematical structures for computer science,Mathematical structures for computer science,Judith L. Gersting,0.0,0,https://covers.openlibrary.org/b/id/7136779-L.jpg,https://openlibrary.org/works/OL1922611W,729,"Textbooks, Mathematical models, Computer science, Mathematics, Mathematics textbooks",No description available.,open_library_api,"Textbooks, Mathematical models, Computer science, Mathematics, Mathematics textbooks Textbooks, Mathematical models, Computer science, Mathematics, Mathematics textbooks No description available.",3
Algorithmics,Algorithmics,David Harel,0.0,0,https://covers.openlibrary.org/b/id/135029-L.jpg,https://openlibrary.org/works/OL1874330W,476,"Computer algorithms, Electronic data processing, Algorithms",This is a very good book I read in the past. I hope to read it again and wish a pdf to read it since my eyesight is too weak to read paper copy.,open_library_api,"Computer algorithms, Electronic data processing, Algorithms Computer algorithms, Electronic data processing, Algorithms This is a very good book I read in the past. I hope to read it again and wish a pdf to read it since my eyesight is too weak to read paper copy.",9
An introduction to data structures with applications,An introduction to data structures with applications,Jean-Paul Tremblay,0.0,0,https://covers.openlibrary.org/b/id/4225379-L.jpg,https://openlibrary.org/works/OL4777624W,861,"Computer programming, Data structures (Computer science)",No description available.,open_library_api,"Computer programming, Data structures (Computer science) Computer programming, Data structures (Computer science) No description available.",3
Computer Confluence,Computer Confluence,George Beekman,0.0,0,https://covers.openlibrary.org/b/id/2334515-L.jpg,https://openlibrary.org/works/OL51556W,480,"Informatica, Computers, Computer science, Information technology","For courses in Introduction to Computers and Information Technology offered in departments of CIS, Computer Science, or Business.

Available in two separate editions for maximum classroom flexibility, Computer Confluence combines three information sources–an illustrated textbook, a multimedia CD-ROM, and an up-to-the-minute Companion Website–to explore the promises and challenges of information technology, its effect on businesses, people, society, and the future. The authors seamlessly integrate this text with an unparalleled media package to provide a valuable learning experience. With its lively writing style, this is the perfect text for professors who want to explore the promises and challenges of information technology.",open_library_api,"Informatica, Computers, Computer science, Information technology Informatica, Computers, Computer science, Information technology For courses in Introduction to Computers and Information Technology offered in departments of CIS, Computer Science, or Business.

Available in two separate editions for maximum classroom flexibility, Computer Confluence combines three information sources–an illustrated textbook, a multimedia CD-ROM, and an up-to-the-minute Companion Website–to explore the promises and challenges of information technology, its effect on businesses, people, society, and the future. The authors seamlessly integrate this text with an unparalleled media package to provide a valuable learning experience. With its lively writing style, this is the perfect text for professors who want to explore the promises and challenges of information technology.",9
Developing Web Applications,Developing Web Applications,Ralph Moseley,0.0,0,https://covers.openlibrary.org/b/id/1238097-L.jpg,https://openlibrary.org/works/OL8204139W,410,"Web services, Application software, development, Web site development, Application software, Development",No description available.,open_library_api,"Web services, Application software, development, Web site development, Application software, Development Web services, Application software, development, Web site development, Application software, Development No description available.",9
Encyclopedia of Computer Science and Technology,Encyclopedia of Computer Science and Technology,Allen Kent,0.0,0,https://covers.openlibrary.org/b/id/1564172-L.jpg,https://openlibrary.org/works/OL25141530W,500,Computer science,No description available.,open_library_api,Computer science Computer science No description available.,9
Content management bible,Content management bible,Bob Boiko,0.0,0,https://covers.openlibrary.org/b/id/522617-L.jpg,https://openlibrary.org/works/OL5716435W,1122,"Collection management (Libraries), Computer Technology, Computer network resources, Database management, Design","Written by one of the leading experts in content management systems (CMS), this newly revised bestseller guides readers through the confusing-and often intimidating-task of building, implementing, running, and managing a CMS  Updated to cover recent developments in online delivery systems, as well as XML and related technologies  Reflects valuable input from CMS users who attended the author's workshops, conferences, and courses  An essential reference showing anyone involved in information delivery systems how to plan and implement a system that can handle large amounts of information and help achieve an organization's overall goals",open_library_api,"Collection management (Libraries), Computer Technology, Computer network resources, Database management, Design Collection management (Libraries), Computer Technology, Computer network resources, Database management, Design Written by one of the leading experts in content management systems (CMS), this newly revised bestseller guides readers through the confusing-and often intimidating-task of building, implementing, running, and managing a CMS  Updated to cover recent developments in online delivery systems, as well as XML and related technologies  Reflects valuable input from CMS users who attended the author's workshops, conferences, and courses  An essential reference showing anyone involved in information delivery systems how to plan and implement a system that can handle large amounts of information and help achieve an organization's overall goals",7
An introduction to Web design and programming,An introduction to Web design and programming,Paul S. Wang,0.0,0,https://covers.openlibrary.org/b/id/6894281-L.jpg,https://openlibrary.org/works/OL1905945W,572,"Textbooks, Web sites, Web site development, Design",No description available.,open_library_api,"Textbooks, Web sites, Web site development, Design Textbooks, Web sites, Web site development, Design No description available.",9
Understanding web development,Understanding web development,Arlyn Hubbell,0.0,0,https://covers.openlibrary.org/b/id/9816765-L.jpg,https://openlibrary.org/works/OL7944421W,273,"Design, Web publishing, Web site development, Web sites, World Wide Web",No description available.,open_library_api,"Design, Web publishing, Web site development, Web sites, World Wide Web Design, Web publishing, Web site development, Web sites, World Wide Web No description available.",9
"Data structures, algorithms, and software principles in C","Data structures, algorithms, and software principles in C",Thomas A. Standish,0.0,0,https://covers.openlibrary.org/b/id/135286-L.jpg,https://openlibrary.org/works/OL2681103W,748,"Computer algorithms, Software engineering, Data structures (Computer science), C (Computer program language)",No description available.,open_library_api,"Computer algorithms, Software engineering, Data structures (Computer science), C (Computer program language) Computer algorithms, Software engineering, Data structures (Computer science), C (Computer program language) No description available.",3
Managing the software process,Managing the software process,Watts S. Humphrey,0.0,0,https://covers.openlibrary.org/b/id/134238-L.jpg,https://openlibrary.org/works/OL3290293W,494,"Management, Software engineering, Computer software, Beheer, Ontwerpen",No description available.,open_library_api,"Management, Software engineering, Computer software, Beheer, Ontwerpen Management, Software engineering, Computer software, Beheer, Ontwerpen No description available.",9
Learning React,Learning React,Alex Banks,0.0,0,https://covers.openlibrary.org/b/id/10282783-L.jpg,https://openlibrary.org/works/OL20915214W,330,"Engineering, Java (computer program language), Web site development, Web applications--computer programs, Qa76.9.u83","This book is for developers who want to learn the React library while learning the latest techniques currently emerging in the JavaScript language. This book does not assume any knowledge of React at all, but you will be better prepared for the contents of this book if you are comfortable with HTML, CSS, and JavaScript.",open_library_api,"Engineering, Java (computer program language), Web site development, Web applications--computer programs, Qa76.9.u83 Engineering, Java (computer program language), Web site development, Web applications--computer programs, Qa76.9.u83 This book is for developers who want to learn the React library while learning the latest techniques currently emerging in the JavaScript language. This book does not assume any knowledge of React at all, but you will be better prepared for the contents of this book if you are comfortable with HTML, CSS, and JavaScript.",9
JavaScript for dummies,JavaScript for dummies,Emily A. Vander Veer,0.0,0,https://covers.openlibrary.org/b/id/3863999-L.jpg,https://openlibrary.org/works/OL2765872W,375,"JavaScript (Computer program language), Computer Technology, Nonfiction, Web publishing, COMPUTERS","Responding to reader feedback, the author has thoroughly revamped the book with more step-by-step coverage of JavaScript basics, an exclusive focus on Internet Explorer, and many complete sample scripts  Updated to cover JavaScript 1.5, the latest release of this popular Web scripting language  Using lots of examples, including a sample working Web site, the book shows how to create dynamic and interactive pages, build entire sites, and automate pages",open_library_api,"JavaScript (Computer program language), Computer Technology, Nonfiction, Web publishing, COMPUTERS JavaScript (Computer program language), Computer Technology, Nonfiction, Web publishing, COMPUTERS Responding to reader feedback, the author has thoroughly revamped the book with more step-by-step coverage of JavaScript basics, an exclusive focus on Internet Explorer, and many complete sample scripts  Updated to cover JavaScript 1.5, the latest release of this popular Web scripting language  Using lots of examples, including a sample working Web site, the book shows how to create dynamic and interactive pages, build entire sites, and automate pages",9
Web application architecture,Web application architecture,Leon Shklar,0.0,0,https://covers.openlibrary.org/b/id/305243-L.jpg,https://openlibrary.org/works/OL18764419W,440,"Development, Design, Application software, Software architecture, Web sites",No description available.,open_library_api,"Development, Design, Application software, Software architecture, Web sites Development, Design, Application software, Software architecture, Web sites No description available.",9
Java for dummies,Java for dummies,Barry A. Burd,0.0,0,https://covers.openlibrary.org/b/id/7182720-L.jpg,https://openlibrary.org/works/OL3372608W,432,"Computer Technology, Java (Computer program language), Nonfiction, Java (computer program language), Internet programming","Start building powerful programs with Java 6--fast!   Get an overview of Java 6 and begin building your own programs   Even if you're new to Java programming--or to programming in general--you can get up and running on this wildly popular language in a hurry. This book makes it easy! From how to install and run Java to understanding classes and objects and juggling values with arrays and collections, you will get up to speed on the new features of Java 6 in no time.   Discover how to    Use object-oriented programming  Work with the changes in Java 6 and JDK 6  Save time by reusing code  Mix Java and Javascript with the new scripting tools  Troubleshoot code problems and fix bugs     All on the bonus CD-ROM    Custom builNote: CD-ROM/DVD and other supplementary materials are not included....",open_library_api,"Computer Technology, Java (Computer program language), Nonfiction, Java (computer program language), Internet programming Computer Technology, Java (Computer program language), Nonfiction, Java (computer program language), Internet programming Start building powerful programs with Java 6--fast!   Get an overview of Java 6 and begin building your own programs   Even if you're new to Java programming--or to programming in general--you can get up and running on this wildly popular language in a hurry. This book makes it easy! From how to install and run Java to understanding classes and objects and juggling values with arrays and collections, you will get up to speed on the new features of Java 6 in no time.   Discover how to    Use object-oriented programming  Work with the changes in Java 6 and JDK 6  Save time by reusing code  Mix Java and Javascript with the new scripting tools  Troubleshoot code problems and fix bugs     All on the bonus CD-ROM    Custom builNote: CD-ROM/DVD and other supplementary materials are not included....",9
PHP cookbook,PHP cookbook,David Sklar,0.0,0,https://covers.openlibrary.org/b/id/805908-L.jpg,https://openlibrary.org/works/OL5759153W,810,"Algoritmen, PHP (Computer program language), Web sites, Internet programming, Design",No description available.,open_library_api,"Algoritmen, PHP (Computer program language), Web sites, Internet programming, Design Algoritmen, PHP (Computer program language), Web sites, Internet programming, Design No description available.",3
Building Scalable Web Sites,Building Scalable Web Sites,Cal Henderson,0.0,0,https://covers.openlibrary.org/b/id/389263-L.jpg,https://openlibrary.org/works/OL8167609W,348,"Web sites, Design, Web site development, Web sites, design","From the back cover: ""Learn the tricks of the trade so you can build and architect applications that scale quickly - without all the high-priced headaches and service-level agreements associated with enterprise app servers and proprietary programming and database products. Culled from the experience of the [flickr.com][1] lead developer, *Building Scalable Websites* offers techniques for creating fast sites that your users will enjoy.""


  [1]: http://flickr.com",open_library_api,"Web sites, Design, Web site development, Web sites, design Web sites, Design, Web site development, Web sites, design From the back cover: ""Learn the tricks of the trade so you can build and architect applications that scale quickly - without all the high-priced headaches and service-level agreements associated with enterprise app servers and proprietary programming and database products. Culled from the experience of the [flickr.com][1] lead developer, *Building Scalable Websites* offers techniques for creating fast sites that your users will enjoy.""


  [1]: http://flickr.com",9
Starting an Online Business For Dummies,Starting an Online Business For Dummies,Greg Holden,0.0,0,https://covers.openlibrary.org/b/id/8515008-L.jpg,https://openlibrary.org/works/OL19548279W,456,"Electronic commerce, Computer networks, New business enterprises, Web site development",No description available.,open_library_api,"Electronic commerce, Computer networks, New business enterprises, Web site development Electronic commerce, Computer networks, New business enterprises, Web site development No description available.",9
Spring: Microservices with Spring Boot: Build and deploy microservices with Spring Boot,Spring: Microservices with Spring Boot: Build and deploy microservices with Spring Boot,Ranga Rao Karanam,0.0,0,https://covers.openlibrary.org/b/id/8508397-L.jpg,https://openlibrary.org/works/OL19542398W,140,"Application software, development, Java (computer program language), Web site development",No description available.,open_library_api,"Application software, development, Java (computer program language), Web site development Application software, development, Java (computer program language), Web site development No description available.",9
BASIC,BASIC,Robert J. Bent,0.0,0,https://covers.openlibrary.org/b/id/4665210-L.jpg,https://openlibrary.org/works/OL3517771W,384,"BASIC (Computer program language), Programming, Apple computer, Programming languages, Programming Languages - General",No description available.,open_library_api,"BASIC (Computer program language), Programming, Apple computer, Programming languages, Programming Languages - General BASIC (Computer program language), Programming, Apple computer, Programming languages, Programming Languages - General No description available.",9
WordPress Web Design For Dummies,WordPress Web Design For Dummies,Lisa Sabin-Wilson,0.0,0,https://covers.openlibrary.org/b/id/8514582-L.jpg,https://openlibrary.org/works/OL19547931W,384,"Authoring programs, Web sites, Design, WordPress (Electronic resource), Web site development","Learn to create a custom site with e-commerce, social media, and more. No longer just a blogging tool, WordPress has secret powers that enable you in include photo and video galleries, client testimonials, integration with Facebook and Twitter, and a whole lot more!",open_library_api,"Authoring programs, Web sites, Design, WordPress (Electronic resource), Web site development Authoring programs, Web sites, Design, WordPress (Electronic resource), Web site development Learn to create a custom site with e-commerce, social media, and more. No longer just a blogging tool, WordPress has secret powers that enable you in include photo and video galleries, client testimonials, integration with Facebook and Twitter, and a whole lot more!",9
Articulating Design Decisions,Articulating Design Decisions,Tom Greever,0.0,0,https://covers.openlibrary.org/b/id/8253809-L.jpg,https://openlibrary.org/works/OL17926245W,278,"design, leadership, career development, User-centered system design, Business communication",No description available.,open_library_api,"design, leadership, career development, User-centered system design, Business communication design, leadership, career development, User-centered system design, Business communication No description available.",9
Fundamentals of Software Engineering,Fundamentals of Software Engineering,Rajib Mall,0.0,0,https://covers.openlibrary.org/b/id/4884220-L.jpg,https://openlibrary.org/works/OL9081528W,410,"Software engineering, Génie logiciel",No description available.,open_library_api,"Software engineering, Génie logiciel Software engineering, Génie logiciel No description available.",9
Software project management,Software project management,Bob Hughes,0.0,0,https://covers.openlibrary.org/b/id/8720847-L.jpg,https://openlibrary.org/works/OL12422165W,392,"Software engineering, Project management",No description available.,open_library_api,"Software engineering, Project management Software engineering, Project management No description available.",9
Website Design and Development,Website Design and Development,George Plumley,0.0,0,https://covers.openlibrary.org/b/id/8733991-L.jpg,https://openlibrary.org/works/OL16944749W,360,"Web site development, Web sites, Design, Web sites, design","Covers the details of creating a Web site, with information on finding a host, creating content, design and layout, marketing, and security.",open_library_api,"Web site development, Web sites, Design, Web sites, design Web site development, Web sites, Design, Web sites, design Covers the details of creating a Web site, with information on finding a host, creating content, design and layout, marketing, and security.",9
Java software solutions,Java software solutions,"Lewis, John",0.0,0,https://covers.openlibrary.org/b/id/135371-L.jpg,https://openlibrary.org/works/OL94732W,832,"Java (Computer program language), Object-oriented programming (Computer science), Electronic data processing, study and teaching, Java (Programmiersprache), Softwareentwicklung","'Java Software Solutions', fourth edition, takes full advantage of the Java 5. 0 release in a way that is appropriate for those just learning to write high quality programs. This new edition has an earlier evolution of object concepts, developed in a waythat capitalizes on the power of objects without overwhelming beginning programmers.",open_library_api,"Java (Computer program language), Object-oriented programming (Computer science), Electronic data processing, study and teaching, Java (Programmiersprache), Softwareentwicklung Java (Computer program language), Object-oriented programming (Computer science), Electronic data processing, study and teaching, Java (Programmiersprache), Softwareentwicklung 'Java Software Solutions', fourth edition, takes full advantage of the Java 5. 0 release in a way that is appropriate for those just learning to write high quality programs. This new edition has an earlier evolution of object concepts, developed in a waythat capitalizes on the power of objects without overwhelming beginning programmers.",3
Agile management for software engineering,Agile management for software engineering,David J Anderson,0.0,0,https://covers.openlibrary.org/b/id/87123-L.jpg,https://openlibrary.org/works/OL10429145W,336,"Agile software development, Management, Software engineering, Computer programming, Computer software",No description available.,open_library_api,"Agile software development, Management, Software engineering, Computer programming, Computer software Agile software development, Management, Software engineering, Computer programming, Computer software No description available.",9
Software metrics,Software metrics,Norman E. Fenton,0.0,0,https://covers.openlibrary.org/b/id/4866680-L.jpg,https://openlibrary.org/works/OL2834101W,618,"Evaluation, Computer software, Software measurement, Software engineering, General",No description available.,open_library_api,"Evaluation, Computer software, Software measurement, Software engineering, General Evaluation, Computer software, Software measurement, Software engineering, General No description available.",3
Software Craftsmanship,Software Craftsmanship,Pete McBreen,0.0,0,https://covers.openlibrary.org/b/id/136075-L.jpg,https://openlibrary.org/works/OL8021839W,198,"Development, Computer software, Computer software, development",No description available.,open_library_api,"Development, Computer software, Computer software, development Development, Computer software, Computer software, development No description available.",9
The Book of JavaScript,The Book of JavaScript,Dave Thau,0.0,0,https://covers.openlibrary.org/b/id/933814-L.jpg,https://openlibrary.org/works/OL8904470W,447,"JavaScript (Computer program language), Java (computer program language), Javascript (computer program language)",No description available.,open_library_api,"JavaScript (Computer program language), Java (computer program language), Javascript (computer program language) JavaScript (Computer program language), Java (computer program language), Javascript (computer program language) No description available.",2
Programming JavaScript Applications,Programming JavaScript Applications,Eric Elliott,0.0,0,https://images.unsplash.com/photo-1543002588-bfa74002ed7e?q=80&w=300&auto=format&fit=crop,https://openlibrary.org/works/OL27069471W,437,Javascript (computer program language),No description available.,open_library_api,Javascript (computer program language) Javascript (computer program language) No description available.,2
Head First Java Script Programming,Head First Java Script Programming,Eric Freeman,0.0,0,https://covers.openlibrary.org/b/id/12772880-L.jpg,https://openlibrary.org/works/OL17357760W,704,"JavaScript (Computer program language), Javascript (computer program language), Html (document markup language), Internet programming, Web site development",No description available.,open_library_api,"JavaScript (Computer program language), Javascript (computer program language), Html (document markup language), Internet programming, Web site development JavaScript (Computer program language), Javascript (computer program language), Html (document markup language), Internet programming, Web site development No description available.",3
Java Script Introductory Concepts and Techniques,Java Script Introductory Concepts and Techniques,Gary B. Shelly,0.0,0,https://covers.openlibrary.org/b/id/12960894-L.jpg,https://openlibrary.org/works/OL758276W,208,"JavaScript (Computer program language), JavaScript (Langage de programmation)",No description available.,open_library_api,"JavaScript (Computer program language), JavaScript (Langage de programmation) JavaScript (Computer program language), JavaScript (Langage de programmation) No description available.",2
JavaScript - Comprehensive,JavaScript - Comprehensive,Gosselin,0.0,0,https://covers.openlibrary.org/b/id/395272-L.jpg,https://openlibrary.org/works/OL8220568W,720,"JavaScript, JavaScript (Computer program language)",No description available.,open_library_api,"JavaScript, JavaScript (Computer program language) JavaScript, JavaScript (Computer program language) No description available.",2
Android application development all-in-one for dummies,Android application development all-in-one for dummies,Barry Burd,0.0,0,https://covers.openlibrary.org/b/id/12525402-L.jpg,https://openlibrary.org/works/OL20011293W,760,"Development, Smartphones, Design, Application software, Mobile computing","Android is everywhere, and Burd shows you how to get your piece of the action. This all-in-one guide to creating great apps for this booming market takes you from groundwork through the essentials common to every app, to actually marketing your apps and learning advanced techniques involving C and C++.",open_library_api,"Development, Smartphones, Design, Application software, Mobile computing Development, Smartphones, Design, Application software, Mobile computing Android is everywhere, and Burd shows you how to get your piece of the action. This all-in-one guide to creating great apps for this booming market takes you from groundwork through the essentials common to every app, to actually marketing your apps and learning advanced techniques involving C and C++.",3
Producing Open Source Software,Producing Open Source Software,Karl Fogel,0.0,0,https://covers.openlibrary.org/b/id/388989-L.jpg,https://openlibrary.org/works/OL8167441W,291,"Computer software, Development, Open source software, Computer software, development",No description available.,open_library_api,"Computer software, Development, Open source software, Computer software, development Computer software, Development, Open source software, Computer software, development No description available.",9
Starting out with Python,Starting out with Python,Tony Gaddis,0.0,0,https://covers.openlibrary.org/b/id/2384057-L.jpg,https://openlibrary.org/works/OL5825093W,482,"Python (Computer program language), Python (computer program language)",No description available.,open_library_api,"Python (Computer program language), Python (computer program language) Python (Computer program language), Python (computer program language) No description available.",9
Intro to Python for Computer Science and Data Science,Intro to Python for Computer Science and Data Science,Paul J. Deitel,0.0,0,https://covers.openlibrary.org/b/id/15112914-L.jpg,https://openlibrary.org/works/OL19541895W,880,Python (computer program language),No description available.,open_library_api,Python (computer program language) Python (computer program language) No description available.,3
Beginning Python,Beginning Python,James R. Payne,0.0,0,https://covers.openlibrary.org/b/id/6438264-L.jpg,https://openlibrary.org/works/OL15181426W,624,"Computer Technology, Nonfiction, Python (computer program language), Python (Langage de programmation), COMPUTERS","Beginning Python: Using Python 2.6 and Python 3.1 introduces this open source, portable, interpreted, object-oriented programming language that combines remarkable power with clear syntax. This book enables you to quickly create robust, reliable, and reusable Python applications by teaching the basics so you can quickly develop Web and scientific applications, incorporate databases, and master systems tasks on various operating systems, including Linux, MAC OS, and Windows. You'll get a comprehensive tutorial that guides you from writing simple, basic Python scripts all the way through complex concepts, and also features a reference of the standard modules with examples illustrating how to implement features in the various modules. Plus, the book covers using Python in specific program development domains, such as XML, databases, scientific applications, network programming, and Web development.",open_library_api,"Computer Technology, Nonfiction, Python (computer program language), Python (Langage de programmation), COMPUTERS Computer Technology, Nonfiction, Python (computer program language), Python (Langage de programmation), COMPUTERS Beginning Python: Using Python 2.6 and Python 3.1 introduces this open source, portable, interpreted, object-oriented programming language that combines remarkable power with clear syntax. This book enables you to quickly create robust, reliable, and reusable Python applications by teaching the basics so you can quickly develop Web and scientific applications, incorporate databases, and master systems tasks on various operating systems, including Linux, MAC OS, and Windows. You'll get a comprehensive tutorial that guides you from writing simple, basic Python scripts all the way through complex concepts, and also features a reference of the standard modules with examples illustrating how to implement features in the various modules. Plus, the book covers using Python in specific program development domains, such as XML, databases, scientific applications, network programming, and Web development.",3
Learn More Python 3 the Hard Way: The Next Step for New Python Programmers (Zed Shaw's Hard Way Series),Learn More Python 3 the Hard Way: The Next Step for New Python Programmers (Zed Shaw's Hard Way Series),Zed Shaw,0.0,0,https://covers.openlibrary.org/b/id/8510064-L.jpg,https://openlibrary.org/works/OL19543605W,236,"Python (Computer program language), Problems, exercises, Computer programming, Python (computer program language), MATHEMATICS / General",No description available.,open_library_api,"Python (Computer program language), Problems, exercises, Computer programming, Python (computer program language), MATHEMATICS / General Python (Computer program language), Problems, exercises, Computer programming, Python (computer program language), MATHEMATICS / General No description available.",9
Learning Patterns,Learning Patterns,Lydia Hallie,0.0,0,https://covers.openlibrary.org/b/id/12458319-L.jpg,https://openlibrary.org/works/OL26438149W,434,"JavaScript, Programming, Design patterns, Architecture, React",No description available.,open_library_api,"JavaScript, Programming, Design patterns, Architecture, React JavaScript, Programming, Design patterns, Architecture, React No description available.",9
"JavaScript, ¡inspírate!","JavaScript, ¡inspírate!",Ulises Gascón González,0.0,0,https://covers.openlibrary.org/b/id/8771605-L.jpg,https://openlibrary.org/works/OL20112262W,139,"Computer science, programming languages, JavaScript","Un libro de programación sencillo y divertido que nos muestra como programar en JavaScript, desde pseudocódigo hasta las peticiones AJAX.",open_library_api,"Computer science, programming languages, JavaScript Computer science, programming languages, JavaScript Un libro de programación sencillo y divertido que nos muestra como programar en JavaScript, desde pseudocódigo hasta las peticiones AJAX.",2
Python All-in-One For Dummies,Python All-in-One For Dummies,John Shovic,0.0,0,https://covers.openlibrary.org/b/id/9171103-L.jpg,https://openlibrary.org/works/OL20520768W,712,Python (computer program language),No description available.,open_library_api,Python (computer program language) Python (computer program language) No description available.,3
Python programming,Python programming,John M. Zelle,0.0,0,https://covers.openlibrary.org/b/id/935554-L.jpg,https://openlibrary.org/works/OL6037340W,528,Python (Computer program language),No description available.,open_library_api,Python (Computer program language) Python (Computer program language) No description available.,9
Engineering Software Products,Engineering Software Products,Ian Sommerville,0.0,0,https://covers.openlibrary.org/b/id/10171296-L.jpg,https://openlibrary.org/works/OL20857243W,432,"Software engineering, Computer software, development",No description available.,open_library_api,"Software engineering, Computer software, development Software engineering, Computer software, development No description available.",9
GitHub for Dummies,GitHub for Dummies,Sarah Guthals,0.0,0,https://covers.openlibrary.org/b/id/9171110-L.jpg,https://openlibrary.org/works/OL20520775W,368,"GitHub, Software development, Git, Computer software, development, Open source software","Once you've learned the basics of coding the next step is to start sharing your expertise, learning from other coding pros, or working as a collaborative member of development teams. GitHub is the go-to community for facilitating coding collaboration, and *GitHub for Dummies* is the next step on your journey as a developer. Written by a GitHub engineer, this book is packed with insight on how GitHub works and how you can use it to become a more effective, efficient, and valuable member of any collaborative programming team.",open_library_api,"GitHub, Software development, Git, Computer software, development, Open source software GitHub, Software development, Git, Computer software, development, Open source software Once you've learned the basics of coding the next step is to start sharing your expertise, learning from other coding pros, or working as a collaborative member of development teams. GitHub is the go-to community for facilitating coding collaboration, and *GitHub for Dummies* is the next step on your journey as a developer. Written by a GitHub engineer, this book is packed with insight on how GitHub works and how you can use it to become a more effective, efficient, and valuable member of any collaborative programming team.",9
Threat modeling,Threat modeling,Adam Shostack,0.0,0,https://covers.openlibrary.org/b/id/10643659-L.jpg,https://openlibrary.org/works/OL19978521W,624,"Development, Computer networks, Security measures, Computer security, Computer software","""Adam Shostack is responsible for security development lifecycle threat modeling at Microsoft and is one of a handful of threat modeling experts in the world. Now, he is sharing his considerable expertise into this unique book. With pages of specific actionable advice, he details how to build better security into the design of systems, software, or services from the outset. You'll explore various threat modeling approaches, find out how to test your designs against threats, and learn effective ways to address threats that have been validated at Microsoft and other top companies.""--",open_library_api,"Development, Computer networks, Security measures, Computer security, Computer software Development, Computer networks, Security measures, Computer security, Computer software ""Adam Shostack is responsible for security development lifecycle threat modeling at Microsoft and is one of a handful of threat modeling experts in the world. Now, he is sharing his considerable expertise into this unique book. With pages of specific actionable advice, he details how to build better security into the design of systems, software, or services from the outset. You'll explore various threat modeling approaches, find out how to test your designs against threats, and learn effective ways to address threats that have been validated at Microsoft and other top companies.""--",3
Sams teach yourself JavaScript 1.3 in 24 hours,Sams teach yourself JavaScript 1.3 in 24 hours,Michael G. Moncur,0.0,0,https://covers.openlibrary.org/b/id/410413-L.jpg,https://openlibrary.org/works/OL53613W,328,"JavaScript (Computer program language), World Wide Web, Javascript (computer program language), JavaScript (Langage de programmation), COMPUTERS",No description available.,open_library_api,"JavaScript (Computer program language), World Wide Web, Javascript (computer program language), JavaScript (Langage de programmation), COMPUTERS JavaScript (Computer program language), World Wide Web, Javascript (computer program language), JavaScript (Langage de programmation), COMPUTERS No description available.",2
JavaScript for Absolute Beginners,JavaScript for Absolute Beginners,Terry McNavage,0.0,0,https://covers.openlibrary.org/b/id/8680285-L.jpg,https://openlibrary.org/works/OL16929785W,504,"Computer science, Handbooks, manuals, JavaScript (Computer program language), Javascript (computer program language)",No description available.,open_library_api,"Computer science, Handbooks, manuals, JavaScript (Computer program language), Javascript (computer program language) Computer science, Handbooks, manuals, JavaScript (Computer program language), Javascript (computer program language) No description available.",2
JavaScript for dummies quick reference,JavaScript for dummies quick reference,Emily A. Vander Veer,0.0,0,https://covers.openlibrary.org/b/id/520132-L.jpg,https://openlibrary.org/works/OL2765865W,224,"World Wide Web, JavaScript (Computer program language), Javascript (computer program language), World wide web",No description available.,open_library_api,"World Wide Web, JavaScript (Computer program language), Javascript (computer program language), World wide web World Wide Web, JavaScript (Computer program language), Javascript (computer program language), World wide web No description available.",2
Pro JavaScript Techniques,Pro JavaScript Techniques,John Paxton,0.0,0,https://covers.openlibrary.org/b/id/7892888-L.jpg,https://openlibrary.org/works/OL17608068W,204,"JavaScript (Computer program language), Javascript (computer program language)",No description available.,open_library_api,"JavaScript (Computer program language), Javascript (computer program language) JavaScript (Computer program language), Javascript (computer program language) No description available.",2
Javascript The Complete Reference,Javascript The Complete Reference,Thomas Powell,0.0,0,https://covers.openlibrary.org/b/id/7690800-L.jpg,https://openlibrary.org/works/OL17494504W,437,JavaScript (Computer program language),No description available.,open_library_api,JavaScript (Computer program language) JavaScript (Computer program language) No description available.,2
Next.js Quick Start Guide: Server-side rendering done right,Next.js Quick Start Guide: Server-side rendering done right,Kirill Konshin,0.0,0,https://covers.openlibrary.org/b/id/8511342-L.jpg,https://openlibrary.org/works/OL19545090W,164,"Javascript (computer program language), Application software, development",No description available.,open_library_api,"Javascript (computer program language), Application software, development Javascript (computer program language), Application software, development No description available.",2
Professional NodeJs,Professional NodeJs,Pedro Teixeira,0.0,0,https://covers.openlibrary.org/b/id/7802711-L.jpg,https://openlibrary.org/works/OL17550544W,408,"Node.js, Internet programming, Javascript (computer program language), Scripting languages",No description available.,open_library_api,"Node.js, Internet programming, Javascript (computer program language), Scripting languages Node.js, Internet programming, Javascript (computer program language), Scripting languages No description available.",2
"Beginning HTML, XHTML, CSS, and JavaScript","Beginning HTML, XHTML, CSS, and JavaScript",Jon Duckett,0.0,0,https://covers.openlibrary.org/b/id/6448175-L.jpg,https://openlibrary.org/works/OL15191421W,849,"Computer Technology, Nonfiction, Html (document markup language), Javascript (computer program language), Xhtml (document markup language)","An essential update to the key web authoring standards of HTML, XHTML, and CSSThe existence of Web pages depends on three vital technologies: HTML (base language that Web pages are written in), XHTML (standards that define how to write HTML pages), and CSS (standard that applies formatting styles to Web pages). This new edition provides you with critical coverage of these three Web authoring standards, and places special focus on the upcoming releases of HTML 5 and CSS 3.Serving as a tutorial and reference, this comprehensive resource explains the basic structure and necessary formatting to create a static (non-changing) and dynamic (changing) page on the Internet.Coverage includes:Creating Content with HTMLMarkup LanguagesHTML Values and UnitsWhat Goes into a Web Document?The HEAD ElementsText Structuring EssentialsCharacter Formatting EssentialsLists, Links, Tables, Frames, and FormsMultimediaDynamic HTMLHTML Tools and VariantsWeb Development SoftwarePublishing Your SiteAn Introduction To XMLCreating Mobile DocumentsTidying and Validating Your DocumentsControlling Presentation with CSSStyle DefinitionsCSS Values and UnitsCSS Inheritance and CascadeFont PropertiesText FormattingPadding, Margins, and BordersColors and BackgroundsCSS LayoutsPseudo-Elements and Generated ContentDynamic HTML with CSSMedia Styles and Defining Documents for PrintingThe Future of CSS: CSS3User Interface StylesTesting and Validating CSSHTML, XHTML, and CSS Tips and TricksHelpful examples round out this essential guide and will get you up and running with HTML, XHMTL, and CSS in no time!Note: CD-ROM/DVD and other supplementary materials are not included as part of eBook file.Note: CD-ROM/DVD and other supplementary materials are not included.",open_library_api,"Computer Technology, Nonfiction, Html (document markup language), Javascript (computer program language), Xhtml (document markup language) Computer Technology, Nonfiction, Html (document markup language), Javascript (computer program language), Xhtml (document markup language) An essential update to the key web authoring standards of HTML, XHTML, and CSSThe existence of Web pages depends on three vital technologies: HTML (base language that Web pages are written in), XHTML (standards that define how to write HTML pages), and CSS (standard that applies formatting styles to Web pages). This new edition provides you with critical coverage of these three Web authoring standards, and places special focus on the upcoming releases of HTML 5 and CSS 3.Serving as a tutorial and reference, this comprehensive resource explains the basic structure and necessary formatting to create a static (non-changing) and dynamic (changing) page on the Internet.Coverage includes:Creating Content with HTMLMarkup LanguagesHTML Values and UnitsWhat Goes into a Web Document?The HEAD ElementsText Structuring EssentialsCharacter Formatting EssentialsLists, Links, Tables, Frames, and FormsMultimediaDynamic HTMLHTML Tools and VariantsWeb Development SoftwarePublishing Your SiteAn Introduction To XMLCreating Mobile DocumentsTidying and Validating Your DocumentsControlling Presentation with CSSStyle DefinitionsCSS Values and UnitsCSS Inheritance and CascadeFont PropertiesText FormattingPadding, Margins, and BordersColors and BackgroundsCSS LayoutsPseudo-Elements and Generated ContentDynamic HTML with CSSMedia Styles and Defining Documents for PrintingThe Future of CSS: CSS3User Interface StylesTesting and Validating CSSHTML, XHTML, and CSS Tips and TricksHelpful examples round out this essential guide and will get you up and running with HTML, XHMTL, and CSS in no time!Note: CD-ROM/DVD and other supplementary materials are not included as part of eBook file.Note: CD-ROM/DVD and other supplementary materials are not included.",3
Learning React Native: Building Native Mobile Apps with JavaScript,Learning React Native: Building Native Mobile Apps with JavaScript,Bonnie Eisenman,0.0,0,https://covers.openlibrary.org/b/id/8508886-L.jpg,https://openlibrary.org/works/OL19542865W,242,"Mobile apps, JavaScript (Computer program language), Javascript (computer program language), Application software",No description available.,open_library_api,"Mobile apps, JavaScript (Computer program language), Javascript (computer program language), Application software Mobile apps, JavaScript (Computer program language), Javascript (computer program language), Application software No description available.",2
"Murach's JavaScript, 2nd Edition","Murach's JavaScript, 2nd Edition",Mary Delamater,0.0,0,https://covers.openlibrary.org/b/id/8965687-L.jpg,https://openlibrary.org/works/OL20305751W,630,"JavaScript (Computer program language), JavaScript, Websites, Javascript (computer program language)",No description available.,open_library_api,"JavaScript (Computer program language), JavaScript, Websites, Javascript (computer program language) JavaScript (Computer program language), JavaScript, Websites, Javascript (computer program language) No description available.",2
JavaScript for Sound Artists,JavaScript for Sound Artists,William Turner,0.0,0,https://covers.openlibrary.org/b/id/13652347-L.jpg,https://openlibrary.org/works/OL21316007W,242,"Computer sound processing, Javascript (computer program language), Webcasting, JavaScript (Computer program language), Son",No description available.,open_library_api,"Computer sound processing, Javascript (computer program language), Webcasting, JavaScript (Computer program language), Son Computer sound processing, Javascript (computer program language), Webcasting, JavaScript (Computer program language), Son No description available.",2
Node.js Design Patterns - Second Edition: Master best practices to build modular and scalable server-side web applications,Node.js Design Patterns - Second Edition: Master best practices to build modular and scalable server-side web applications,Mario Casciaro,0.0,0,https://covers.openlibrary.org/b/id/8512794-L.jpg,https://openlibrary.org/works/OL19546739W,526,Javascript (computer program language),No description available.,open_library_api,Javascript (computer program language) Javascript (computer program language) No description available.,2
Mastering React Native,Mastering React Native,Eric Masiello,0.0,0,https://covers.openlibrary.org/b/id/8512284-L.jpg,https://openlibrary.org/works/OL19546186W,496,Javascript (computer program language),No description available.,open_library_api,Javascript (computer program language) Javascript (computer program language) No description available.,2
"Node.js Web Development: Create real-time server-side applications with this practical, step-by-step guide, 3rd Edition","Node.js Web Development: Create real-time server-side applications with this practical, step-by-step guide, 3rd Edition",David Herron,0.0,0,https://covers.openlibrary.org/b/id/8511954-L.jpg,https://openlibrary.org/works/OL19545796W,376,"JavaScript (Computer program language), Web site development, JavaScript (Langage de programmation), Sites Web, Développement",No description available.,open_library_api,"JavaScript (Computer program language), Web site development, JavaScript (Langage de programmation), Sites Web, Développement JavaScript (Computer program language), Web site development, JavaScript (Langage de programmation), Sites Web, Développement No description available.",2
A Smarter Way to Learn JavaScript. The new tech-assisted approach that requires half the effort,A Smarter Way to Learn JavaScript. The new tech-assisted approach that requires half the effort,Mark Myers,0.0,0,https://covers.openlibrary.org/b/id/8513204-L.jpg,https://openlibrary.org/works/OL19547098W,254,"World Wide Web, Web site development, Web servers, JavaScript (Computer program language)",No description available.,open_library_api,"World Wide Web, Web site development, Web servers, JavaScript (Computer program language) World Wide Web, Web site development, Web servers, JavaScript (Computer program language) No description available.",9
"MERN Quick Start Guide: Build web applications with MongoDB, Express.js, React, and Node","MERN Quick Start Guide: Build web applications with MongoDB, Express.js, React, and Node",Eddy Wilson Iriarte Koroliova,0.0,0,https://covers.openlibrary.org/b/id/8508792-L.jpg,https://openlibrary.org/works/OL19542767W,302,"Application software, development, Javascript (computer program language)",No description available.,open_library_api,"Application software, development, Javascript (computer program language) Application software, development, Javascript (computer program language) No description available.",2
Advanced JavaScript,Advanced JavaScript,Dan Livingston,0.0,0,https://covers.openlibrary.org/b/id/83421-L.jpg,https://openlibrary.org/works/OL5956364W,592,JavaScript (Computer program language),No description available.,open_library_api,JavaScript (Computer program language) JavaScript (Computer program language) No description available.,2
Mastering JavaScript,Mastering JavaScript,Jamie Jaworski,0.0,0,https://covers.openlibrary.org/b/id/1462809-L.jpg,https://openlibrary.org/works/OL511484W,1085,"Internet, JavaScript (Computer program language), Netscape Communicator",No description available.,open_library_api,"Internet, JavaScript (Computer program language), Netscape Communicator Internet, JavaScript (Computer program language), Netscape Communicator No description available.",7
"Aprender HTML5, CSS3 y Javascript con 100 ejercicios prácticos","Aprender HTML5, CSS3 y Javascript con 100 ejercicios prácticos",Media Active,0.0,0,https://covers.openlibrary.org/b/id/12629885-L.jpg,https://openlibrary.org/works/OL27297959W,213,"HTML (Lenguaje de marcas), Hojas de estilo en cascada, JavaScript (lenguaje de programación), JavaScript (Lenguaje de programación)",No description available.,open_library_api,"HTML (Lenguaje de marcas), Hojas de estilo en cascada, JavaScript (lenguaje de programación), JavaScript (Lenguaje de programación) HTML (Lenguaje de marcas), Hojas de estilo en cascada, JavaScript (lenguaje de programación), JavaScript (Lenguaje de programación) No description available.",9
Maintainable JavaScript,Maintainable JavaScript,Nicholas C. Zakas,0.0,0,https://covers.openlibrary.org/b/id/7268394-L.jpg,https://openlibrary.org/works/OL16810512W,242,"JavaScript (Computer program language), Javascript (computer program language)",No description available.,open_library_api,"JavaScript (Computer program language), Javascript (computer program language) JavaScript (Computer program language), Javascript (computer program language) No description available.",2
Succeeding with agile,Succeeding with agile,Mike Cohn,0.0,0,https://covers.openlibrary.org/b/id/6307835-L.jpg,https://openlibrary.org/works/OL15326685W,475,"Agile software development, Scrum (Computer software development), Computer software, development, Scrum (computer software development)",No description available.,open_library_api,"Agile software development, Scrum (Computer software development), Computer software, development, Scrum (computer software development) Agile software development, Scrum (Computer software development), Computer software, development, Scrum (computer software development) No description available.",9
Learning JavaScript,Learning JavaScript,Ethan Brown,0.0,0,https://covers.openlibrary.org/b/id/7443810-L.jpg,https://openlibrary.org/works/OL2771689W,335,"jQuery, node, JavaScript (Computer program language), JavaScript libraries, ECMAScript",A tour of ECMAScript 6.,open_library_api,"jQuery, node, JavaScript (Computer program language), JavaScript libraries, ECMAScript jQuery, node, JavaScript (Computer program language), JavaScript libraries, ECMAScript A tour of ECMAScript 6.",2
Vue.js in Action,Vue.js in Action,Erik Hanchett,0.0,0,https://covers.openlibrary.org/b/id/8507951-L.jpg,https://openlibrary.org/works/OL19542163W,340,"Programming, Vue.js (Javascript framework), Web applications, Web site development, JavaScript (Computer program language)",No description available.,open_library_api,"Programming, Vue.js (Javascript framework), Web applications, Web site development, JavaScript (Computer program language) Programming, Vue.js (Javascript framework), Web applications, Web site development, JavaScript (Computer program language) No description available.",2
Essentials of Software Engineering,Essentials of Software Engineering,Frank Tsui,0.0,0,https://covers.openlibrary.org/b/id/8514309-L.jpg,https://openlibrary.org/works/OL19547794W,331,Software engineering,No description available.,open_library_api,Software engineering Software engineering No description available.,9
You Don't Know JS Yet,You Don't Know JS Yet,Kyle Simpson,0.0,0,https://covers.openlibrary.org/b/id/12539693-L.jpg,https://openlibrary.org/works/OL27032590W,437,"JavaScript, programming, coding language",No description available.,open_library_api,"JavaScript, programming, coding language JavaScript, programming, coding language No description available.",2
"Introduction to Computation and Programming Using Python, third edition","Introduction to Computation and Programming Using Python, third edition",John V. Guttag,0.0,0,https://covers.openlibrary.org/b/id/10549695-L.jpg,https://openlibrary.org/works/OL24150725W,496,"Mathematics, Python (Computer program language), Textbooks, Computer programming",No description available.,open_library_api,"Mathematics, Python (Computer program language), Textbooks, Computer programming Mathematics, Python (Computer program language), Textbooks, Computer programming No description available.",9
Applied software architecture,Applied software architecture,Christine Hofmeister,0.0,0,https://covers.openlibrary.org/b/id/134384-L.jpg,https://openlibrary.org/works/OL19827381W,397,"Development, Software architecture, Computerarchitectuur, Programmatuurtechniek, Application software",No description available.,open_library_api,"Development, Software architecture, Computerarchitectuur, Programmatuurtechniek, Application software Development, Software architecture, Computerarchitectuur, Programmatuurtechniek, Application software No description available.",9
A Smarter Way to Learn Python,A Smarter Way to Learn Python,Mark Myers,0.0,0,https://covers.openlibrary.org/b/id/12375745-L.jpg,https://openlibrary.org/works/OL26419632W,236,Python (Computer program language),No description available.,open_library_api,Python (Computer program language) Python (Computer program language) No description available.,9
Introducing Python,Introducing Python,Bill Lubanovic,0.0,0,https://covers.openlibrary.org/b/id/7503511-L.jpg,https://openlibrary.org/works/OL17400331W,630,"Development, Python (Computer program language), Application software, Python (Langage de programmation), Logiciels d'application","**Revision History for the First Edition**

 - 2014-11-07: First release
 - 2015-02-20: Second release
 - 2016-02-26: Third release",open_library_api,"Development, Python (Computer program language), Application software, Python (Langage de programmation), Logiciels d'application Development, Python (Computer program language), Application software, Python (Langage de programmation), Logiciels d'application **Revision History for the First Edition**

 - 2014-11-07: First release
 - 2015-02-20: Second release
 - 2016-02-26: Third release",3
Let Us Python,Let Us Python,Yashavant Kanetkar,0.0,0,https://images.unsplash.com/photo-1543002588-bfa74002ed7e?q=80&w=300&auto=format&fit=crop,https://openlibrary.org/works/OL27484186W,359,"Python, Object oriented, Open source, Professional, career & trade -> computer science -> python, Professional, career & trade -> computer science -> programming languages (jr/sr)",No description available.,open_library_api,"Python, Object oriented, Open source, Professional, career & trade -> computer science -> python, Professional, career & trade -> computer science -> programming languages (jr/sr) Python, Object oriented, Open source, Professional, career & trade -> computer science -> python, Professional, career & trade -> computer science -> programming languages (jr/sr) No description available.",9
JavaScript Cookbook,JavaScript Cookbook,Shelley Powers,0.0,0,https://covers.openlibrary.org/b/id/8513323-L.jpg,https://openlibrary.org/works/OL16941971W,634,"JAVASCRIPT, JavaScript (Computer program language), Mathematics",Annotation,open_library_api,"JAVASCRIPT, JavaScript (Computer program language), Mathematics JAVASCRIPT, JavaScript (Computer program language), Mathematics Annotation",2
The Professional Product Owner,The Professional Product Owner,Don McGreal,0.0,0,https://covers.openlibrary.org/b/id/8814896-L.jpg,https://openlibrary.org/works/OL20168650W,384,"Agile software development, Scrum (computer software development), Computer software, development",No description available.,open_library_api,"Agile software development, Scrum (computer software development), Computer software, development Agile software development, Scrum (computer software development), Computer software, development No description available.",9
React and React Native,React and React Native,Adam Boduch,0.0,0,https://covers.openlibrary.org/b/id/8512119-L.jpg,https://openlibrary.org/works/OL19545984W,517,"Application software, development",No description available.,open_library_api,"Application software, development Application software, development No description available.",9
Professional JavaScript for Web developers,Professional JavaScript for Web developers,Nicholas C. Zakas,0.0,0,https://covers.openlibrary.org/b/id/10724347-L.jpg,https://openlibrary.org/works/OL5841457W,744,"Web site development, JavaScript (Computer program language), Computer Technology, Nonfiction, JavaScript","Professional JavaScript for Web Developers, 2nd Edition, provides a developer-level introduction along with the more advanced and useful features of JavaScript.   Starting at the beginning, the book explores how JavaScript originated and evolved into what it is today. A detailed discussion of the components that make up a JavaScript implementation follows, with specific focus on standards such as ECMAScript and the Document Object Model (DOM). The differences in JavaScript implementations used in different popular web browsers are also discussed.   Building on that base, the book moves on to cover basic concepts of JavaScript including its version of object-oriented programming, inheritance, and its use in various markup languages such as HTML. An in-depth examination of events and event handling is followed by an exploration of browser detection techniques and a guide to using regular expressions in JavaScript. The book then takes all this knowledge and applies it to creating dynamic user interfaces.   The last part of the book is focused on advanced topics, including performance/memory optimization, best practices, and a look at where JavaScript is going in the future.   This book is aimed at three groups of readers:      Experienced developers familiar with object-oriented programming who are looking to learn JavaScript as it relates to traditional OO languages such as Java and C++    Web application developers attempting to enhance the usability of their web sites and web applications    Novice JavaScript developers aiming to better understand the language     In addition, familiarity with the following related technologies is a strong indicator that this book is for you:      Java    PHP    ASP.NET    HTML    CSS    XML     This book is not aimed at beginners who lack a basic computer science background or those looking to add some simple user interactions to web sites. These readers should instead refer to Wrox's Beginning JavaScript, 3rd Edition (Wiley, 2007).   This book covers:      What Is JavaScript?--Explains the origins of JavaScript: where it came from, how it evolved, and what it is today. Concepts introduced include the relationship between JavaScript and ECMAScript, the Document Object Model (DOM), and the Browser Object Model (BOM). A discussion of the relevant standards from the European Computer Manufacturer's Association (ECMA) and the World Wide Web Consortium (W3C) is also included.    JavaScript in HTML--Examines how JavaScript is used in conjunction with HTML to create dynamic web pages. Introduces the various ways of embedding JavaScript into a page, including a discussion surrounding the JavaScript content-type and its relationship to the element.    Language Basics--Introduces basic language concepts, including syntax and flow control statements. Explains the syntactic similarities of JavaScript and other C-based languages and points out the differences. Type coercion is introduced as it relates to built-in operators.    Variables, Scope, and Memory--Explores how variables are handled in JavaScript given their loosely typed nature. A discussion about the differences between primitive and reference values is included, as is information about execution context as it relates to varia...",open_library_api,"Web site development, JavaScript (Computer program language), Computer Technology, Nonfiction, JavaScript Web site development, JavaScript (Computer program language), Computer Technology, Nonfiction, JavaScript Professional JavaScript for Web Developers, 2nd Edition, provides a developer-level introduction along with the more advanced and useful features of JavaScript.   Starting at the beginning, the book explores how JavaScript originated and evolved into what it is today. A detailed discussion of the components that make up a JavaScript implementation follows, with specific focus on standards such as ECMAScript and the Document Object Model (DOM). The differences in JavaScript implementations used in different popular web browsers are also discussed.   Building on that base, the book moves on to cover basic concepts of JavaScript including its version of object-oriented programming, inheritance, and its use in various markup languages such as HTML. An in-depth examination of events and event handling is followed by an exploration of browser detection techniques and a guide to using regular expressions in JavaScript. The book then takes all this knowledge and applies it to creating dynamic user interfaces.   The last part of the book is focused on advanced topics, including performance/memory optimization, best practices, and a look at where JavaScript is going in the future.   This book is aimed at three groups of readers:      Experienced developers familiar with object-oriented programming who are looking to learn JavaScript as it relates to traditional OO languages such as Java and C++    Web application developers attempting to enhance the usability of their web sites and web applications    Novice JavaScript developers aiming to better understand the language     In addition, familiarity with the following related technologies is a strong indicator that this book is for you:      Java    PHP    ASP.NET    HTML    CSS    XML     This book is not aimed at beginners who lack a basic computer science background or those looking to add some simple user interactions to web sites. These readers should instead refer to Wrox's Beginning JavaScript, 3rd Edition (Wiley, 2007).   This book covers:      What Is JavaScript?--Explains the origins of JavaScript: where it came from, how it evolved, and what it is today. Concepts introduced include the relationship between JavaScript and ECMAScript, the Document Object Model (DOM), and the Browser Object Model (BOM). A discussion of the relevant standards from the European Computer Manufacturer's Association (ECMA) and the World Wide Web Consortium (W3C) is also included.    JavaScript in HTML--Examines how JavaScript is used in conjunction with HTML to create dynamic web pages. Introduces the various ways of embedding JavaScript into a page, including a discussion surrounding the JavaScript content-type and its relationship to the element.    Language Basics--Introduces basic language concepts, including syntax and flow control statements. Explains the syntactic similarities of JavaScript and other C-based languages and points out the differences. Type coercion is introduced as it relates to built-in operators.    Variables, Scope, and Memory--Explores how variables are handled in JavaScript given their loosely typed nature. A discussion about the differences between primitive and reference values is included, as is information about execution context as it relates to varia...",3
Python Algorithms,Python Algorithms,Magnus Lie Hetland,0.0,0,https://covers.openlibrary.org/b/id/8712014-L.jpg,https://openlibrary.org/works/OL16127158W,326,"Computer algorithms, Python (Computer program language), Python (computer program language)",No description available.,open_library_api,"Computer algorithms, Python (Computer program language), Python (computer program language) Computer algorithms, Python (Computer program language), Python (computer program language) No description available.",9
Software engineering economics,Software engineering economics,Barry W. Boehm,0.0,0,https://covers.openlibrary.org/b/id/92137-L.jpg,https://openlibrary.org/works/OL6034830W,767,"Economic aspects, Economic aspects of Software engineering, Software engineering, Computer programs, design, Computer programming",No description available.,open_library_api,"Economic aspects, Economic aspects of Software engineering, Software engineering, Computer programs, design, Computer programming Economic aspects, Economic aspects of Software engineering, Software engineering, Computer programs, design, Computer programming No description available.",3
Python 3,Python 3,James R. Parker,0.0,0,https://covers.openlibrary.org/b/id/14767703-L.jpg,https://openlibrary.org/works/OL21152591W,250,"Python (computer program language), Python (Computer program language), Computer programming, Computer games, Programming",No description available.,open_library_api,"Python (computer program language), Python (Computer program language), Computer programming, Computer games, Programming Python (computer program language), Python (Computer program language), Computer programming, Computer games, Programming No description available.",9
Software Technologies,Software Technologies,Andreas Holzinger,0.0,0,https://covers.openlibrary.org/b/id/9413903-L.jpg,https://openlibrary.org/works/OL20728939W,347,"Computer software, Software engineering, Computer software, development, Computer science, Computer simulation",No description available.,open_library_api,"Computer software, Software engineering, Computer software, development, Computer science, Computer simulation Computer software, Software engineering, Computer software, development, Computer science, Computer simulation No description available.",9
Learning Scientific Programming with Python,Learning Scientific Programming with Python,Christian Hill,0.0,0,https://covers.openlibrary.org/b/id/11404762-L.jpg,https://openlibrary.org/works/OL20028518W,501,"Science, Python (Computer program language), Data processing, Mathematics, Science, data processing","""Learn to master basic programming tasks from scratch with real-life scientifically relevant examples and solutions drawn from both science and engineering. Students and researchers at all levels are increasingly turning to the powerful Python programming language as an alternative to commercial packages and this fast-paced introduction moves from the basics to advanced concepts in one complete volume, enabling readers to quickly gain proficiency. Beginning with general programming concepts such as loops and functions within the core Python 3 language, and moving onto the NumPy, SciPy and Matplotlib libraries for numerical programming and data visualisation, this textbook also discusses the use of IPython notebooks to build rich-media, shareable documents for scientific analysis. Including a final chapter introducing challenging topics such as floating-point precision and algorithm stability, and with extensive online resources to support advanced study, this textbook represents a targeted package for students requiring a solid foundation in Python programming""--",open_library_api,"Science, Python (Computer program language), Data processing, Mathematics, Science, data processing Science, Python (Computer program language), Data processing, Mathematics, Science, data processing ""Learn to master basic programming tasks from scratch with real-life scientifically relevant examples and solutions drawn from both science and engineering. Students and researchers at all levels are increasingly turning to the powerful Python programming language as an alternative to commercial packages and this fast-paced introduction moves from the basics to advanced concepts in one complete volume, enabling readers to quickly gain proficiency. Beginning with general programming concepts such as loops and functions within the core Python 3 language, and moving onto the NumPy, SciPy and Matplotlib libraries for numerical programming and data visualisation, this textbook also discusses the use of IPython notebooks to build rich-media, shareable documents for scientific analysis. Including a final chapter introducing challenging topics such as floating-point precision and algorithm stability, and with extensive online resources to support advanced study, this textbook represents a targeted package for students requiring a solid foundation in Python programming""--",9
AntiPatterns,AntiPatterns,William J. Brown,0.0,0,https://covers.openlibrary.org/b/id/301919-L.jpg,https://openlibrary.org/works/OL18020823W,336,"Development, Software refactoring, Antipatterns (Software engineering), Reliability, Fehler",No description available.,open_library_api,"Development, Software refactoring, Antipatterns (Software engineering), Reliability, Fehler Development, Software refactoring, Antipatterns (Software engineering), Reliability, Fehler No description available.",9
Game Development Using Python,Game Development Using Python,James R. Parker,0.0,0,https://covers.openlibrary.org/b/id/9212008-L.jpg,https://openlibrary.org/works/OL20569937W,500,"Computer games, Programming, Python (Computer program language)",No description available.,open_library_api,"Computer games, Programming, Python (Computer program language) Computer games, Programming, Python (Computer program language) No description available.",9
Fundamentals of Computing,Fundamentals of Computing,Kamaljeet Sanghera,0.0,0,https://covers.openlibrary.org/b/id/2599874-L.jpg,https://openlibrary.org/works/OL9494537W,696,"Education, data processing, Electronic data processing, Computers, Computer science, Software engineering",No description available.,open_library_api,"Education, data processing, Electronic data processing, Computers, Computer science, Software engineering Education, data processing, Electronic data processing, Computers, Computer science, Software engineering No description available.",3
Practical DevOps,Practical DevOps,Joakim Verona,0.0,0,https://covers.openlibrary.org/b/id/12633159-L.jpg,https://openlibrary.org/works/OL27301695W,217,"Computer software, Development, COMPUTERS / Software Development & Engineering / General, Computer software, development",No description available.,open_library_api,"Computer software, Development, COMPUTERS / Software Development & Engineering / General, Computer software, development Computer software, Development, COMPUTERS / Software Development & Engineering / General, Computer software, development No description available.",9
Python Playground,Python Playground,Mahesh Venkitachalam,0.0,0,https://covers.openlibrary.org/b/id/10637438-L.jpg,https://openlibrary.org/works/OL21093399W,352,"Python (computer program language), Electric apparatus and appliances, Programmable controllers, Computer programming, Electronic apparatus and appliances",No description available.,open_library_api,"Python (computer program language), Electric apparatus and appliances, Programmable controllers, Computer programming, Electronic apparatus and appliances Python (computer program language), Electric apparatus and appliances, Programmable controllers, Computer programming, Electronic apparatus and appliances No description available.",9
Monty Python & the Holy Grail,Monty Python & the Holy Grail,Monty Python,0.0,0,https://covers.openlibrary.org/b/id/4699714-L.jpg,https://openlibrary.org/works/OL8088581W,196,"Monty python (comedy troupe), Motion pictures",Screenplay,open_library_api,"Monty python (comedy troupe), Motion pictures Monty python (comedy troupe), Motion pictures Screenplay",9
Monty Python's Big Red Book,Monty Python's Big Red Book,Monty Python,0.0,0,https://covers.openlibrary.org/b/id/261841-L.jpg,https://openlibrary.org/works/OL8088570W,64,"English wit and humor, Monty Python (Comedy troupe), Humor, general, Monty python (comedy troupe)",No description available.,open_library_api,"English wit and humor, Monty Python (Comedy troupe), Humor, general, Monty python (comedy troupe) English wit and humor, Monty Python (Comedy troupe), Humor, general, Monty python (comedy troupe) No description available.",9
JavaScript bible,JavaScript bible,Danny Goodman,0.0,0,https://covers.openlibrary.org/b/id/10724298-L.jpg,https://openlibrary.org/works/OL2040128W,1200,"Computer Technology, Handbooks, manuals, JavaScript (Computer program language), Nonfiction, Programming languages (Computers)","This new edition of the definitive guide to JavaScript has been revamped to cover the latest browsers, language updates, extensions, and JavaScript standards  Part tutorial and part reference, the book serves as a learning tool for building new JavaScript skills and a detailed reference for seasoned JavaScript developers  Danny Goodman's exclusive interactive workbench, The Evaluator, makes it easy to master JavaScript and DOM concepts  Offers deployment strategies that best suit the user's content goals and target audience  Bonus CD-ROM is packed with advanced content for the reader who wants to go an extra step    Note: CD-ROM/DVD and other supplementary materials are not included.",open_library_api,"Computer Technology, Handbooks, manuals, JavaScript (Computer program language), Nonfiction, Programming languages (Computers) Computer Technology, Handbooks, manuals, JavaScript (Computer program language), Nonfiction, Programming languages (Computers) This new edition of the definitive guide to JavaScript has been revamped to cover the latest browsers, language updates, extensions, and JavaScript standards  Part tutorial and part reference, the book serves as a learning tool for building new JavaScript skills and a detailed reference for seasoned JavaScript developers  Danny Goodman's exclusive interactive workbench, The Evaluator, makes it easy to master JavaScript and DOM concepts  Offers deployment strategies that best suit the user's content goals and target audience  Bonus CD-ROM is packed with advanced content for the reader who wants to go an extra step    Note: CD-ROM/DVD and other supplementary materials are not included.",7
Introduction to software engineering,Introduction to software engineering,Ronald J. Leach,0.0,0,https://covers.openlibrary.org/b/id/1595411-L.jpg,https://openlibrary.org/works/OL493186W,402,"Software engineering, Génie logiciel, COMPUTERS, Software Development & Engineering, General","""Introduction to Software Engineering presents the basics of software engineering in a concise and direct format. With emphasis on Internet technology, software tools for programming, and hands-on learning, this book effectively prepares readers to move from an educational situation towards applying their knowledge to the complex projects faced in the professional arena.""--BOOK JACKET.",open_library_api,"Software engineering, Génie logiciel, COMPUTERS, Software Development & Engineering, General Software engineering, Génie logiciel, COMPUTERS, Software Development & Engineering, General ""Introduction to Software Engineering presents the basics of software engineering in a concise and direct format. With emphasis on Internet technology, software tools for programming, and hands-on learning, this book effectively prepares readers to move from an educational situation towards applying their knowledge to the complex projects faced in the professional arena.""--BOOK JACKET.",9
JavaScript Absolute Beginner's Guide,JavaScript Absolute Beginner's Guide,Kirupa Chinnathambi,0.0,0,https://covers.openlibrary.org/b/id/8509497-L.jpg,https://openlibrary.org/works/OL19543260W,440,"Web site development, JavaScript (Computer program language), Javascript (computer program language), COMPUTERS, Programming Languages",No description available.,open_library_api,"Web site development, JavaScript (Computer program language), Javascript (computer program language), COMPUTERS, Programming Languages Web site development, JavaScript (Computer program language), Javascript (computer program language), COMPUTERS, Programming Languages No description available.",2
Head First Kotlin,Head First Kotlin,Dawn Griffiths,0.0,0,https://covers.openlibrary.org/b/id/8507773-L.jpg,https://openlibrary.org/works/OL19541997W,480,Javascript (computer program language),No description available.,open_library_api,Javascript (computer program language) Javascript (computer program language) No description available.,2
Software Requirements,Software Requirements,Karl Eugene Wiegers,0.0,0,https://covers.openlibrary.org/b/id/461026-L.jpg,https://openlibrary.org/works/OL8021845W,350,"Development, Computer software",No description available.,open_library_api,"Development, Computer software Development, Computer software No description available.",9
Web Scraping with Python,Web Scraping with Python,Ryan Mitchell,0.0,0,https://covers.openlibrary.org/b/id/7387255-L.jpg,https://openlibrary.org/works/OL17308344W,256,"Python (Computer program language), Automatic data collection systems, Data mining, Python (computer program language), Electronic data processing, distributed processing","Learn web scraping and crawling techniques to access unlimited data from any web source in any format. With this practical guide, you’ll learn how to use Python scripts and web APIs to gather and process data from thousands—or even millions—of web pages at once.

Ideal for programmers, security professionals, and web administrators familiar with Python, this book not only teaches basic web scraping mechanics, but also delves into more advanced topics, such as analyzing raw data or using scrapers for frontend website testing. Code samples are available to help you understand the concepts in practice.

    Learn how to parse complicated HTML pages
    Traverse multiple pages and sites
    Get a general overview of APIs and how they work
    Learn several methods for storing the data you scrape
    Download, read, and extract data from documents
    Use tools and techniques to clean badly formatted data
    Read and write natural languages
    Crawl through forms and logins
    Understand how to scrape JavaScript
    Learn image processing and text recognition

<h2>Printing History</h2>
<dl>
<dt>April 2018:</dt><dd>Second Edition</dd>
<dt>2018-03-20:</dt><dd>First Release</dd>
<dt>2018-11-21:</dt><dd>Second Release</dd>
</dl>",open_library_api,"Python (Computer program language), Automatic data collection systems, Data mining, Python (computer program language), Electronic data processing, distributed processing Python (Computer program language), Automatic data collection systems, Data mining, Python (computer program language), Electronic data processing, distributed processing Learn web scraping and crawling techniques to access unlimited data from any web source in any format. With this practical guide, you’ll learn how to use Python scripts and web APIs to gather and process data from thousands—or even millions—of web pages at once.

Ideal for programmers, security professionals, and web administrators familiar with Python, this book not only teaches basic web scraping mechanics, but also delves into more advanced topics, such as analyzing raw data or using scrapers for frontend website testing. Code samples are available to help you understand the concepts in practice.

    Learn how to parse complicated HTML pages
    Traverse multiple pages and sites
    Get a general overview of APIs and how they work
    Learn several methods for storing the data you scrape
    Download, read, and extract data from documents
    Use tools and techniques to clean badly formatted data
    Read and write natural languages
    Crawl through forms and logins
    Understand how to scrape JavaScript
    Learn image processing and text recognition

<h2>Printing History</h2>
<dl>
<dt>April 2018:</dt><dd>Second Edition</dd>
<dt>2018-03-20:</dt><dd>First Release</dd>
<dt>2018-11-21:</dt><dd>Second Release</dd>
</dl>",9
Beginning Programming with Python for Dummies,Beginning Programming with Python for Dummies,John Paul Mueller,0.0,0,https://covers.openlibrary.org/b/id/13320889-L.jpg,https://openlibrary.org/works/OL21616091W,412,Python (computer program language),No description available.,open_library_api,Python (computer program language) Python (computer program language) No description available.,9
The Practice of Computing Using Python,The Practice of Computing Using Python,William F. Punch,0.0,0,https://covers.openlibrary.org/b/id/10167739-L.jpg,https://openlibrary.org/works/OL20854618W,828,"Python (computer program language), Python (Computer program language), Computer programming",No description available.,open_library_api,"Python (computer program language), Python (Computer program language), Computer programming Python (computer program language), Python (Computer program language), Computer programming No description available.",3
Python Basics,Python Basics,Unknown Author,0.0,0,https://covers.openlibrary.org/b/id/8758915-L.jpg,https://openlibrary.org/works/OL20094082W,437,"Python, Programming, Financial markets, algorithmic trading, trading","The material presented here is a condensed introduction to Python and its data science related libraries such as NumPy, Pandas, and Matplotlib. The illustrative examples we use are associated with the financial markets.

We think it should also be useful to
- Anyone who wants a brief introduction to Python and the key components
of its data science stack, and
- Python programmers who want a quick refresher on using Python for
data analysis.

We do not expect any of our readers to have a formal background in computer science, although some familiarity with programming would be nice to have. The concepts and ideas here are covered with several examples to help connect theory to practice.",open_library_api,"Python, Programming, Financial markets, algorithmic trading, trading Python, Programming, Financial markets, algorithmic trading, trading The material presented here is a condensed introduction to Python and its data science related libraries such as NumPy, Pandas, and Matplotlib. The illustrative examples we use are associated with the financial markets.

We think it should also be useful to
- Anyone who wants a brief introduction to Python and the key components
of its data science stack, and
- Python programmers who want a quick refresher on using Python for
data analysis.

We do not expect any of our readers to have a formal background in computer science, although some familiarity with programming would be nice to have. The concepts and ideas here are covered with several examples to help connect theory to practice.",9
Understanding ECMAScript 6: The Definitive Guide for JavaScript Developers,Understanding ECMAScript 6: The Definitive Guide for JavaScript Developers,Nicholas C. Zakas,0.0,0,https://covers.openlibrary.org/b/id/8512695-L.jpg,https://openlibrary.org/works/OL19546642W,352,"Internet programming, JavaScript (Computer program language), Javascript (computer program language)",No description available.,open_library_api,"Internet programming, JavaScript (Computer program language), Javascript (computer program language) Internet programming, JavaScript (Computer program language), Javascript (computer program language) No description available.",2
Python Guide Documentation,Python Guide Documentation,Kenneth Reitz,0.0,0,https://covers.openlibrary.org/b/id/8138241-L.jpg,https://openlibrary.org/works/OL17842208W,123,"Python, Python 3, Programming languages, Computing, Initiation",No description available.,open_library_api,"Python, Python 3, Programming languages, Computing, Initiation Python, Python 3, Programming languages, Computing, Initiation No description available.",9
The Software Craftsman,The Software Craftsman,Sandro Mancuso,0.0,0,https://covers.openlibrary.org/b/id/8981417-L.jpg,https://openlibrary.org/works/OL20319920W,288,"Computer software, development, Computer software, Development, Software architecture, Quality of products",No description available.,open_library_api,"Computer software, development, Computer software, Development, Software architecture, Quality of products Computer software, development, Computer software, Development, Software architecture, Quality of products No description available.",9
"Think Like a Programmer, Python Edition","Think Like a Programmer, Python Edition",V. Anton Spraul,0.0,0,https://covers.openlibrary.org/b/id/11917842-L.jpg,https://openlibrary.org/works/OL21309839W,424,"Python (computer program language), Computer programming, Problem solving",No description available.,open_library_api,"Python (computer program language), Computer programming, Problem solving Python (computer program language), Computer programming, Problem solving No description available.",9
Estruturas de dados e algoritmos com JavaScript (Loiane Groner) (z-lib.org),Estruturas de dados e algoritmos com JavaScript (Loiane Groner) (z-lib.org),Loiane Groner,0.0,0,https://images.unsplash.com/photo-1543002588-bfa74002ed7e?q=80&w=300&auto=format&fit=crop,https://openlibrary.org/works/OL27976274W,437,Estruturas de Dados e Algoritmos com JavaScript,"Uma estrutura de dados é uma maneira particular de organizar dados em um computador com o intuito de usar os recursos de modo eficaz. As estruturas de dados e os algoritmos são a base de todas as soluções para qualquer problema de programação. Com este livro, você aprenderá a escrever códigos complexos e eficazes usando os recursos mais recentes da ES 2017.
O livro ""Estruturas de dados e algoritmos com JavaScript"" começa abordando o básico sobre JavaScript e apresenta a ECMAScript 2017, antes de passar gradualmente para as estruturas de dados mais importantes, como arrays, filas, pilhas e listas ligadas. Você adquirirá um conhecimento profundo sobre como as tabelas hash e as estruturas de dados para conjuntos funcionam, assim como de que modo as árvores e os mapas hash podem ser usados para buscar arquivos em um disco rígido ou para representar um banco de dados. Este livro serve como um caminho para você mergulhar mais fundo no JavaScript. Você também terá uma melhor compreensão de como e por que os grafos – uma das estruturas de dados mais complexas que há – são amplamente usados em sistemas de navegação por GPS e em redes sociais.",open_library_api,"Estruturas de Dados e Algoritmos com JavaScript Estruturas de Dados e Algoritmos com JavaScript Uma estrutura de dados é uma maneira particular de organizar dados em um computador com o intuito de usar os recursos de modo eficaz. As estruturas de dados e os algoritmos são a base de todas as soluções para qualquer problema de programação. Com este livro, você aprenderá a escrever códigos complexos e eficazes usando os recursos mais recentes da ES 2017.
O livro ""Estruturas de dados e algoritmos com JavaScript"" começa abordando o básico sobre JavaScript e apresenta a ECMAScript 2017, antes de passar gradualmente para as estruturas de dados mais importantes, como arrays, filas, pilhas e listas ligadas. Você adquirirá um conhecimento profundo sobre como as tabelas hash e as estruturas de dados para conjuntos funcionam, assim como de que modo as árvores e os mapas hash podem ser usados para buscar arquivos em um disco rígido ou para representar um banco de dados. Este livro serve como um caminho para você mergulhar mais fundo no JavaScript. Você também terá uma melhor compreensão de como e por que os grafos – uma das estruturas de dados mais complexas que há – são amplamente usados em sistemas de navegação por GPS e em redes sociais.",9
Learn to Program Using Python,Learn to Program Using Python,Alan Gauld,0.0,0,https://covers.openlibrary.org/b/id/135925-L.jpg,https://openlibrary.org/works/OL4277391W,279,Python (Computer program language),No description available.,open_library_api,Python (Computer program language) Python (Computer program language) No description available.,9
Data Structures and Algorithms in Python,Data Structures and Algorithms in Python,Michael T. Goodrich,0.0,0,https://covers.openlibrary.org/b/id/8514959-L.jpg,https://openlibrary.org/works/OL19548248W,525,"Computer algorithms, Python (Computer program language), Data structures (Computer science), Algorithms",No description available.,open_library_api,"Computer algorithms, Python (Computer program language), Data structures (Computer science), Algorithms Computer algorithms, Python (Computer program language), Data structures (Computer science), Algorithms No description available.",9
Introduction to Computer Science Using Python: A Computational Problem-Solving Focus,Introduction to Computer Science Using Python: A Computational Problem-Solving Focus,Charles Dierbach,0.0,0,https://covers.openlibrary.org/b/id/8514960-L.jpg,https://openlibrary.org/works/OL19548249W,612,"Python (computer program language), Python (Computer program language)",No description available.,open_library_api,"Python (computer program language), Python (Computer program language) Python (computer program language), Python (Computer program language) No description available.",3
Rapid application development,Rapid application development,"Martin, James",0.0,0,https://covers.openlibrary.org/b/id/4023178-L.jpg,https://openlibrary.org/works/OL3063977W,788,"Development, Computer software, Logiciels, Développement",No description available.,open_library_api,"Development, Computer software, Logiciels, Développement Development, Computer software, Logiciels, Développement No description available.",3
Python essential reference,Python essential reference,David M. Beazley,0.0,0,https://covers.openlibrary.org/b/id/461687-L.jpg,https://openlibrary.org/works/OL515806W,558,"Computer Technology, Python (Computer program language), Python (Programmiersprache), Nonfiction","This is the eBook version of the printed book.Python Essential Reference, 3rd Edition, is a comprehensive reference to the Python programming language. The focus of this latest edition is to add coverage of significant new features and new library modules added to the language over the past five years. Clearly written with concise organization, the new features covered include new style classes, unification of types and classes, xmlrpclip, intertools, bz2 and optparse, making it the most up-to-date Python book on the market.",open_library_api,"Computer Technology, Python (Computer program language), Python (Programmiersprache), Nonfiction Computer Technology, Python (Computer program language), Python (Programmiersprache), Nonfiction This is the eBook version of the printed book.Python Essential Reference, 3rd Edition, is a comprehensive reference to the Python programming language. The focus of this latest edition is to add coverage of significant new features and new library modules added to the language over the past five years. Clearly written with concise organization, the new features covered include new style classes, unification of types and classes, xmlrpclip, intertools, bz2 and optparse, making it the most up-to-date Python book on the market.",9
