title,raw_title,author,avg_rating,ratings_count,cover_url,details_url,source
Structure and Interpretation of Computer Programs,Structure and Interpretation of Computer Programs,Harold Abelson,4.47,4874,https://i.gr-assets.com/images/S/compressed.photo.goodreads.com/books/1347571961i/777411._SX50_.jpg,https://www.goodreads.com/book/show/777411.Structure_and_Interpretation_of_Computer_Programs,goodreads_scraped
Code Complete: A Practical Handbook of Software Construction,Code Complete: A Practical Handbook of Software Construction,Steve McConnell,4.3,9501,https://i.gr-assets.com/images/S/compressed.photo.goodreads.com/books/1396837641i/4845._SX50_.jpg,https://www.goodreads.com/book/show/4845.Code_Complete,goodreads_scraped
Introduction to Algorithms,Introduction to Algorithms,Thomas H. Cormen,4.35,9368,https://i.gr-assets.com/images/S/compressed.photo.goodreads.com/books/1390459484i/6752187._SX50_.jpg,https://www.goodreads.com/book/show/6752187-introduction-to-algorithms,goodreads_scraped
"Design Patterns: Elements of Reusable Object-oriented Software / Applying UML and Patterns: An Introduction to Object-Oriented Analysis and Design and Iterative Development, 2 Volume Set","Design Patterns: Elements of Reusable Object-oriented Software / Applying UML and Patterns: An Introduction to Object-Oriented Analysis and Design and Iterative Development, 2 Volume Set",Erich Gamma,4.2,12006,https://i.gr-assets.com/images/S/compressed.photo.goodreads.com/books/1180662124i/1062814._SX50_.jpg,https://www.goodreads.com/book/show/1062814.Design_Patterns,goodreads_scraped
Hacker's Delight,Hacker's Delight,Henry S. Warren Jr.,4.2,1139,https://i.gr-assets.com/images/S/compressed.photo.goodreads.com/books/1385216522i/276079._SY75_.jpg,https://www.goodreads.com/book/show/276079.Hacker_s_Delight,goodreads_scraped
Refactoring: Improving the Design of Existing Code,Refactoring: Improving the Design of Existing Code (Addison-wesley Object Technology Series),Martin Fowler,4.24,8861,https://i.gr-assets.com/images/S/compressed.photo.goodreads.com/books/1386925632i/44936._SX50_.jpg,https://www.goodreads.com/book/show/44936.Refactoring,goodreads_scraped
"The Art of Computer Programming, Volumes 1-4A Boxed Set","The Art of Computer Programming, Volumes 1-4A Boxed Set",Donald Ervin Knuth,4.75,237,https://i.gr-assets.com/images/S/compressed.photo.goodreads.com/books/1347464918i/9410434._SX50_.jpg,https://www.goodreads.com/book/show/9410434-the-art-of-computer-programming-volumes-1-4a-boxed-set,goodreads_scraped
The Algorithm Design Manual,The Algorithm Design Manual,Steven S. Skiena,4.35,2690,https://i.gr-assets.com/images/S/compressed.photo.goodreads.com/books/1388183113i/425208._SX50_.jpg,https://www.goodreads.com/book/show/425208.The_Algorithm_Design_Manual,goodreads_scraped
Programming Pearls,Programming Pearls,Jon L. Bentley,4.2,3225,https://i.gr-assets.com/images/S/compressed.photo.goodreads.com/books/1385191091i/52084._SX50_.jpg,https://www.goodreads.com/book/show/52084.Programming_Pearls,goodreads_scraped
On Lisp: Advanced Techniques for Common Lisp,On Lisp: Advanced Techniques for Common Lisp,Paul    Graham,4.3,482,https://i.gr-assets.com/images/S/compressed.photo.goodreads.com/books/1388374030i/41803._SY75_.jpg,https://www.goodreads.com/book/show/41803.On_Lisp,goodreads_scraped
Scratch 2.0 Programming,Scratch 2.0 Programming,Denis Golikov,4.36,58,https://i.gr-assets.com/images/S/compressed.photo.goodreads.com/books/1423263665i/24855246._SX50_.jpg,https://www.goodreads.com/book/show/24855246-scratch-2-0-programming,goodreads_scraped
Grokking Algorithms An Illustrated Guide For Programmers and Other Curious People,Grokking Algorithms An Illustrated Guide For Programmers and Other Curious People,Aditya Y. Bhargava,4.41,5548,https://i.gr-assets.com/images/S/compressed.photo.goodreads.com/books/1458747997i/22847284._SX50_.jpg,https://www.goodreads.com/book/show/22847284-grokking-algorithms-an-illustrated-guide-for-programmers-and-other-curio,goodreads_scraped
Practical Common Lisp,Practical Common Lisp,Peter Seibel,4.15,790,https://i.gr-assets.com/images/S/compressed.photo.goodreads.com/books/1347722574i/570933._SX50_.jpg,https://www.goodreads.com/book/show/570933.Practical_Common_Lisp,goodreads_scraped
Programming Ruby: The Pragmatic Programmers' Guide,Programming Ruby: The Pragmatic Programmers' Guide,Dave         Thomas,4.04,1982,https://i.gr-assets.com/images/S/compressed.photo.goodreads.com/books/1436620106i/515._SX50_.jpg,https://www.goodreads.com/book/show/515.Programming_Ruby,goodreads_scraped
Accelerated C++: Practical Programming by Example,Accelerated C++: Practical Programming by Example,Mike Hendrickson,4.06,728,https://i.gr-assets.com/images/S/compressed.photo.goodreads.com/books/1348015499i/742586._SX50_.jpg,https://www.goodreads.com/book/show/742586.Accelerated_C_,goodreads_scraped
The Practice of Programming,The Practice of Programming (Addison-Wesley Professional Computing Series),Brian W. Kernighan,4.12,1939,https://i.gr-assets.com/images/S/compressed.photo.goodreads.com/books/1348418051i/1032758._SX50_.jpg,https://www.goodreads.com/book/show/1032758.The_Practice_of_Programming,goodreads_scraped
The Little Schemer,The Little Schemer,Daniel P. Friedman,4.29,1993,https://i.gr-assets.com/images/S/compressed.photo.goodreads.com/books/1347456079i/548914._SX50_.jpg,https://www.goodreads.com/book/show/548914.The_Little_Schemer,goodreads_scraped
Com+ Programming: A Practical Guide Using Visual C++ and Atl,Com+ Programming: A Practical Guide Using Visual C++ and Atl (Hewlett-Packard Professional Books),Pradeep Tapadiya,3.33,3,https://i.gr-assets.com/images/S/compressed.photo.goodreads.com/books/1348579797i/2068596._SX50_.jpg,https://www.goodreads.com/book/show/2068596.Com_Programming,goodreads_scraped
Land of Lisp,Land of Lisp,Conrad Barski,4.16,677,https://i.gr-assets.com/images/S/compressed.photo.goodreads.com/books/1403198191i/6905041._SX50_.jpg,https://www.goodreads.com/book/show/6905041-land-of-lisp,goodreads_scraped
The Rails Way,The Rails Way,Obie Fernandez,3.86,273,https://i.gr-assets.com/images/S/compressed.photo.goodreads.com/books/1391053151i/335813._SX50_.jpg,https://www.goodreads.com/book/show/335813.The_Rails_Way,goodreads_scraped
Working Effectively with Legacy Code,Working Effectively with Legacy Code,Michael C. Feathers,4.14,4685,https://i.gr-assets.com/images/S/compressed.photo.goodreads.com/books/1348627451i/44919._SX50_.jpg,https://www.goodreads.com/book/show/44919.Working_Effectively_with_Legacy_Code,goodreads_scraped
The Little LISPer,The Little LISPer,Daniel P. Friedman,4.29,1993,https://i.gr-assets.com/images/S/compressed.photo.goodreads.com/books/1348716932i/734117._SX50_.jpg,https://www.goodreads.com/book/show/734117.The_Little_LISPer,goodreads_scraped
The C++ Programming Language,The C++ Programming Language,Bjarne Stroustrup,4.1,4037,https://i.gr-assets.com/images/S/compressed.photo.goodreads.com/books/1349035412i/1032730._SX50_.jpg,https://www.goodreads.com/book/show/1032730.The_C_Programming_Language,goodreads_scraped
Responsive Web Design Overview For Beginners,Responsive Web Design Overview For Beginners,Brett Romero,3.33,9,https://i.gr-assets.com/images/S/compressed.photo.goodreads.com/books/1382718256i/18716510._SY75_.jpg,https://www.goodreads.com/book/show/18716510-responsive-web-design-overview-for-beginners,goodreads_scraped
Your First App: Node.js,Your First App: Node.js,Jim Schubert,0.0,0,https://i.gr-assets.com/images/S/compressed.photo.goodreads.com/books/1426358199i/25142318._SX50_.jpg,https://www.goodreads.com/book/show/25142318-your-first-app,goodreads_scraped
Learn Python Programming the Easy and Fun Way,Learn Python Programming the Easy and Fun Way,Elaiya Iswera Lallan,3.33,3,https://i.gr-assets.com/images/S/compressed.photo.goodreads.com/books/1508382992i/36437912._SX50_.jpg,https://www.goodreads.com/book/show/36437912-learn-python-programming-the-easy-and-fun-way,goodreads_scraped
ZX Spectrum Games Code Club: Twenty fun games to code and learn,ZX Spectrum Games Code Club: Twenty fun games to code and learn,Gary Plowman,4.0,20,https://i.gr-assets.com/images/S/compressed.photo.goodreads.com/books/1453058059i/28288701._SX50_.jpg,https://www.goodreads.com/book/show/28288701-zx-spectrum-games-code-club,goodreads_scraped
The Pragmatic Programmer: From Journeyman to Master,The Pragmatic Programmer: From Journeyman to Master,Andy   Hunt,4.33,24376,https://i.gr-assets.com/images/S/compressed.photo.goodreads.com/books/1410138341i/22250228._SX50_.jpg,https://www.goodreads.com/book/show/22250228-the-pragmatic-programmer,goodreads_scraped
OOP Concepts Booster : Take Your Coding Skills to the Next Level,OOP Concepts Booster : Take Your Coding Skills to the Next Level,Rakesh Singh,3.69,16,https://i.gr-assets.com/images/S/compressed.photo.goodreads.com/books/1576607122i/49366593._SY75_.jpg,https://www.goodreads.com/book/show/49366593-oop-concepts-booster,goodreads_scraped
Java Concurrency in Practice,Java Concurrency in Practice,Brian Goetz,4.48,2915,https://i.gr-assets.com/images/S/compressed.photo.goodreads.com/books/1349044077i/127932._SX50_.jpg,https://www.goodreads.com/book/show/127932.Java_Concurrency_in_Practice,goodreads_scraped
Scratch Programming Lab 01: Detailed step by step guide for middle school students.,Scratch Programming Lab 01: Detailed step by step guide for middle school students.,Denis Golikov,3.83,6,https://i.gr-assets.com/images/S/compressed.photo.goodreads.com/books/1447280659i/27803325._SX50_.jpg,https://www.goodreads.com/book/show/27803325-scratch-programming-lab-01,goodreads_scraped
Archie #1,Archie (2015-) #1,Mark Waid,4.01,2217,https://i.gr-assets.com/images/S/compressed.photo.goodreads.com/books/1436215632l/25862145._SX50_SY75_.jpg,https://www.goodreads.com/book/show/25862145-archie-2015--1,goodreads_scraped
Secure Coding in C And C++,Secure Coding in C And C++,Robert C. Seacord,3.96,54,https://i.gr-assets.com/images/S/compressed.photo.goodreads.com/books/1348390884i/1069724._SX50_.jpg,https://www.goodreads.com/book/show/1069724.Secure_Coding_in_C_And_C_,goodreads_scraped
Avatar: The Last Airbender: The Lost Scrolls Collection,Avatar: The Last Airbender: The Lost Scrolls Collection,Michael Teitelbaum,4.47,1044,https://i.gr-assets.com/images/S/compressed.photo.goodreads.com/books/1348810034i/5720763._SX50_.jpg,https://www.goodreads.com/book/show/5720763-avatar,goodreads_scraped
Cracking the Coding Interview: 189 Programming Questions and Solutions,Cracking the Coding Interview: 189 Programming Questions and Solutions,Gayle Laakmann McDowell,4.33,6931,https://i.gr-assets.com/images/S/compressed.photo.goodreads.com/books/1441834930i/25707092._SX50_.jpg,https://www.goodreads.com/book/show/25707092-cracking-the-coding-interview,goodreads_scraped
The Lost Scrolls: Fire,The Lost Scrolls: Fire,Tom Mason,4.42,845,https://i.gr-assets.com/images/S/compressed.photo.goodreads.com/books/1348923722i/156986._SX50_.jpg,https://www.goodreads.com/book/show/156986.The_Lost_Scrolls,goodreads_scraped
Head First Design Patterns,Head First Design Patterns,Eric Freeman,4.3,9052,https://i.gr-assets.com/images/S/compressed.photo.goodreads.com/books/1408309444i/58128._SX50_.jpg,https://www.goodreads.com/book/show/58128.Head_First_Design_Patterns,goodreads_scraped
"Avatar: The Last Airbender - The Search, Part 2","Avatar: The Last Airbender - The Search, Part 2 (The Search, #2)",Gene Luen Yang,4.45,13321,https://i.gr-assets.com/images/S/compressed.photo.goodreads.com/books/1382514235i/17445144._SY75_.jpg,https://www.goodreads.com/book/show/17445144-avatar,goodreads_scraped
The Promise,"The Promise (Avatar: The Last Airbender, #1)",Gene Luen Yang,4.4,29973,https://i.gr-assets.com/images/S/compressed.photo.goodreads.com/books/1403207535i/16231346._SX50_.jpg,https://www.goodreads.com/book/show/16231346-the-promise,goodreads_scraped
C++ Programming: From Problem Analysis to Program Design,C++ Programming: From Problem Analysis to Program Design,D.S. Malik,4.2,199,https://i.gr-assets.com/images/S/compressed.photo.goodreads.com/books/1355873759i/12667136._SX50_.jpg,https://www.goodreads.com/book/show/12667136-c-programming,goodreads_scraped
"Avatar: The Last Airbender - The Promise, Part 3","Avatar: The Last Airbender - The Promise, Part 3 (The Promise, #3)",Gene Luen Yang,4.41,14904,https://i.gr-assets.com/images/S/compressed.photo.goodreads.com/books/1335027556i/13611440._SX50_.jpg,https://www.goodreads.com/book/show/13611440-avatar,goodreads_scraped
American Born Chinese,American Born Chinese,Gene Luen Yang,3.88,102688,https://i.gr-assets.com/images/S/compressed.photo.goodreads.com/books/1317066615i/118944._SX50_.jpg,https://www.goodreads.com/book/show/118944.American_Born_Chinese,goodreads_scraped
"Avatar: The Last Airbender - The Rift, Part 1","Avatar: The Last Airbender - The Rift, Part 1 (The Rift, #1)",Gene Luen Yang,4.32,16977,https://i.gr-assets.com/images/S/compressed.photo.goodreads.com/books/1382378982i/18687079._SX50_.jpg,https://www.goodreads.com/book/show/18687079-avatar,goodreads_scraped
"Avatar: The Last Airbender - The Promise, Part 1","Avatar: The Last Airbender - The Promise, Part 1 (The Promise, #1)",Gene Luen Yang,4.3,34063,https://i.gr-assets.com/images/S/compressed.photo.goodreads.com/books/1335027742i/12413836._SX50_.jpg,https://www.goodreads.com/book/show/12413836-avatar,goodreads_scraped
"Avatar: The Last Airbender - The Search, Part 1","Avatar: The Last Airbender - The Search, Part 1 (The Search, #1)",Gene Luen Yang,4.39,32966,https://i.gr-assets.com/images/S/compressed.photo.goodreads.com/books/1382513568i/16277248._SY75_.jpg,https://www.goodreads.com/book/show/16277248-avatar,goodreads_scraped
"Avatar: The Last Airbender - The Promise, Part 2","Avatar: The Last Airbender - The Promise, Part 2 (The Promise, #2)",Gene Luen Yang,4.41,24194,https://i.gr-assets.com/images/S/compressed.photo.goodreads.com/books/1335027722i/13096848._SY75_.jpg,https://www.goodreads.com/book/show/13096848-avatar,goodreads_scraped
Avatar: The Last Airbender - The Lost Adventures,Avatar: The Last Airbender - The Lost Adventures,Bryan Konietzko,4.36,24861,https://i.gr-assets.com/images/S/compressed.photo.goodreads.com/books/1297596036i/10450750._SX50_.jpg,https://www.goodreads.com/book/show/10450750-avatar,goodreads_scraped
Avatar: The Last Airbender: Journeys Through the Earth Kingdom,Avatar: The Last Airbender: Journeys Through the Earth Kingdom,Michael Teitelbaum,4.44,317,https://i.gr-assets.com/images/S/compressed.photo.goodreads.com/books/1335143309i/9220325._SX50_.jpg,https://www.goodreads.com/book/show/9220325-avatar,goodreads_scraped
The Last Airbender: Prequel - Zuko's Story,The Last Airbender: Prequel - Zuko's Story,Dave Roman,4.35,4579,https://i.gr-assets.com/images/S/compressed.photo.goodreads.com/books/1320449700i/7061696._SY75_.jpg,https://www.goodreads.com/book/show/7061696-the-last-airbender,goodreads_scraped
Avatar Volume 7: The Legend of Aang,Avatar Volume 7: The Legend of Aang,Michael Dante DiMartino,4.61,596,https://i.gr-assets.com/images/S/compressed.photo.goodreads.com/books/1232772483i/6131379._SX50_.jpg,https://www.goodreads.com/book/show/6131379-avatar-volume-7,goodreads_scraped
Avatar Volume 8: The Last Airbender,Avatar Volume 8: The Last Airbender (Avatar #8),Bryan Konietzko,4.52,265,https://i.gr-assets.com/images/S/compressed.photo.goodreads.com/books/1267774888i/3098445._SX50_.jpg,https://www.goodreads.com/book/show/3098445-avatar-volume-8,goodreads_scraped
Avatar Volume 7: The Last Airbender,Avatar Volume 7: The Last Airbender (Avatar #7),Bryan Konietzko,4.61,596,https://i.gr-assets.com/images/S/compressed.photo.goodreads.com/books/1267323885i/2857200._SX50_.jpg,https://www.goodreads.com/book/show/2857200-avatar-volume-7,goodreads_scraped
Engineering Long-Lasting Software,Engineering Long-Lasting Software,Armando Fox,3.75,220,https://i.gr-assets.com/images/S/compressed.photo.goodreads.com/books/1328734404i/13459482._SX50_.jpg,https://www.goodreads.com/book/show/13459482-engineering-long-lasting-software,goodreads_scraped
Avatar Volume 3: The Last Airbender,Avatar Volume 3: The Last Airbender (Avatar #3),Michael Dante DiMartino,4.44,466,https://i.gr-assets.com/images/S/compressed.photo.goodreads.com/books/1391053041i/1070551._SX50_.jpg,https://www.goodreads.com/book/show/1070551.Avatar_Volume_3,goodreads_scraped
Avatar Volume 4: The Last Airbender,Avatar Volume 4: The Last Airbender (Avatar #4),Michael Dante DiMartino,4.55,581,https://i.gr-assets.com/images/S/compressed.photo.goodreads.com/books/1386923199i/156990._SX50_.jpg,https://www.goodreads.com/book/show/156990.Avatar_Volume_4,goodreads_scraped
Avatar Volume 6: The Last Airbender,Avatar Volume 6: The Last Airbender (Avatar #6),Bryan Konietzko,4.62,695,https://i.gr-assets.com/images/S/compressed.photo.goodreads.com/books/1388699054i/951061._SX50_.jpg,https://www.goodreads.com/book/show/951061.Avatar_Volume_6,goodreads_scraped
Avatar Volume 2: The Last Airbender,Avatar Volume 2: The Last Airbender (Avatar #2),Michael Dante DiMartino,4.45,1023,https://i.gr-assets.com/images/S/compressed.photo.goodreads.com/books/1540404411i/2635498._SX50_.jpg,https://www.goodreads.com/book/show/2635498-avatar-volume-2,goodreads_scraped
Avatar Volume 5: The Last Airbender,Avatar Volume 5: The Last Airbender (Avatar #5),Michael Dante DiMartino,4.55,761,https://i.gr-assets.com/images/S/compressed.photo.goodreads.com/books/1179748292i/951060._SX50_.jpg,https://www.goodreads.com/book/show/951060.Avatar_Volume_5,goodreads_scraped
The C Programming Language,The C Programming Language,Brian W. Kernighan,4.44,11405,https://i.gr-assets.com/images/S/compressed.photo.goodreads.com/books/1391032531i/515601._SX50_.jpg,https://www.goodreads.com/book/show/515601.The_C_Programming_Language,goodreads_scraped
Design Patterns: Elements of Reusable Object-Oriented Software,Design Patterns: Elements of Reusable Object-Oriented Software,Erich Gamma,4.2,12006,https://i.gr-assets.com/images/S/compressed.photo.goodreads.com/books/1348027904i/85009._SX50_.jpg,https://www.goodreads.com/book/show/85009.Design_Patterns,goodreads_scraped
The Mythical Man-Month: Essays on Software Engineering,The Mythical Man-Month: Essays on Software Engineering,Frederick P. Brooks Jr.,4.01,15222,https://i.gr-assets.com/images/S/compressed.photo.goodreads.com/books/1348430512i/13629._SX50_.jpg,https://www.goodreads.com/book/show/13629.The_Mythical_Man_Month,goodreads_scraped
"Compilers: Principles, Techniques, and Tools","Compilers: Principles, Techniques, and Tools",Alfred V. Aho,4.1,3023,https://i.gr-assets.com/images/S/compressed.photo.goodreads.com/books/1387666736i/703102._SX50_.jpg,https://www.goodreads.com/book/show/703102.Compilers,goodreads_scraped
"Gödel, Escher, Bach: An Eternal Golden Braid","Gödel, Escher, Bach: An Eternal Golden Braid",Douglas R. Hofstadter,4.29,53418,https://i.gr-assets.com/images/S/compressed.photo.goodreads.com/books/1547125681i/24113._SY75_.jpg,https://www.goodreads.com/book/show/24113.G_del_Escher_Bach,goodreads_scraped
Clean Code: A Handbook of Agile Software Craftsmanship,Clean Code: A Handbook of Agile Software Craftsmanship,Robert C. Martin,4.35,23658,https://i.gr-assets.com/images/S/compressed.photo.goodreads.com/books/1436202607i/3735293._SX50_.jpg,https://www.goodreads.com/book/show/3735293-clean-code,goodreads_scraped
Effective C++: 55 Specific Ways to Improve Your Programs and Designs,Effective C++: 55 Specific Ways to Improve Your Programs and Designs (Addison-Wesley Professional Computing Series),Scott Meyers,4.4,3360,https://i.gr-assets.com/images/S/compressed.photo.goodreads.com/books/1348261809i/105125._SX50_.jpg,https://www.goodreads.com/book/show/105125.Effective_C_,goodreads_scraped
More Effective C++: 35 New Ways to Improve Your Programs and Designs,More Effective C++: 35 New Ways to Improve Your Programs and Designs (Addison-Wesley Professional Computing Series),Scott Meyers,4.33,1076,https://i.gr-assets.com/images/S/compressed.photo.goodreads.com/books/1348045238i/105123._SX50_.jpg,https://www.goodreads.com/book/show/105123.More_Effective_C_,goodreads_scraped
Code: The Hidden Language of Computer Hardware and Software,Code: The Hidden Language of Computer Hardware and Software,Charles Petzold,4.4,10753,https://i.gr-assets.com/images/S/compressed.photo.goodreads.com/books/1709792682i/44882._SX50_.jpg,https://www.goodreads.com/book/show/44882.Code,goodreads_scraped
Peopleware: Productive Projects and Teams,Peopleware: Productive Projects and Teams,Tom DeMarco,4.14,9965,https://i.gr-assets.com/images/S/compressed.photo.goodreads.com/books/1386925395i/67825._SY75_.jpg,https://www.goodreads.com/book/show/67825.Peopleware,goodreads_scraped
Coders at Work: Reflections on the Craft of Programming,Coders at Work: Reflections on the Craft of Programming,Peter Seibel,3.95,5381,https://i.gr-assets.com/images/S/compressed.photo.goodreads.com/books/1349026758i/6713575._SX50_.jpg,https://www.goodreads.com/book/show/6713575-coders-at-work,goodreads_scraped
"Surely You're Joking, Mr. Feynman!: Adventures of a Curious Character","Surely You're Joking, Mr. Feynman!: Adventures of a Curious Character",Richard P. Feynman,4.26,221209,https://i.gr-assets.com/images/S/compressed.photo.goodreads.com/books/1348445281i/5544._SY75_.jpg,https://www.goodreads.com/book/show/5544.Surely_You_re_Joking_Mr_Feynman_,goodreads_scraped
Effective Java : Programming Language Guide,Effective Java : Programming Language Guide,Joshua Bloch,4.51,8092,https://i.gr-assets.com/images/S/compressed.photo.goodreads.com/books/1433511045i/105099._SX50_.jpg,https://www.goodreads.com/book/show/105099.Effective_Java_,goodreads_scraped
Patterns of Enterprise Application Architecture,Patterns of Enterprise Application Architecture,Martin Fowler,4.12,3894,https://i.gr-assets.com/images/S/compressed.photo.goodreads.com/books/1440294142i/70156._SX50_.jpg,https://www.goodreads.com/book/show/70156.Patterns_of_Enterprise_Application_Architecture,goodreads_scraped
The Seasoned Schemer,The Seasoned Schemer,Daniel P. Friedman,4.28,267,https://i.gr-assets.com/images/S/compressed.photo.goodreads.com/books/1347458463i/475858._SX50_.jpg,https://www.goodreads.com/book/show/475858.The_Seasoned_Schemer,goodreads_scraped
Why's Guide to Ruby,Why's (Poignant) Guide to Ruby,Why The Lucky Stiff,4.05,465,https://i.gr-assets.com/images/S/compressed.photo.goodreads.com/books/1174970667i/463882.jpg,https://www.goodreads.com/book/show/463882.Why_s_Poignant_Guide_to_Ruby,goodreads_scraped
The Inmates Are Running the Asylum: Why High Tech Products Drive Us Crazy and How to Restore the Sanity,The Inmates Are Running the Asylum: Why High Tech Products Drive Us Crazy and How to Restore the Sanity,Alan Cooper,3.94,2949,https://i.gr-assets.com/images/S/compressed.photo.goodreads.com/books/1294604058i/44098._SY75_.jpg,https://www.goodreads.com/book/show/44098.The_Inmates_Are_Running_the_Asylum,goodreads_scraped
The Art of UNIX Programming,The Art of UNIX Programming,Eric S. Raymond,4.18,1271,https://i.gr-assets.com/images/S/compressed.photo.goodreads.com/books/1348957784i/104745._SX50_.jpg,https://www.goodreads.com/book/show/104745.The_Art_of_UNIX_Programming,goodreads_scraped
Test-Driven Development: By Example,Test-Driven Development: By Example,Kent Beck,4.1,4415,https://i.gr-assets.com/images/S/compressed.photo.goodreads.com/books/1372039943i/387190._SX50_.jpg,https://www.goodreads.com/book/show/387190.Test_Driven_Development,goodreads_scraped
Practices of an Agile Developer,Practices of an Agile Developer (Pragmatic Bookshelf),Venkat Subramaniam,3.88,1001,https://i.gr-assets.com/images/S/compressed.photo.goodreads.com/books/1386925153i/4102._SX50_.jpg,https://www.goodreads.com/book/show/4102.Practices_of_an_Agile_Developer,goodreads_scraped
Don't Make Me Think: A Common Sense Approach to Web Usability,Don't Make Me Think: A Common Sense Approach to Web Usability,Steve Krug,4.24,30961,https://i.gr-assets.com/images/S/compressed.photo.goodreads.com/books/1390867006i/3368._SX50_.jpg,https://www.goodreads.com/book/show/3368.Don_t_Make_Me_Think,goodreads_scraped
"Agile Software Development, Principles, Patterns, and Practices","Agile Software Development, Principles, Patterns, and Practices",Robert C. Martin,4.26,1320,https://i.gr-assets.com/images/S/compressed.photo.goodreads.com/books/1348196056i/84985._SX50_.jpg,https://www.goodreads.com/book/show/84985.Agile_Software_Development_Principles_Patterns_and_Practices,goodreads_scraped
Domain-Driven Design: Tackling Complexity in the Heart of Software,Domain-Driven Design: Tackling Complexity in the Heart of Software,Eric Evans,4.15,5874,https://i.gr-assets.com/images/S/compressed.photo.goodreads.com/books/1287493789i/179133._SX50_.jpg,https://www.goodreads.com/book/show/179133.Domain_Driven_Design,goodreads_scraped
The Design of Everyday Things,The Design of Everyday Things,Donald A. Norman,4.15,48400,https://i.gr-assets.com/images/S/compressed.photo.goodreads.com/books/1442460745i/840._SY75_.jpg,https://www.goodreads.com/book/show/840.The_Design_of_Everyday_Things,goodreads_scraped
Modern C++ Design: Generic Programming and Design Patterns Applied,Modern C++ Design: Generic Programming and Design Patterns Applied (C++ In-Depth Series),Debbie Lafferty,4.24,883,https://i.gr-assets.com/images/S/compressed.photo.goodreads.com/books/1372041017i/871669._SX50_.jpg,https://www.goodreads.com/book/show/871669.Modern_C_Design,goodreads_scraped
The Best Software Writing I: Selected and Introduced by Joel Spolsky,The Best Software Writing I: Selected and Introduced by Joel Spolsky,Joel Spolsky,3.88,681,https://i.gr-assets.com/images/S/compressed.photo.goodreads.com/books/1385220486i/41787._SY75_.jpg,https://www.goodreads.com/book/show/41787.The_Best_Software_Writing_I,goodreads_scraped
Pragmatic Thinking and Learning: Refactor Your Wetware,Pragmatic Thinking and Learning: Refactor Your Wetware,Andy   Hunt,4.12,4381,https://i.gr-assets.com/images/S/compressed.photo.goodreads.com/books/1390692774i/3063393._SX50_.jpg,https://www.goodreads.com/book/show/3063393-pragmatic-thinking-and-learning,goodreads_scraped
Software Estimation: Demystifying the Black Art,Software Estimation: Demystifying the Black Art,Steve McConnell,4.05,991,https://i.gr-assets.com/images/S/compressed.photo.goodreads.com/books/1396830924i/93891._SX50_.jpg,https://www.goodreads.com/book/show/93891.Software_Estimation,goodreads_scraped
The Passionate Programmer: Creating a Remarkable Career in Software Development,The Passionate Programmer: Creating a Remarkable Career in Software Development,Chad Fowler,3.94,4357,https://i.gr-assets.com/images/S/compressed.photo.goodreads.com/books/1348519150i/6399113._SX50_.jpg,https://www.goodreads.com/book/show/6399113-the-passionate-programmer,goodreads_scraped
Hackers: Heroes of the Computer Revolution,Hackers: Heroes of the Computer Revolution,Steven Levy,4.16,8628,https://i.gr-assets.com/images/S/compressed.photo.goodreads.com/books/1435697935i/56829._SY75_.jpg,https://www.goodreads.com/book/show/56829.Hackers,goodreads_scraped
Algorithms + Data Structures = Programs,Algorithms + Data Structures = Programs (Prentice-Hall Series in Automatic Computation),Niklaus Wirth,4.24,207,https://i.gr-assets.com/images/S/compressed.photo.goodreads.com/books/1387705045i/300093._SX50_.jpg,https://www.goodreads.com/book/show/300093.Algorithms_Data_Structures_Programs,goodreads_scraped
Writing Solid Code,Writing Solid Code,Steve Maguire,4.13,343,https://i.gr-assets.com/images/S/compressed.photo.goodreads.com/books/1388426936i/598624._SX50_.jpg,https://www.goodreads.com/book/show/598624.Writing_Solid_Code,goodreads_scraped
JavaScript: The Good Parts,JavaScript: The Good Parts,Douglas Crockford,4.23,8673,https://i.gr-assets.com/images/S/compressed.photo.goodreads.com/books/1328834793i/2998152._SX50_.jpg,https://www.goodreads.com/book/show/2998152-javascript,goodreads_scraped
"Getting Real: The Smarter, Faster, Easier Way to Build a Web Application","Getting Real: The Smarter, Faster, Easier Way to Build a Web Application",Jason Fried,4.0,10747,https://i.gr-assets.com/images/S/compressed.photo.goodreads.com/books/1643253913i/447648._SY75_.jpg,https://www.goodreads.com/book/show/447648.Getting_Real,goodreads_scraped
Foundations of Programming - Building Better Software,Foundations of Programming - Building Better Software,Karl Seguin,3.82,28,https://i.gr-assets.com/images/S/compressed.photo.goodreads.com/books/1214852542i/3597472._SX50_.jpg,https://www.goodreads.com/book/show/3597472-foundations-of-programming---building-better-software,goodreads_scraped
Computer Graphics: Principles and Practice,Computer Graphics: Principles and Practice,Andries van Dam,4.22,368,https://i.gr-assets.com/images/S/compressed.photo.goodreads.com/books/1348836732i/603227._SX50_.jpg,https://www.goodreads.com/book/show/603227.Computer_Graphics,goodreads_scraped
Thinking in Java,Thinking in Java,Bruce Eckel,4.15,2215,https://i.gr-assets.com/images/S/compressed.photo.goodreads.com/books/1347737121i/71672._SX50_.jpg,https://www.goodreads.com/book/show/71672.Thinking_in_Java,goodreads_scraped
The Elements Of Computing Systems: Building A Modern Computer From First Principles,The Elements Of Computing Systems: Building A Modern Computer From First Principles,Noam Nisan,4.55,978,https://i.gr-assets.com/images/S/compressed.photo.goodreads.com/books/1387737217i/910789._SX50_.jpg,https://www.goodreads.com/book/show/910789.The_Elements_Of_Computing_Systems,goodreads_scraped
Refactoring to Patterns,Refactoring to Patterns,Joshua Kerievsky,4.05,1439,https://i.gr-assets.com/images/S/compressed.photo.goodreads.com/books/1347966206i/85041._SX50_.jpg,https://www.goodreads.com/book/show/85041.Refactoring_to_Patterns,goodreads_scraped
Modern Operating Systems,Modern Operating Systems,Andrew S. Tanenbaum,4.14,2219,https://i.gr-assets.com/images/S/compressed.photo.goodreads.com/books/1387702085i/166195._SX50_.jpg,https://www.goodreads.com/book/show/166195.Modern_Operating_Systems,goodreads_scraped
The Annotated Turing: A Guided Tour Through Alan Turing's Historic Paper on Computability and the Turing Machine,The Annotated Turing: A Guided Tour Through Alan Turing's Historic Paper on Computability and the Turing Machine,Charles Petzold,4.28,1189,https://i.gr-assets.com/images/S/compressed.photo.goodreads.com/books/1348963714i/2333956._SX50_.jpg,https://www.goodreads.com/book/show/2333956.The_Annotated_Turing,goodreads_scraped
Things That Make Us Smart: Defending Human Attributes in the Age of the Machine,Things That Make Us Smart: Defending Human Attributes in the Age of the Machine (William Patrick Book),Donald A. Norman,3.88,422,https://i.gr-assets.com/images/S/compressed.photo.goodreads.com/books/1388370807i/16868._SY75_.jpg,https://www.goodreads.com/book/show/16868.Things_That_Make_Us_Smart,goodreads_scraped
The Timeless Way of Building,The Timeless Way of Building,Christopher W. Alexander,4.37,2710,https://i.gr-assets.com/images/S/compressed.photo.goodreads.com/books/1348093712i/106728._SY75_.jpg,https://www.goodreads.com/book/show/106728.The_Timeless_Way_of_Building,goodreads_scraped
The Deadline,The Deadline,Tom DeMarco,4.15,2563,https://i.gr-assets.com/images/S/compressed.photo.goodreads.com/books/1356474444i/123716._SY75_.jpg,https://www.goodreads.com/book/show/123716.The_Deadline,goodreads_scraped
Computer Systems: A Programmer's Perspective,Computer Systems: A Programmer's Perspective,Randal E. Bryant,4.47,1159,https://i.gr-assets.com/images/S/compressed.photo.goodreads.com/books/1387708094i/829182._SX50_.jpg,https://www.goodreads.com/book/show/829182.Computer_Systems,goodreads_scraped
"Agile Principles, Patterns, and Practices in C#","Agile Principles, Patterns, and Practices in C# (Robert C. Martin Series)",Robert C. Martin,4.28,775,https://i.gr-assets.com/images/S/compressed.photo.goodreads.com/books/1348657323i/84983._SX50_.jpg,https://www.goodreads.com/book/show/84983.Agile_Principles_Patterns_and_Practices_in_C_,goodreads_scraped
"Growing Object-Oriented Software, Guided by Tests)","Growing Object-Oriented Software, Guided by Tests (Addison-Wesley Signature Series (Beck))",Steve Freeman,4.19,2467,https://i.gr-assets.com/images/S/compressed.photo.goodreads.com/books/1348030542i/4268826._SX50_.jpg,https://www.goodreads.com/book/show/4268826-growing-object-oriented-software-guided-by-tests-addison-wesley-signat,goodreads_scraped
"Framework Design Guidelines: Conventions, Idioms, and Patterns for Reusable .NET Libraries","Framework Design Guidelines: Conventions, Idioms, and Patterns for Reusable .NET Libraries",Krzysztof Cwalina,4.23,376,https://i.gr-assets.com/images/S/compressed.photo.goodreads.com/books/1348375375i/2700831._SX50_.jpg,https://www.goodreads.com/book/show/2700831-framework-design-guidelines,goodreads_scraped
Object Thinking,Object Thinking,David      West,3.93,210,https://i.gr-assets.com/images/S/compressed.photo.goodreads.com/books/1396833230i/43940._SX50_.jpg,https://www.goodreads.com/book/show/43940.Object_Thinking,goodreads_scraped
Advanced Programming in the UNIX Environment,Advanced Programming in the UNIX Environment,W. Richard Stevens,4.34,1729,https://i.gr-assets.com/images/S/compressed.photo.goodreads.com/books/1387712281i/19814462._SX50_.jpg,https://www.goodreads.com/book/show/19814462-advanced-programming-in-the-unix-environment,goodreads_scraped
Hackers & Painters: Big Ideas from the Computer Age,Hackers & Painters: Big Ideas from the Computer Age,Paul    Graham,4.05,9630,https://i.gr-assets.com/images/S/compressed.photo.goodreads.com/books/1348562702i/41793._SY75_.jpg,https://www.goodreads.com/book/show/41793.Hackers_Painters,goodreads_scraped
The Soul of a New Machine,The Soul of a New Machine,Tracy Kidder,4.12,9680,https://i.gr-assets.com/images/S/compressed.photo.goodreads.com/books/1627012239i/7090._SY75_.jpg,https://www.goodreads.com/book/show/7090.The_Soul_of_a_New_Machine,goodreads_scraped
CLR via C#,CLR via C#,Jeffrey Richter,4.56,1103,https://i.gr-assets.com/images/S/compressed.photo.goodreads.com/books/1388551187i/7121415._SX50_.jpg,https://www.goodreads.com/book/show/7121415-clr-via-c,goodreads_scraped
Design Patterns in C#,Design Patterns in C#,Steven John Metsker,3.51,85,https://i.gr-assets.com/images/S/compressed.photo.goodreads.com/books/1348615106i/85038._SX50_.jpg,https://www.goodreads.com/book/show/85038.Design_Patterns_in_C_,goodreads_scraped
Zen and the Art of Motorcycle Maintenance: An Inquiry Into Values,"Zen and the Art of Motorcycle Maintenance: An Inquiry Into Values (Phaedrus, #1)",Robert M. Pirsig,3.78,248603,https://i.gr-assets.com/images/S/compressed.photo.goodreads.com/books/1410136019i/629._SY75_.jpg,https://www.goodreads.com/book/show/629.Zen_and_the_Art_of_Motorcycle_Maintenance,goodreads_scraped
About Face 3: The Essentials of Interaction Design,About Face 3: The Essentials of Interaction Design,Alan Cooper,4.07,3533,https://i.gr-assets.com/images/S/compressed.photo.goodreads.com/books/1348112867i/289062._SX50_.jpg,https://www.goodreads.com/book/show/289062.About_Face_3,goodreads_scraped
Here Comes Everybody: The Power of Organizing Without Organizations,Here Comes Everybody: The Power of Organizing Without Organizations,Clay Shirky,3.78,7141,https://i.gr-assets.com/images/S/compressed.photo.goodreads.com/books/1351070146i/1998185._SX50_.jpg,https://www.goodreads.com/book/show/1998185.Here_Comes_Everybody,goodreads_scraped
The Tao of Programming,The Tao of Programming,Geoffrey James,4.07,310,https://i.gr-assets.com/images/S/compressed.photo.goodreads.com/books/1388891750i/265456._SY75_.jpg,https://www.goodreads.com/book/show/265456.The_Tao_of_Programming,goodreads_scraped
"The Computational Beauty of Nature: Computer Explorations of Fractals, Chaos, Complex Systems, and Adaptation","The Computational Beauty of Nature: Computer Explorations of Fractals, Chaos, Complex Systems, and Adaptation",Gary William Flake,4.37,268,https://i.gr-assets.com/images/S/compressed.photo.goodreads.com/books/1347507518i/248544._SX50_.jpg,https://www.goodreads.com/book/show/248544.The_Computational_Beauty_of_Nature,goodreads_scraped
Philip & Alex's Guide to Web Publishing,Philip & Alex's Guide to Web Publishing,Philip Greenspun,3.9,77,https://i.gr-assets.com/images/S/compressed.photo.goodreads.com/books/1176363706i/617140._SX50_.jpg,https://www.goodreads.com/book/show/617140.Philip_Alex_s_Guide_to_Web_Publishing,goodreads_scraped
Object-Oriented Analysis and Design with Applications,Object-Oriented Analysis and Design with Applications,Grady Booch,3.91,606,https://i.gr-assets.com/images/S/compressed.photo.goodreads.com/books/1348359570i/424923._SX50_.jpg,https://www.goodreads.com/book/show/424923.Object_Oriented_Analysis_and_Design_with_Applications,goodreads_scraped
Computability: An Introduction to Recursive Function Theory,Computability: An Introduction to Recursive Function Theory,Nigel Cutland,4.0,31,https://i.gr-assets.com/images/S/compressed.photo.goodreads.com/books/1389935707i/1190249._SY75_.jpg,https://www.goodreads.com/book/show/1190249.Computability,goodreads_scraped
Masterminds of Programming: Conversations with the Creators of Major Programming Languages,Masterminds of Programming: Conversations with the Creators of Major Programming Languages,Federico Biancuzzi,3.9,444,https://i.gr-assets.com/images/S/compressed.photo.goodreads.com/books/1328834764i/1746425._SX50_.jpg,https://www.goodreads.com/book/show/1746425.Masterminds_of_Programming,goodreads_scraped
Tao Te Ching,Tao Te Ching,Lao Tzu,4.29,186044,https://i.gr-assets.com/images/S/compressed.photo.goodreads.com/books/1333578861i/67896._SY75_.jpg,https://www.goodreads.com/book/show/67896.Tao_Te_Ching,goodreads_scraped
The Productive Programmer (Theory in Practice,The Productive Programmer (Theory in Practice,Neal Ford,3.72,805,https://i.gr-assets.com/images/S/compressed.photo.goodreads.com/books/1328834827i/3411606._SX50_.jpg,https://www.goodreads.com/book/show/3411606-the-productive-programmer-theory-in-practice,goodreads_scraped
The Art of Deception: Controlling the Human Element of Security,The Art of Deception: Controlling the Human Element of Security,Kevin D. Mitnick,3.76,7298,https://i.gr-assets.com/images/S/compressed.photo.goodreads.com/books/1385273509i/18160._SY75_.jpg,https://www.goodreads.com/book/show/18160.The_Art_of_Deception,goodreads_scraped
The Career Programmer: Guerilla Tactics for an Imperfect World,The Career Programmer: Guerilla Tactics for an Imperfect World,Christopher   Duncan,3.21,70,https://i.gr-assets.com/images/S/compressed.photo.goodreads.com/books/1385161110i/5843._SY75_.jpg,https://www.goodreads.com/book/show/5843.The_Career_Programmer,goodreads_scraped
Paradigms of Artificial Intelligence Programming: Case Studies in Common Lisp,Paradigms of Artificial Intelligence Programming: Case Studies in Common Lisp,Peter Norvig,4.33,505,https://i.gr-assets.com/images/S/compressed.photo.goodreads.com/books/1347640255i/83884._SX50_.jpg,https://www.goodreads.com/book/show/83884.Paradigms_of_Artificial_Intelligence_Programming,goodreads_scraped
Masters of Doom: How Two Guys Created an Empire and Transformed Pop Culture,Masters of Doom: How Two Guys Created an Empire and Transformed Pop Culture,David Kushner,4.3,20430,https://i.gr-assets.com/images/S/compressed.photo.goodreads.com/books/1557932856i/222146._SY75_.jpg,https://www.goodreads.com/book/show/222146.Masters_of_Doom,goodreads_scraped
Pragmatic Unit Testing in C# with Nunit,Pragmatic Unit Testing in C# with Nunit,Andy   Hunt,3.7,155,https://i.gr-assets.com/images/S/compressed.photo.goodreads.com/books/1436620102i/22129._SX50_.jpg,https://www.goodreads.com/book/show/22129.Pragmatic_Unit_Testing_in_C_with_Nunit,goodreads_scraped
How to Solve It: A New Aspect of Mathematical Method,How to Solve It: A New Aspect of Mathematical Method,George Pólya,4.12,5261,https://i.gr-assets.com/images/S/compressed.photo.goodreads.com/books/1349052024i/192221._SY75_.jpg,https://www.goodreads.com/book/show/192221.How_to_Solve_It,goodreads_scraped
Smalltalk-80: The Language and its Implementation,Smalltalk-80: The Language and its Implementation,Adele Goldberg,4.73,48,https://i.gr-assets.com/images/S/compressed.photo.goodreads.com/books/1387734312i/1831735._SX50_.jpg,https://www.goodreads.com/book/show/1831735.Smalltalk_80,goodreads_scraped
Writing Secure Code,Writing Secure Code,Michael  Howard,4.01,372,https://i.gr-assets.com/images/S/compressed.photo.goodreads.com/books/1396836770i/44916._SX50_.jpg,https://www.goodreads.com/book/show/44916.Writing_Secure_Code,goodreads_scraped
Introduction to Functional Programming,Introduction to Functional Programming (Prentice-Hall Series in Engineering of the Physical Sciences),Richard S. Bird,4.08,87,https://i.gr-assets.com/images/S/compressed.photo.goodreads.com/books/1300364821i/3791460._SY75_.jpg,https://www.goodreads.com/book/show/3791460-introduction-to-functional-programming,goodreads_scraped
No Bugs!: Delivering Error-Free Code in C and C++,No Bugs!: Delivering Error-Free Code in C and C++,David Thielen,3.11,9,https://i.gr-assets.com/images/S/compressed.photo.goodreads.com/books/1266743329i/2338849._SX50_.jpg,https://www.goodreads.com/book/show/2338849.No_Bugs_,goodreads_scraped
"JUnit in Action, Second Edition","JUnit in Action, Second Edition",Vincent Massol,3.55,124,https://i.gr-assets.com/images/S/compressed.photo.goodreads.com/books/1347658607i/7778320._SX50_.jpg,https://www.goodreads.com/book/show/7778320-junit-in-action-second-edition,goodreads_scraped
"The Art of Computer Programming, Volumes 1-3 Boxed Set","The Art of Computer Programming, Volumes 1-3 Boxed Set",Donald Ervin Knuth,4.49,771,https://i.gr-assets.com/images/S/compressed.photo.goodreads.com/books/1348345166i/112239._SX50_.jpg,https://www.goodreads.com/book/show/112239.The_Art_of_Computer_Programming_Volumes_1_3_Boxed_Set,goodreads_scraped
Introduction to the Theory of Computation,Introduction to the Theory of Computation,Michael Sipser,4.24,2123,https://i.gr-assets.com/images/S/compressed.photo.goodreads.com/books/1347452544i/400716._SX50_.jpg,https://www.goodreads.com/book/show/400716.Introduction_to_the_Theory_of_Computation,goodreads_scraped
Windows 11: 2021 Complete New OS User Guide. 33 Best Tips and Tricks to Master your PC,Windows 11: 2021 Complete New OS User Guide. 33 Best Tips and Tricks to Master your PC,Allan Farington,4.45,40,https://i.gr-assets.com/images/S/compressed.photo.goodreads.com/books/1629302958i/58802033._SY75_.jpg,https://www.goodreads.com/book/show/58802033-windows-11,goodreads_scraped
Artificial Intelligence: A Modern Approach,Artificial Intelligence: A Modern Approach,Stuart Russell,4.21,4478,https://i.gr-assets.com/images/S/compressed.photo.goodreads.com/books/1333191638i/1127841._SX50_.jpg,https://www.goodreads.com/book/show/1127841.Artificial_Intelligence,goodreads_scraped
"TCP/IP Illustrated, Vol. 1: The Protocols","TCP/IP Illustrated, Vol. 1: The Protocols (Addison-Wesley Professional Computing Series)",W. Richard Stevens,4.31,1315,https://i.gr-assets.com/images/S/compressed.photo.goodreads.com/books/1348004070i/505560._SX50_.jpg,https://www.goodreads.com/book/show/505560.TCP_IP_Illustrated_Vol_1,goodreads_scraped
Algorithms,Algorithms,Robert Sedgewick,4.42,1830,https://i.gr-assets.com/images/S/compressed.photo.goodreads.com/books/1348011905i/10803540._SX50_.jpg,https://www.goodreads.com/book/show/10803540-algorithms,goodreads_scraped
Web Hacking Arsenal: A Practical Guide to Modern Web Pentesting,Web Hacking Arsenal: A Practical Guide to Modern Web Pentesting,Rafay  Baloch,4.96,51,https://i.gr-assets.com/images/S/compressed.photo.goodreads.com/books/1718876552i/208444434._SY75_.jpg,https://www.goodreads.com/book/show/208444434-web-hacking-arsenal,goodreads_scraped
"Introduction to Automata Theory, Languages, and Computation","Introduction to Automata Theory, Languages, and Computation",John E. Hopcroft,4.05,672,https://i.gr-assets.com/images/S/compressed.photo.goodreads.com/books/1387668734i/1384026._SY75_.jpg,https://www.goodreads.com/book/show/1384026.Introduction_to_Automata_Theory_Languages_and_Computation,goodreads_scraped
Concrete Mathematics: A Foundation for Computer Science,Concrete Mathematics: A Foundation for Computer Science,Ronald Graham,4.34,1877,https://i.gr-assets.com/images/S/compressed.photo.goodreads.com/books/1348780612i/112243._SX50_.jpg,https://www.goodreads.com/book/show/112243.Concrete_Mathematics,goodreads_scraped
Learn You a Haskell for Great Good!: A Beginner's Guide,Learn You a Haskell for Great Good!: A Beginner's Guide,Miran Lipovača,4.3,2381,https://i.gr-assets.com/images/S/compressed.photo.goodreads.com/books/1328753505i/9282423._SX50_.jpg,https://www.goodreads.com/book/show/9282423-learn-you-a-haskell-for-great-good,goodreads_scraped
A Discipline of Programming,A Discipline of Programming (Prentice-Hall Series in Automatic Computation),Edsger W. Dijkstra,4.23,182,https://i.gr-assets.com/images/S/compressed.photo.goodreads.com/books/1348910294i/2276288._SY75_.jpg,https://www.goodreads.com/book/show/2276288.A_Discipline_of_Programming,goodreads_scraped
The Society of Mind,The Society of Mind,Marvin Minsky,4.04,3377,https://i.gr-assets.com/images/S/compressed.photo.goodreads.com/books/1348639169i/326790._SX50_.jpg,https://www.goodreads.com/book/show/326790.The_Society_of_Mind,goodreads_scraped
The Psychology of Computer Programming,The Psychology of Computer Programming,Gerald M. Weinberg,4.06,606,https://i.gr-assets.com/images/S/compressed.photo.goodreads.com/books/1356139932i/1660754._SY75_.jpg,https://www.goodreads.com/book/show/1660754.The_Psychology_of_Computer_Programming,goodreads_scraped
Joel on Software,Joel on Software,Joel Spolsky,4.13,3382,https://i.gr-assets.com/images/S/compressed.photo.goodreads.com/books/1419283213i/41786._SX50_.jpg,https://www.goodreads.com/book/show/41786.Joel_on_Software,goodreads_scraped
Introduction to System Design,Introduction to System Design,Shivam    Singh,4.15,41,https://i.gr-assets.com/images/S/compressed.photo.goodreads.com/books/1624938995i/58451030._SY75_.jpg,https://www.goodreads.com/book/show/58451030-introduction-to-system-design,goodreads_scraped
The UNIX Programming Environment,The UNIX Programming Environment,Brian W. Kernighan,4.24,1315,https://i.gr-assets.com/images/S/compressed.photo.goodreads.com/books/1469578824i/337338._SX50_.jpg,https://www.goodreads.com/book/show/337338.The_UNIX_Programming_Environment,goodreads_scraped
"The Art of Computer Programming, Volume 1: Fundamental Algorithms","The Art of Computer Programming, Volume 1: Fundamental Algorithms",Donald Ervin Knuth,4.38,1891,https://i.gr-assets.com/images/S/compressed.photo.goodreads.com/books/1388242904i/112247._SX50_.jpg,https://www.goodreads.com/book/show/112247.The_Art_of_Computer_Programming_Volume_1,goodreads_scraped
"Applied Cryptography: Protocols, Algorithms, and Source Code in C","Applied Cryptography: Protocols, Algorithms, and Source Code in C",Bruce Schneier,4.21,2139,https://i.gr-assets.com/images/S/compressed.photo.goodreads.com/books/1387734235i/351301._SX50_.jpg,https://www.goodreads.com/book/show/351301.Applied_Cryptography,goodreads_scraped
Feynman Lectures On Computation,Feynman Lectures On Computation,Richard P. Feynman,4.26,483,https://i.gr-assets.com/images/S/compressed.photo.goodreads.com/books/1436771028i/17274._SY75_.jpg,https://www.goodreads.com/book/show/17274.Feynman_Lectures_On_Computation,goodreads_scraped
"A First Course in Logic: An Introduction to Model Theory, Proof Theory, Computability, and Complexity","A First Course in Logic: An Introduction to Model Theory, Proof Theory, Computability, and Complexity",Shawn Hedman,4.33,21,https://i.gr-assets.com/images/S/compressed.photo.goodreads.com/books/1349073917i/2063650._SX50_.jpg,https://www.goodreads.com/book/show/2063650.A_First_Course_in_Logic,goodreads_scraped
An Introduction to Functional Programming Through Lambda Calculus,An Introduction to Functional Programming Through Lambda Calculus,Greg Michaelson,4.13,226,https://i.gr-assets.com/images/S/compressed.photo.goodreads.com/books/1328863452i/12169041._SX50_.jpg,https://www.goodreads.com/book/show/12169041-an-introduction-to-functional-programming-through-lambda-calculus,goodreads_scraped
Chaos: Making a New Science,Chaos: Making a New Science,James Gleick,4.03,41731,https://i.gr-assets.com/images/S/compressed.photo.goodreads.com/books/1327941595i/64582._SY75_.jpg,https://www.goodreads.com/book/show/64582.Chaos,goodreads_scraped
Fundamental Kotlin,Fundamental Kotlin,Miloš  Vasić,4.21,38,https://i.gr-assets.com/images/S/compressed.photo.goodreads.com/books/1475073984i/32307194._SX50_.jpg,https://www.goodreads.com/book/show/32307194-fundamental-kotlin,goodreads_scraped
What Is Life? with Mind and Matter and Autobiographical Sketches,What Is Life? with Mind and Matter and Autobiographical Sketches,Erwin Schrödinger,4.13,7904,https://i.gr-assets.com/images/S/compressed.photo.goodreads.com/books/1348631664i/162780._SY75_.jpg,https://www.goodreads.com/book/show/162780.What_Is_Life_with_Mind_and_Matter_and_Autobiographical_Sketches,goodreads_scraped
Pro Git,Pro Git,Scott Chacon,4.18,3413,https://i.gr-assets.com/images/S/compressed.photo.goodreads.com/books/1383771684i/6518085._SX50_.jpg,https://www.goodreads.com/book/show/6518085-pro-git,goodreads_scraped
Structured Computer Organization,Structured Computer Organization,Andrew S. Tanenbaum,4.03,592,https://i.gr-assets.com/images/S/compressed.photo.goodreads.com/books/1661235768i/457107._SX50_.jpg,https://www.goodreads.com/book/show/457107.Structured_Computer_Organization,goodreads_scraped
Quality Software Management: Systems Thinking,Quality Software Management: Systems Thinking,Gerald M. Weinberg,4.29,103,https://i.gr-assets.com/images/S/compressed.photo.goodreads.com/books/1388902624i/714348._SX50_.jpg,https://www.goodreads.com/book/show/714348.Quality_Software_Management,goodreads_scraped
Database System Concepts,Database System Concepts,Abraham Silberschatz,3.75,563,https://i.gr-assets.com/images/S/compressed.photo.goodreads.com/books/1348935598i/161332._SX50_.jpg,https://www.goodreads.com/book/show/161332.Database_System_Concepts,goodreads_scraped
An Introduction to Database Systems,An Introduction to Database Systems,C.J. Date,3.92,373,https://i.gr-assets.com/images/S/compressed.photo.goodreads.com/books/1348753274i/236664._SX50_.jpg,https://www.goodreads.com/book/show/236664.An_Introduction_to_Database_Systems,goodreads_scraped
The Fractal Geometry of Nature,The Fractal Geometry of Nature,Benoît B. Mandelbrot,4.23,1295,https://i.gr-assets.com/images/S/compressed.photo.goodreads.com/books/1315596427i/558059._SX50_.jpg,https://www.goodreads.com/book/show/558059.The_Fractal_Geometry_of_Nature,goodreads_scraped
Computability and Unsolvability,Computability and Unsolvability,Martin D. Davis,3.87,31,https://i.gr-assets.com/images/S/compressed.photo.goodreads.com/books/1328862492i/982829._SY75_.jpg,https://www.goodreads.com/book/show/982829.Computability_and_Unsolvability,goodreads_scraped
Just Enough Tech: All the technical knowledge you need to succeed in any Tech industry interview,Just Enough Tech: All the technical knowledge you need to succeed in any Tech industry interview,Shivam    Singh,4.29,7,https://i.gr-assets.com/images/S/compressed.photo.goodreads.com/books/1644228215i/60331464._SY75_.jpg,https://www.goodreads.com/book/show/60331464-just-enough-tech,goodreads_scraped
Operating Systems: Three Easy Pieces,Operating Systems: Three Easy Pieces,Remzi H. Arpaci-Dusseau,4.7,868,https://i.gr-assets.com/images/S/compressed.photo.goodreads.com/books/1360887934i/17374825._SY75_.jpg,https://www.goodreads.com/book/show/17374825-operating-systems,goodreads_scraped
Algorithm Design,Algorithm Design,Jon Kleinberg,4.17,668,https://i.gr-assets.com/images/S/compressed.photo.goodreads.com/books/1348335904i/145055._SX50_.jpg,https://www.goodreads.com/book/show/145055.Algorithm_Design,goodreads_scraped
The Code Book: The Science of Secrecy from Ancient Egypt to Quantum Cryptography,The Code Book: The Science of Secrecy from Ancient Egypt to Quantum Cryptography,Simon Singh,4.3,29358,https://i.gr-assets.com/images/S/compressed.photo.goodreads.com/books/1403181687i/17994._SY75_.jpg,https://www.goodreads.com/book/show/17994.The_Code_Book,goodreads_scraped
Basic Proof Theory,"Basic Proof Theory (Cambridge Tracts in Theoretical Computer Science, Series Number 43)",Anne S. Troelstra,3.91,11,https://i.gr-assets.com/images/S/compressed.photo.goodreads.com/books/1267981146i/3400003._SY75_.jpg,https://www.goodreads.com/book/show/3400003-basic-proof-theory,goodreads_scraped
Computational Complexity,Computational Complexity,Christos H. Papadimitriou,3.89,141,https://i.gr-assets.com/images/S/compressed.photo.goodreads.com/books/1347425673i/138562._SY75_.jpg,https://www.goodreads.com/book/show/138562.Computational_Complexity,goodreads_scraped
Computability and Logic,Computability and Logic,George S. Boolos,4.14,166,https://i.gr-assets.com/images/S/compressed.photo.goodreads.com/books/1586530832i/1556746._SX50_.jpg,https://www.goodreads.com/book/show/1556746.Computability_and_Logic,goodreads_scraped
Computability Theory,Computability Theory (Chapman Hall/CRC Mathematics Series),S. Barry Cooper,4.12,17,https://i.gr-assets.com/images/S/compressed.photo.goodreads.com/books/1356187296i/2366835._SY75_.jpg,https://www.goodreads.com/book/show/2366835.Computability_Theory,goodreads_scraped
Waltzing With Bears: Managing Risk on Software Projects,Waltzing With Bears: Managing Risk on Software Projects,Tom DeMarco,3.98,784,https://i.gr-assets.com/images/S/compressed.photo.goodreads.com/books/1356137390i/665153._SY75_.jpg,https://www.goodreads.com/book/show/665153.Waltzing_With_Bears,goodreads_scraped
The Quark and the Jaguar: Adventures in the Simple and the Complex,The Quark and the Jaguar: Adventures in the Simple and the Complex,Murray Gell-Mann,3.84,1810,https://i.gr-assets.com/images/S/compressed.photo.goodreads.com/books/1388362851i/270881._SY75_.jpg,https://www.goodreads.com/book/show/270881.The_Quark_and_the_Jaguar,goodreads_scraped
Sync: The Emerging Science of Spontaneous Order,Sync: The Emerging Science of Spontaneous Order,Steven H. Strogatz,4.07,3329,https://i.gr-assets.com/images/S/compressed.photo.goodreads.com/books/1388474584i/354421._SX50_.jpg,https://www.goodreads.com/book/show/354421.Sync,goodreads_scraped
"Linked: How Everything Is Connected to Everything Else and What It Means for Business, Science, and Everyday Life","Linked: How Everything Is Connected to Everything Else and What It Means for Business, Science, and Everyday Life",Albert-László Barabási,3.94,5262,https://i.gr-assets.com/images/S/compressed.photo.goodreads.com/books/1309203512i/154293._SY75_.jpg,https://www.goodreads.com/book/show/154293.Linked,goodreads_scraped
Engines of Creation: The Coming Era of Nanotechnology,Engines of Creation: The Coming Era of Nanotechnology,Eric Drexler,4.18,937,https://i.gr-assets.com/images/S/compressed.photo.goodreads.com/books/1320504490i/83596._SY75_.jpg,https://www.goodreads.com/book/show/83596.Engines_of_Creation,goodreads_scraped
"Designing Data-Intensive Applications: The Big Ideas Behind Reliable, Scalable, and Maintainable Systems","Designing Data-Intensive Applications: The Big Ideas Behind Reliable, Scalable, and Maintainable Systems",Martin Kleppmann,4.69,10936,https://i.gr-assets.com/images/S/compressed.photo.goodreads.com/books/1501626846i/23466395._SX50_.jpg,https://www.goodreads.com/book/show/23466395-designing-data-intensive-applications,goodreads_scraped
Elements of the Theory of Computation,Elements of the Theory of Computation,Harry R. Lewis,3.89,122,https://i.gr-assets.com/images/S/compressed.photo.goodreads.com/books/1348247942i/138565._SX50_.jpg,https://www.goodreads.com/book/show/138565.Elements_of_the_Theory_of_Computation,goodreads_scraped
Exploring Requirements: Quality Before Design,Exploring Requirements: Quality Before Design,Donald C. Gause,3.81,136,https://i.gr-assets.com/images/S/compressed.photo.goodreads.com/books/1356134386i/969805._SX50_.jpg,https://www.goodreads.com/book/show/969805.Exploring_Requirements,goodreads_scraped
"The IT Handbook for Business, Managing Information Technology Support Costs","The IT Handbook for Business, Managing Information Technology Support Costs",William C. Couie,4.23,13,https://i.gr-assets.com/images/S/compressed.photo.goodreads.com/books/1348554571i/9402023._SX50_.jpg,https://www.goodreads.com/book/show/9402023-the-it-handbook-for-business-managing-information-technology-support-co,goodreads_scraped
Reviewing Java,Reviewing Java,Alex Maureau,4.0,6,https://i.gr-assets.com/images/S/compressed.photo.goodreads.com/books/1390170932i/7966111._SX50_.jpg,https://www.goodreads.com/book/show/7966111-reviewing-java,goodreads_scraped
Six Degrees: The Science of a Connected Age,Six Degrees: The Science of a Connected Age,Duncan J. Watts,3.9,1203,https://i.gr-assets.com/images/S/compressed.photo.goodreads.com/books/1348346215i/818170._SY75_.jpg,https://www.goodreads.com/book/show/818170.Six_Degrees,goodreads_scraped
C: A Reference Manual,C: A Reference Manual,Samuel P. Harbison III,4.18,310,https://i.gr-assets.com/images/S/compressed.photo.goodreads.com/books/1387714577i/946107._SX50_.jpg,https://www.goodreads.com/book/show/946107.C,goodreads_scraped
Communication Networks: Fundamental Concepts and Key Architectures,Communication Networks: Fundamental Concepts and Key Architectures,Alberto Leon-Garcia,4.19,53,https://i.gr-assets.com/images/S/compressed.photo.goodreads.com/books/1386921392i/62846._SX50_.jpg,https://www.goodreads.com/book/show/62846.Communication_Networks,goodreads_scraped
Reviewing C++,Reviewing C++,Alex Maureau,3.43,7,https://i.gr-assets.com/images/S/compressed.photo.goodreads.com/books/1390180432i/8019686._SX50_.jpg,https://www.goodreads.com/book/show/8019686-reviewing-c,goodreads_scraped
Debugging: The 9 Indispensable Rules for Finding Even the Most Elusive Software and Hardware Problems,Debugging: The 9 Indispensable Rules for Finding Even the Most Elusive Software and Hardware Problems,David J. Agans,4.25,523,https://i.gr-assets.com/images/S/compressed.photo.goodreads.com/books/1348215122i/3938178._SX50_.jpg,https://www.goodreads.com/book/show/3938178-debugging,goodreads_scraped
The Meme Machine,The Meme Machine,Susan Blackmore,3.86,4270,https://i.gr-assets.com/images/S/compressed.photo.goodreads.com/books/1347677335i/254502._SY75_.jpg,https://www.goodreads.com/book/show/254502.The_Meme_Machine,goodreads_scraped
The Shape of Inner Space: String Theory and the Geometry of the Universe's Hidden Dimensions,The Shape of Inner Space: String Theory and the Geometry of the Universe's Hidden Dimensions,Shing-Tung Yau,3.99,844,https://i.gr-assets.com/images/S/compressed.photo.goodreads.com/books/1328841750i/8174588._SY75_.jpg,https://www.goodreads.com/book/show/8174588-the-shape-of-inner-space,goodreads_scraped
Does God Play Dice?: The New Mathematics of Chaos,Does God Play Dice?: The New Mathematics of Chaos,Ian Stewart,4.02,1739,https://i.gr-assets.com/images/S/compressed.photo.goodreads.com/books/1387713491i/445129._SY75_.jpg,https://www.goodreads.com/book/show/445129.Does_God_Play_Dice_,goodreads_scraped
The Cosmic Landscape: String Theory and the Illusion of Intelligent Design,The Cosmic Landscape: String Theory and the Illusion of Intelligent Design,Leonard Susskind,4.15,2851,https://i.gr-assets.com/images/S/compressed.photo.goodreads.com/books/1387709801i/771550._SY75_.jpg,https://www.goodreads.com/book/show/771550.The_Cosmic_Landscape,goodreads_scraped
"The Strangest Man: The Hidden Life of Paul Dirac, Mystic of the Atom","The Strangest Man: The Hidden Life of Paul Dirac, Mystic of the Atom",Graham Farmelo,4.02,7554,https://i.gr-assets.com/images/S/compressed.photo.goodreads.com/books/1442970409i/6629359._SY75_.jpg,https://www.goodreads.com/book/show/6629359-the-strangest-man,goodreads_scraped
"The Book of Nothing: Vacuums, Voids, and the Latest Ideas about the Origins of the Universe","The Book of Nothing: Vacuums, Voids, and the Latest Ideas about the Origins of the Universe",John D. Barrow,3.96,1229,https://i.gr-assets.com/images/S/compressed.photo.goodreads.com/books/1320419009i/313956._SY75_.jpg,https://www.goodreads.com/book/show/313956.The_Book_of_Nothing,goodreads_scraped
Machine Learning with Neural Networks: An In-depth Visual Introduction with Python: Make Your Own Neural Network in Python: A Simple Guide on Machine Learning with Neural Networks.,Machine Learning with Neural Networks: An In-depth Visual Introduction with Python: Make Your Own Neural Network in Python: A Simple Guide on Machine Learning with Neural Networks.,Michael Taylor,4.0,176,https://i.gr-assets.com/images/S/compressed.photo.goodreads.com/books/1504136298i/36153846._SX50_.jpg,https://www.goodreads.com/book/show/36153846-machine-learning-with-neural-networks,goodreads_scraped
Cracking the Coding Interview: 150 Programming Questions and Solutions,Cracking the Coding Interview: 150 Programming Questions and Solutions,Gayle Laakmann McDowell,4.33,6931,https://i.gr-assets.com/images/S/compressed.photo.goodreads.com/books/1391311964i/12544648._SY75_.jpg,https://www.goodreads.com/book/show/12544648-cracking-the-coding-interview,goodreads_scraped
C Primer Plus,C Primer Plus,Stephen Prata,4.15,266,https://i.gr-assets.com/images/S/compressed.photo.goodreads.com/books/1348613457i/120642._SX50_.jpg,https://www.goodreads.com/book/show/120642.C_Primer_Plus,goodreads_scraped
Discrete Mathematics and its Applications,Discrete Mathematics and its Applications,Kenneth H. Rosen,3.89,1555,https://i.gr-assets.com/images/S/compressed.photo.goodreads.com/books/1387738050i/1800803._SX50_.jpg,https://www.goodreads.com/book/show/1800803.Discrete_Mathematics_and_its_Applications,goodreads_scraped
Purely Functional Data Structures,Purely Functional Data Structures (Volume 0),Chris Okasaki,4.15,674,https://i.gr-assets.com/images/S/compressed.photo.goodreads.com/books/1388210737i/594288._SY75_.jpg,https://www.goodreads.com/book/show/594288.Purely_Functional_Data_Structures,goodreads_scraped
The Sciences of the Artificial,The Sciences of the Artificial,Herbert A. Simon,4.29,676,https://i.gr-assets.com/images/S/compressed.photo.goodreads.com/books/1347640238i/676046._SX50_.jpg,https://www.goodreads.com/book/show/676046.The_Sciences_of_the_Artificial,goodreads_scraped
Computer Organization & Design: The Hardware/Software Interface,Computer Organization & Design: The Hardware/Software Interface,David A. Patterson,3.98,1713,https://i.gr-assets.com/images/S/compressed.photo.goodreads.com/books/1386925474i/83895._SX50_.jpg,https://www.goodreads.com/book/show/83895.Computer_Organization_Design,goodreads_scraped
"Slack: Getting Past Burnout, Busywork, and the Myth of Total Efficiency","Slack: Getting Past Burnout, Busywork, and the Myth of Total Efficiency",Tom DeMarco,4.02,1644,https://i.gr-assets.com/images/S/compressed.photo.goodreads.com/books/1320419657i/123715._SY75_.jpg,https://www.goodreads.com/book/show/123715.Slack,goodreads_scraped
Lambda-Calculus and Combinators: An Introduction,Lambda-Calculus and Combinators: An Introduction,J. Roger Hindley,3.83,23,https://i.gr-assets.com/images/S/compressed.photo.goodreads.com/books/1348931890i/4189051._SY75_.jpg,https://www.goodreads.com/book/show/4189051-lambda-calculus-and-combinators,goodreads_scraped
"Lambda-calculus, Combinators and Functional Programming","Lambda-calculus, Combinators and Functional Programming (Cambridge Tracts in Theoretical Computer Science, Series Number 4) (Volume 0)",György E. Révész,3.0,6,https://i.gr-assets.com/images/S/compressed.photo.goodreads.com/books/1348156988i/6978477._SX50_.jpg,https://www.goodreads.com/book/show/6978477-lambda-calculus-combinators-and-functional-programming-cambridge-tract,goodreads_scraped
Design And Validation Of Computer Protocols,Design And Validation Of Computer Protocols,Gerard J. Holzmann,3.81,16,https://i.gr-assets.com/images/S/compressed.photo.goodreads.com/books/1348992656i/1877524._SX50_.jpg,https://www.goodreads.com/book/show/1877524.Design_And_Validation_Of_Computer_Protocols,goodreads_scraped
High Performance Browser Networking,High Performance Browser Networking,Ilya Grigorik,4.5,859,https://i.gr-assets.com/images/S/compressed.photo.goodreads.com/books/1369754654i/17985198._SX50_.jpg,https://www.goodreads.com/book/show/17985198-high-performance-browser-networking,goodreads_scraped
File Structures: An Object-Oriented Approach with C++,File Structures: An Object-Oriented Approach with C++,Michael J. Folk,3.88,105,https://i.gr-assets.com/images/S/compressed.photo.goodreads.com/books/1387712530i/614858._SY75_.jpg,https://www.goodreads.com/book/show/614858.File_Structures,goodreads_scraped
Journey through Genius: The Great Theorems of Mathematics,Journey through Genius: The Great Theorems of Mathematics,William Dunham,4.22,2986,https://i.gr-assets.com/images/S/compressed.photo.goodreads.com/books/1348678123i/116185._SY75_.jpg,https://www.goodreads.com/book/show/116185.Journey_through_Genius,goodreads_scraped
IBM and the Holocaust,IBM and the Holocaust,Edwin Black,4.04,1908,https://i.gr-assets.com/images/S/compressed.photo.goodreads.com/books/1170356670i/48838._SY75_.jpg,https://www.goodreads.com/book/show/48838.IBM_and_the_Holocaust,goodreads_scraped
"Concepts, Techniques, and Models of Computer Programming","Concepts, Techniques, and Models of Computer Programming",Peter Van Roy,4.11,245,https://i.gr-assets.com/images/S/compressed.photo.goodreads.com/books/1347393759i/772585._SX50_.jpg,https://www.goodreads.com/book/show/772585.Concepts_Techniques_and_Models_of_Computer_Programming,goodreads_scraped
A History of π,A History of π,Petr Beckmann,3.94,2875,https://i.gr-assets.com/images/S/compressed.photo.goodreads.com/books/1388281130i/586616._SY75_.jpg,https://www.goodreads.com/book/show/586616.A_History_of_,goodreads_scraped
"Python Handbook For Beginners. A Hands-On Crash Course For Kids, Newbies And Everybody Else","Python Handbook For Beginners. A Hands-On Crash Course For Kids, Newbies And Everybody Else",Roman Gurbanov,4.27,11,https://i.gr-assets.com/images/S/compressed.photo.goodreads.com/books/1621006316i/58041738._SY75_.jpg,https://www.goodreads.com/book/show/58041738-python-handbook-for-beginners-a-hands-on-crash-course-for-kids-newbies,goodreads_scraped
Clean Architecture,Clean Architecture,Robert C. Martin,4.21,7211,https://i.gr-assets.com/images/S/compressed.photo.goodreads.com/books/1471680093i/18043011._SX50_.jpg,https://www.goodreads.com/book/show/18043011-clean-architecture,goodreads_scraped
JavaScript Patterns: Build Better Applications with Coding and Design Patterns,JavaScript Patterns: Build Better Applications with Coding and Design Patterns,Stoyan Stefanov,4.17,1629,https://i.gr-assets.com/images/S/compressed.photo.goodreads.com/books/1344668503i/9422683._SX50_.jpg,https://www.goodreads.com/book/show/9422683-javascript-patterns,goodreads_scraped
The Art of Electronics,The Art of Electronics,Paul Horowitz,4.41,1626,https://i.gr-assets.com/images/S/compressed.photo.goodreads.com/books/1347448765i/569775._SX50_.jpg,https://www.goodreads.com/book/show/569775.The_Art_of_Electronics,goodreads_scraped
Learn Linux Quickly: A Friendly Guide to Easily Master the World's Most Powerful Operating System.,Learn Linux Quickly: A Friendly Guide to Easily Master the World's Most Powerful Operating System.,Ahmed Alkabary,4.17,24,https://i.gr-assets.com/images/S/compressed.photo.goodreads.com/books/1590572763i/53493868._SX50_.jpg,https://www.goodreads.com/book/show/53493868-learn-linux-quickly,goodreads_scraped
"HTML and CSS QuickStart Guide: The Simplified Beginners Guide to Developing a Strong Coding Foundation, Building Responsive Websites, and Mastering ...","HTML and CSS QuickStart Guide: The Simplified Beginners Guide to Developing a Strong Coding Foundation, Building Responsive Websites, and Mastering ...",David Durocher,4.22,9,https://i.gr-assets.com/images/S/compressed.photo.goodreads.com/books/1612629382i/56971310._SX50_.jpg,https://www.goodreads.com/book/show/56971310-html-and-css-quickstart-guide,goodreads_scraped
Elixir in Action,Elixir in Action,Saša Jurić,4.57,392,https://i.gr-assets.com/images/S/compressed.photo.goodreads.com/books/1519435676i/38732242._SX50_.jpg,https://www.goodreads.com/book/show/38732242-elixir-in-action,goodreads_scraped
Programming Elixir: Functional |> Concurrent |> Pragmatic |> Fun,Programming Elixir: Functional |> Concurrent |> Pragmatic |> Fun,Dave         Thomas,4.28,738,https://i.gr-assets.com/images/S/compressed.photo.goodreads.com/books/1369310461i/17971957._SX50_.jpg,https://www.goodreads.com/book/show/17971957-programming-elixir,goodreads_scraped
Learn Functional Programming with Elixir: New Foundations for a New World,Learn Functional Programming with Elixir: New Foundations for a New World,Ulisses Almeida,4.14,90,https://i.gr-assets.com/images/S/compressed.photo.goodreads.com/books/1490827720i/34637919._SX50_.jpg,https://www.goodreads.com/book/show/34637919-learn-functional-programming-with-elixir,goodreads_scraped
Programming Ecto: Build Database Apps in Elixir for Scalability and Performance,Programming Ecto: Build Database Apps in Elixir for Scalability and Performance,Darin Wilson,4.23,99,https://i.gr-assets.com/images/S/compressed.photo.goodreads.com/books/1561421750l/50056541._SX50_SY75_.jpg,https://www.goodreads.com/book/show/50056541-programming-ecto,goodreads_scraped
Thinking in Promises: Designing Systems for Cooperation,Thinking in Promises: Designing Systems for Cooperation,Mark  Burgess,3.76,55,https://i.gr-assets.com/images/S/compressed.photo.goodreads.com/books/1554299109i/24216682._SX50_.jpg,https://www.goodreads.com/book/show/24216682-thinking-in-promises,goodreads_scraped
Windows Powershell in Action,Windows Powershell in Action,Bruce Payette,4.18,187,https://i.gr-assets.com/images/S/compressed.photo.goodreads.com/books/1347679107i/11467371._SX50_.jpg,https://www.goodreads.com/book/show/11467371-windows-powershell-in-action,goodreads_scraped
"Functional Web Development with Elixir, OTP, and Phoenix: Rethink the Modern Web App","Functional Web Development with Elixir, OTP, and Phoenix: Rethink the Modern Web App",Lance Halvorsen,4.17,81,https://i.gr-assets.com/images/S/compressed.photo.goodreads.com/books/1519374610i/38726929._SX50_.jpg,https://www.goodreads.com/book/show/38726929-functional-web-development-with-elixir-otp-and-phoenix,goodreads_scraped
Programming Elixir ≥ 1.6: Functional |> Concurrent |> Pragmatic |> Fun,Programming Elixir ≥ 1.6: Functional |> Concurrent |> Pragmatic |> Fun,Dave         Thomas,4.28,738,https://i.gr-assets.com/images/S/compressed.photo.goodreads.com/books/1529573913i/40224740._SX50_.jpg,https://www.goodreads.com/book/show/40224740-programming-elixir-1-6,goodreads_scraped
Network Programming with Go: Code Secure and Reliable Network Services from Scratch,Network Programming with Go: Code Secure and Reliable Network Services from Scratch,Adam Woodbeck,4.1,51,https://i.gr-assets.com/images/S/compressed.photo.goodreads.com/books/1600094082i/52555535._SX50_.jpg,https://www.goodreads.com/book/show/52555535-network-programming-with-go,goodreads_scraped
Web Security for Developers,Web Security for Developers,Malcolm McDonald,4.02,122,https://i.gr-assets.com/images/S/compressed.photo.goodreads.com/books/1587494258i/52522835._SX50_.jpg,https://www.goodreads.com/book/show/52522835-web-security-for-developers,goodreads_scraped
Python Beyond the Basics,Python Beyond the Basics,Al Sweigart,4.27,242,https://i.gr-assets.com/images/S/compressed.photo.goodreads.com/books/1658467493i/53060254._SX50_.jpg,https://www.goodreads.com/book/show/53060254-python-beyond-the-basics,goodreads_scraped
Effective C: An Introduction to Professional C Programming,Effective C: An Introduction to Professional C Programming,Robert C. Seacord,3.88,145,https://i.gr-assets.com/images/S/compressed.photo.goodreads.com/books/1591127009i/53778295._SX50_.jpg,https://www.goodreads.com/book/show/53778295-effective-c,goodreads_scraped
Thinking in Bets: Making Smarter Decisions When You Don't Have All the Facts,Thinking in Bets: Making Smarter Decisions When You Don't Have All the Facts,Annie Duke,3.82,24470,https://i.gr-assets.com/images/S/compressed.photo.goodreads.com/books/1513351600i/35957157._SY75_.jpg,https://www.goodreads.com/book/show/35957157-thinking-in-bets,goodreads_scraped
Clean Agile: Back to Basics,Clean Agile: Back to Basics,Robert C. Martin,4.24,1582,https://i.gr-assets.com/images/S/compressed.photo.goodreads.com/books/1568477691i/45280021._SX50_.jpg,https://www.goodreads.com/book/show/45280021-clean-agile,goodreads_scraped
Programming Ecto,Programming Ecto,Darin Wilson,4.23,99,https://i.gr-assets.com/images/S/compressed.photo.goodreads.com/books/1529434502i/40582814._SX50_.jpg,https://www.goodreads.com/book/show/40582814-programming-ecto,goodreads_scraped
"Webbots, Spiders, and Screen Scrapers","Webbots, Spiders, and Screen Scrapers",Michael Schrenk,3.77,13,https://i.gr-assets.com/images/S/compressed.photo.goodreads.com/books/1394248167i/8346847._SX50_.jpg,https://www.goodreads.com/book/show/8346847-webbots-spiders-and-screen-scrapers,goodreads_scraped
"Linux Basics for Hackers: Getting Started with Networking, Scripting, and Security in Kali","Linux Basics for Hackers: Getting Started with Networking, Scripting, and Security in Kali",OccupyTheWeb,4.12,602,https://i.gr-assets.com/images/S/compressed.photo.goodreads.com/books/1515306341i/37845940._SX50_.jpg,https://www.goodreads.com/book/show/37845940-linux-basics-for-hackers,goodreads_scraped
"Designing for Scalability with Erlang/OTP: Implement Robust, Fault-Tolerant Systems","Designing for Scalability with Erlang/OTP: Implement Robust, Fault-Tolerant Systems",Francesco Cesarini,4.45,82,https://i.gr-assets.com/images/S/compressed.photo.goodreads.com/books/1394994681i/18324312._SX50_.jpg,https://www.goodreads.com/book/show/18324312-designing-for-scalability-with-erlang-otp,goodreads_scraped
"Applied Network Security Monitoring: Collection, Detection, and Analysis","Applied Network Security Monitoring: Collection, Detection, and Analysis",Chris Sanders,4.18,65,https://i.gr-assets.com/images/S/compressed.photo.goodreads.com/books/1378102260i/18349711._SX50_.jpg,https://www.goodreads.com/book/show/18349711-applied-network-security-monitoring,goodreads_scraped
"The Art of Memory Forensics: Detecting Malware and Threats in Windows, Linux, and Mac Memory","The Art of Memory Forensics: Detecting Malware and Threats in Windows, Linux, and Mac Memory",Michael Hale Ligh,4.34,123,https://i.gr-assets.com/images/S/compressed.photo.goodreads.com/books/1403536721i/19525138._SX50_.jpg,https://www.goodreads.com/book/show/19525138-the-art-of-memory-forensics,goodreads_scraped
"Attacking Network Protocols: A Hacker's Guide to Capture, Analysis, and Exploitation","Attacking Network Protocols: A Hacker's Guide to Capture, Analysis, and Exploitation",James Forshaw,3.91,132,https://i.gr-assets.com/images/S/compressed.photo.goodreads.com/books/1505179609i/36225016._SX50_.jpg,https://www.goodreads.com/book/show/36225016-attacking-network-protocols,goodreads_scraped
A Common-Sense Guide to Data Structures and Algorithms: Level Up Your Core Programming Skills,A Common-Sense Guide to Data Structures and Algorithms: Level Up Your Core Programming Skills,Jay Wengrow,4.39,608,https://i.gr-assets.com/images/S/compressed.photo.goodreads.com/books/1490789883i/34695800._SX50_.jpg,https://www.goodreads.com/book/show/34695800-a-common-sense-guide-to-data-structures-and-algorithms,goodreads_scraped
Patterns Principles and Practices of Domain Driven Design,Patterns Principles and Practices of Domain Driven Design,Scott Millett,4.37,390,https://i.gr-assets.com/images/S/compressed.photo.goodreads.com/books/1436536731i/25531393._SX50_.jpg,https://www.goodreads.com/book/show/25531393-patterns-principles-and-practices-of-domain-driven-design,goodreads_scraped
Developer Hegemony: The Future of Labor,Developer Hegemony: The Future of Labor,Erik Dietrich,4.03,474,https://i.gr-assets.com/images/S/compressed.photo.goodreads.com/books/1493740696i/35051753._SY75_.jpg,https://www.goodreads.com/book/show/35051753-developer-hegemony,goodreads_scraped
"Systems Thinking, Systems Practice","Systems Thinking, Systems Practice",Peter Checkland,4.13,113,https://i.gr-assets.com/images/S/compressed.photo.goodreads.com/books/1182120537i/1234198._SX50_.jpg,https://www.goodreads.com/book/show/1234198.Systems_Thinking_Systems_Practice,goodreads_scraped
Effective Ruby: 48 Specific Ways to Write Better Ruby,Effective Ruby: 48 Specific Ways to Write Better Ruby,Peter J. Jones,4.38,69,https://i.gr-assets.com/images/S/compressed.photo.goodreads.com/books/1416775732i/22251128._SX50_.jpg,https://www.goodreads.com/book/show/22251128-effective-ruby,goodreads_scraped
How To Create Your Own Freaking Awesome Programming Language,How To Create Your Own Freaking Awesome Programming Language,Marc-André Cournoyer,3.88,26,https://i.gr-assets.com/images/S/compressed.photo.goodreads.com/books/1288822141i/9640000._SX50_.jpg,https://www.goodreads.com/book/show/9640000-how-to-create-your-own-freaking-awesome-programming-language,goodreads_scraped
"The Phoenix Project: A Novel About IT, DevOps, and Helping Your Business Win","The Phoenix Project: A Novel About IT, DevOps, and Helping Your Business Win",Gene Kim,4.25,50836,https://i.gr-assets.com/images/S/compressed.photo.goodreads.com/books/1361113128i/17255186._SX50_.jpg,https://www.goodreads.com/book/show/17255186-the-phoenix-project,goodreads_scraped
How Linux Works: What Every Superuser Should Know,How Linux Works: What Every Superuser Should Know,Brian  Ward,4.18,1257,https://i.gr-assets.com/images/S/compressed.photo.goodreads.com/books/1328753430i/514432._SX50_.jpg,https://www.goodreads.com/book/show/514432.How_Linux_Works,goodreads_scraped
99 Bottles of OOP,99 Bottles of OOP,Sandi Metz,4.55,672,https://i.gr-assets.com/images/S/compressed.photo.goodreads.com/books/1477514056i/31183020._SX50_.jpg,https://www.goodreads.com/book/show/31183020-99-bottles-of-oop,goodreads_scraped
The Shellcoder's Handbook: Discovering and Exploiting Security Holes,The Shellcoder's Handbook: Discovering and Exploiting Security Holes,Jack Koziol,4.15,335,https://i.gr-assets.com/images/S/compressed.photo.goodreads.com/books/1347287784i/1174511._SX50_.jpg,https://www.goodreads.com/book/show/1174511.The_Shellcoder_s_Handbook,goodreads_scraped
"Object Design: Roles, Responsibilities, and Collaborations","Object Design: Roles, Responsibilities, and Collaborations",Rebecca Wirfs-Brock,3.73,107,https://i.gr-assets.com/images/S/compressed.photo.goodreads.com/books/1372040740i/179204._SX50_.jpg,https://www.goodreads.com/book/show/179204.Object_Design,goodreads_scraped
Python for Data Analysis,Python for Data Analysis,Wes McKinney,4.17,2470,https://i.gr-assets.com/images/S/compressed.photo.goodreads.com/books/1356132971i/14744694._SX50_.jpg,https://www.goodreads.com/book/show/14744694-python-for-data-analysis,goodreads_scraped
The Web Application Hacker's Handbook: Finding and Exploiting Security Flaws,The Web Application Hacker's Handbook: Finding and Exploiting Security Flaws,Dafydd Stuttard,4.23,1232,https://i.gr-assets.com/images/S/compressed.photo.goodreads.com/books/1387751834i/13087608._SX50_.jpg,https://www.goodreads.com/book/show/13087608-the-web-application-hacker-s-handbook,goodreads_scraped
Erlang and OTP in Action,Erlang and OTP in Action,Martin Logan,4.27,128,https://i.gr-assets.com/images/S/compressed.photo.goodreads.com/books/1348920801i/7438968._SX50_.jpg,https://www.goodreads.com/book/show/7438968-erlang-and-otp-in-action,goodreads_scraped
Programming Erlang: Software for a Concurrent World,Programming Erlang: Software for a Concurrent World,Joe Armstrong,4.03,753,https://i.gr-assets.com/images/S/compressed.photo.goodreads.com/books/1348438320i/808814._SX50_.jpg,https://www.goodreads.com/book/show/808814.Programming_Erlang,goodreads_scraped
Learn you some Erlang for great good!,Learn you some Erlang for great good!,Fred Hebert,4.49,353,https://i.gr-assets.com/images/S/compressed.photo.goodreads.com/books/1367322047i/6718693._SX50_.jpg,https://www.goodreads.com/book/show/6718693-learn-you-some-erlang-for-great-good,goodreads_scraped
Algorithms to Live By: The Computer Science of Human Decisions,Algorithms to Live By: The Computer Science of Human Decisions,Brian  Christian,4.12,35664,https://i.gr-assets.com/images/S/compressed.photo.goodreads.com/books/1454296875i/25666050._SY75_.jpg,https://www.goodreads.com/book/show/25666050-algorithms-to-live-by,goodreads_scraped
Working with UNIX Processes,Working with UNIX Processes,Jesse Storimer,4.09,194,https://i.gr-assets.com/images/S/compressed.photo.goodreads.com/books/1345199574i/13366727._SX50_.jpg,https://www.goodreads.com/book/show/13366727-working-with-unix-processes,goodreads_scraped
Confident Ruby,Confident Ruby,Avdi Grimm,4.41,373,https://i.gr-assets.com/images/S/compressed.photo.goodreads.com/books/1398328834i/15847933._SX50_.jpg,https://www.goodreads.com/book/show/15847933-confident-ruby,goodreads_scraped
Exceptional Ruby: Master the Art of Handling Failure in Ruby,Exceptional Ruby: Master the Art of Handling Failure in Ruby,Avdi Grimm,4.0,217,https://i.gr-assets.com/images/S/compressed.photo.goodreads.com/books/1309989829i/11799211._SX50_.jpg,https://www.goodreads.com/book/show/11799211-exceptional-ruby,goodreads_scraped
Smalltalk Best Practice Patterns,Smalltalk Best Practice Patterns,Kent Beck,4.17,283,https://i.gr-assets.com/images/S/compressed.photo.goodreads.com/books/1390275474i/781561._SX50_.jpg,https://www.goodreads.com/book/show/781561.Smalltalk_Best_Practice_Patterns,goodreads_scraped
Class Construction in C and C++: Object-Oriented Programming Fundamentals,Class Construction in C and C++: Object-Oriented Programming Fundamentals,Roger Sessions,4.0,3,https://i.gr-assets.com/images/S/compressed.photo.goodreads.com/books/1311305980i/1508453._SX50_.jpg,https://www.goodreads.com/book/show/1508453.Class_Construction_in_C_and_C_,goodreads_scraped
The Tangled Web: A Guide to Securing Modern Web Applications,The Tangled Web: A Guide to Securing Modern Web Applications,Michal Zalewski,4.05,558,https://i.gr-assets.com/images/S/compressed.photo.goodreads.com/books/1344675366i/11553604._SX50_.jpg,https://www.goodreads.com/book/show/11553604-the-tangled-web,goodreads_scraped
"Generative Programming: Methods, Tools, and Applications","Generative Programming: Methods, Tools, and Applications",Krysztof Czarnecki,4.06,33,https://i.gr-assets.com/images/S/compressed.photo.goodreads.com/books/1349069017i/1639030._SX50_.jpg,https://www.goodreads.com/book/show/1639030.Generative_Programming,goodreads_scraped
"A Pattern Language: Towns, Buildings, Construction","A Pattern Language: Towns, Buildings, Construction (Center for Environmental Structure Series)",Christopher W. Alexander,4.42,5508,https://i.gr-assets.com/images/S/compressed.photo.goodreads.com/books/1437097809i/79766._SY75_.jpg,https://www.goodreads.com/book/show/79766.A_Pattern_Language,goodreads_scraped
Patterns of Software: Tales from the Software Community,Patterns of Software: Tales from the Software Community,Richard P. Gabriel,3.78,148,https://i.gr-assets.com/images/S/compressed.photo.goodreads.com/books/1387734601i/685486._SY75_.jpg,https://www.goodreads.com/book/show/685486.Patterns_of_Software,goodreads_scraped
Seeing Like a State: How Certain Schemes to Improve the Human Condition Have Failed,Seeing Like a State: How Certain Schemes to Improve the Human Condition Have Failed,James C. Scott,4.21,7206,https://i.gr-assets.com/images/S/compressed.photo.goodreads.com/books/1563058549i/20186._SY75_.jpg,https://www.goodreads.com/book/show/20186.Seeing_Like_a_State,goodreads_scraped
Thinking In Systems: A Primer,Thinking In Systems: A Primer,Donella H. Meadows,4.18,23716,https://i.gr-assets.com/images/S/compressed.photo.goodreads.com/books/1390169859i/3828902._SY75_.jpg,https://www.goodreads.com/book/show/3828902-thinking-in-systems,goodreads_scraped
Systems Thinking: Managing Chaos and Complexity - A Platform for Designing Business Architecture,Systems Thinking: Managing Chaos and Complexity - A Platform for Designing Business Architecture,Jamshid Gharajedaghi,3.94,289,https://i.gr-assets.com/images/S/compressed.photo.goodreads.com/books/1390273052i/592861._SY75_.jpg,https://www.goodreads.com/book/show/592861.Systems_Thinking,goodreads_scraped
Dealers of Lightning: Xerox PARC and the Dawn of the Computer Age,Dealers of Lightning: Xerox PARC and the Dawn of the Computer Age,Michael A. Hiltzik,4.13,2506,https://i.gr-assets.com/images/S/compressed.photo.goodreads.com/books/1349086333i/1101290._SX50_.jpg,https://www.goodreads.com/book/show/1101290.Dealers_of_Lightning,goodreads_scraped
The Leprechauns of Software Engineering,The Leprechauns of Software Engineering,Laurent Bossavit,3.78,180,https://i.gr-assets.com/images/S/compressed.photo.goodreads.com/books/1366627043i/15874425._SX50_.jpg,https://www.goodreads.com/book/show/15874425-the-leprechauns-of-software-engineering,goodreads_scraped
Software Tools,Software Tools,Brian W. Kernighan,4.35,111,https://i.gr-assets.com/images/S/compressed.photo.goodreads.com/books/1348572669i/515603._SX50_.jpg,https://www.goodreads.com/book/show/515603.Software_Tools,goodreads_scraped
Selected Papers on Computer Science,Selected Papers on Computer Science,Donald Ervin Knuth,3.86,78,https://i.gr-assets.com/images/S/compressed.photo.goodreads.com/books/1328839791i/112248._SX50_.jpg,https://www.goodreads.com/book/show/112248.Selected_Papers_on_Computer_Science,goodreads_scraped
Practical Object Oriented Design in Ruby,Practical Object Oriented Design in Ruby,Sandi Metz,4.53,2827,https://i.gr-assets.com/images/S/compressed.photo.goodreads.com/books/1358916543i/13507787._SX50_.jpg,https://www.goodreads.com/book/show/13507787-practical-object-oriented-design-in-ruby,goodreads_scraped
Extreme Programming Explained: Embrace Change,Extreme Programming Explained: Embrace Change (The XP Series),Kent Beck,4.13,4103,https://i.gr-assets.com/images/S/compressed.photo.goodreads.com/books/1386925310i/67833._SX50_.jpg,https://www.goodreads.com/book/show/67833.Extreme_Programming_Explained,goodreads_scraped
The Linux Programming Interface: A Linux and UNIX System Programming Handbook,The Linux Programming Interface: A Linux and UNIX System Programming Handbook,Michael Kerrisk,4.63,725,https://i.gr-assets.com/images/S/compressed.photo.goodreads.com/books/1391032547i/7672214._SX50_.jpg,https://www.goodreads.com/book/show/7672214-the-linux-programming-interface,goodreads_scraped
Learn You a Haskell for Great Good!,Learn You a Haskell for Great Good!,Miran Lipovača,4.3,2381,https://i.gr-assets.com/images/S/compressed.photo.goodreads.com/books/1294497489i/6593810._SX50_.jpg,https://www.goodreads.com/book/show/6593810-learn-you-a-haskell-for-great-good,goodreads_scraped
Network Flow Analysis,Network Flow Analysis,Michael Warren Lucas,3.96,28,https://i.gr-assets.com/images/S/compressed.photo.goodreads.com/books/1328753486i/6947986._SX50_.jpg,https://www.goodreads.com/book/show/6947986-network-flow-analysis,goodreads_scraped
Network Attacks and Exploitation: A Framework,Network Attacks and Exploitation: A Framework,Matthew Monte,4.12,50,https://i.gr-assets.com/images/S/compressed.photo.goodreads.com/books/1417983351i/22775588._SX50_.jpg,https://www.goodreads.com/book/show/22775588-network-attacks-and-exploitation,goodreads_scraped
Literate Programming,Literate Programming (Lecture Notes) (Volume 27),Donald Ervin Knuth,3.92,119,https://i.gr-assets.com/images/S/compressed.photo.goodreads.com/books/1328862055i/112245._SY75_.jpg,https://www.goodreads.com/book/show/112245.Literate_Programming_Lecture_Notes_,goodreads_scraped
"Design of Design, The: Essays from a Computer Scientist","Design of Design, The: Essays from a Computer Scientist",Frederick P. Brooks Jr.,3.77,618,https://i.gr-assets.com/images/S/compressed.photo.goodreads.com/books/1347816880i/7157080._SY75_.jpg,https://www.goodreads.com/book/show/7157080-design-of-design-the,goodreads_scraped
Effective Oracle by Design,Effective Oracle by Design (Osborne ORACLE Press Series),Thomas Kyte,4.43,100,https://i.gr-assets.com/images/S/compressed.photo.goodreads.com/books/1386923849i/74956._SX50_.jpg,https://www.goodreads.com/book/show/74956.Effective_Oracle_by_Design,goodreads_scraped
"Agile Web Development with Rails, 1st Edition","Agile Web Development with Rails, 1st Edition",Dave         Thomas,3.86,2229,https://i.gr-assets.com/images/S/compressed.photo.goodreads.com/books/1705943357i/45._SX50_.jpg,https://www.goodreads.com/book/show/45.Agile_Web_Development_with_Rails_1st_Edition,goodreads_scraped
Software Systems Architecture: Working with Stakeholders Using Viewpoints and Perspectives,Software Systems Architecture: Working with Stakeholders Using Viewpoints and Perspectives,Nick Rozanski,4.12,221,https://i.gr-assets.com/images/S/compressed.photo.goodreads.com/books/1386924910i/223932._SX50_.jpg,https://www.goodreads.com/book/show/223932.Software_Systems_Architecture,goodreads_scraped
Continuous delivery,Continuous delivery,Jez Humble,4.2,3315,https://i.gr-assets.com/images/S/compressed.photo.goodreads.com/books/1347640457i/8686650._SX50_.jpg,https://www.goodreads.com/book/show/8686650-continuous-delivery,goodreads_scraped
Fundamentals of database systems,Fundamentals of database systems,Ramez Elmasri,3.81,966,https://i.gr-assets.com/images/S/compressed.photo.goodreads.com/books/1380163671i/3653475._SX50_.jpg,https://www.goodreads.com/book/show/3653475-fundamentals-of-database-systems,goodreads_scraped
Visual Basic.Net Black Book,Visual Basic.Net Black Book,Steven Holzner,3.73,30,https://i.gr-assets.com/images/S/compressed.photo.goodreads.com/books/1328690475i/2085103._SX50_.jpg,https://www.goodreads.com/book/show/2085103.Visual_Basic_Net_Black_Book,goodreads_scraped
Code Reviews 101,Code Reviews 101,Giuliana Carullo,3.82,11,https://i.gr-assets.com/images/S/compressed.photo.goodreads.com/books/1526811104i/40180576._SX50_.jpg,https://www.goodreads.com/book/show/40180576-code-reviews-101,goodreads_scraped
Getting Value out of Agile Retrospectives - A Toolbox of Retrospective Exercises,Getting Value out of Agile Retrospectives - A Toolbox of Retrospective Exercises,Luis Gonçalves,3.81,167,https://i.gr-assets.com/images/S/compressed.photo.goodreads.com/books/1388818507i/20358837._SX50_.jpg,https://www.goodreads.com/book/show/20358837-getting-value-out-of-agile-retrospectives---a-toolbox-of-retrospective-e,goodreads_scraped
Secrets and Lies: Digital Security in a Networked World,Secrets and Lies: Digital Security in a Networked World,Bruce Schneier,3.93,1799,https://i.gr-assets.com/images/S/compressed.photo.goodreads.com/books/1388258580i/304482._SY75_.jpg,https://www.goodreads.com/book/show/304482.Secrets_and_Lies,goodreads_scraped
Distributed Operating Systems,Distributed Operating Systems,Andrew S. Tanenbaum,3.96,92,https://i.gr-assets.com/images/S/compressed.photo.goodreads.com/books/1348968040i/544478._SX50_.jpg,https://www.goodreads.com/book/show/544478.Distributed_Operating_Systems,goodreads_scraped
Effective Executive,Effective Executive,Peter F. Drucker,4.08,38121,https://i.gr-assets.com/images/S/compressed.photo.goodreads.com/books/1171693063i/114836._SY75_.jpg,https://www.goodreads.com/book/show/114836.Effective_Executive,goodreads_scraped
Software Requirements: Practical Techniques for Gathering and Managing Requirements Throughout the Product Development Cycle,Software Requirements: Practical Techniques for Gathering and Managing Requirements Throughout the Product Development Cycle,Karl Wiegers,4.14,861,https://i.gr-assets.com/images/S/compressed.photo.goodreads.com/books/1424820035i/349416._SX50_.jpg,https://www.goodreads.com/book/show/349416.Software_Requirements,goodreads_scraped
The Web Application Hacker's Handbook: Discovering and Exploiting Security Flaws,The Web Application Hacker's Handbook: Discovering and Exploiting Security Flaws,Dafydd Stuttard,4.23,1232,https://i.gr-assets.com/images/S/compressed.photo.goodreads.com/books/1347415849i/1914619._SX50_.jpg,https://www.goodreads.com/book/show/1914619.The_Web_Application_Hacker_s_Handbook,goodreads_scraped
Paradox 4.0 Developer's Guide/Book and Disk,Paradox 4.0 Developer's Guide/Book and Disk,Dana Greaves,3.5,4,https://i.gr-assets.com/images/S/compressed.photo.goodreads.com/nophoto/book/111x148._SX50_.png,https://www.goodreads.com/book/show/4793393-paradox-4-0-developer-s-guide-book-and-disk,goodreads_scraped
offshoring it services,offshoring it services,Mohan Babu K,4.0,3,https://i.gr-assets.com/images/S/compressed.photo.goodreads.com/books/1677805816i/15847264._SY75_.jpg,https://www.goodreads.com/book/show/15847264-offshoring-it-services,goodreads_scraped
Simulation of Digital Communication Systems using Matlab,Simulation of Digital Communication Systems using Matlab,Mathuranathan Viswanathan,4.28,97,https://i.gr-assets.com/images/S/compressed.photo.goodreads.com/books/1372664478i/18141707._SX50_.jpg,https://www.goodreads.com/book/show/18141707-simulation-of-digital-communication-systems-using-matlab,goodreads_scraped
Build Your First Website: A Crash Course in HTML and CSS,Build Your First Website: A Crash Course in HTML and CSS,Joey Kirk,4.5,2,https://i.gr-assets.com/images/S/compressed.photo.goodreads.com/books/1404951250i/22700571._SX50_.jpg,https://www.goodreads.com/book/show/22700571-build-your-first-website,goodreads_scraped
"The Scrumban [R]Evolution: Getting the Most Out of Agile, Scrum, and Lean Kanban","The Scrumban [R]Evolution: Getting the Most Out of Agile, Scrum, and Lean Kanban",Ajay Reddy,3.72,78,https://i.gr-assets.com/images/S/compressed.photo.goodreads.com/books/1437508857i/25953144._SX50_.jpg,https://www.goodreads.com/book/show/25953144-the-scrumban-r-evolution,goodreads_scraped
Programming in Scala: A Comprehensive Step-by-step Guide,Programming in Scala: A Comprehensive Step-by-step Guide,Martin Odersky,4.22,1663,https://i.gr-assets.com/images/S/compressed.photo.goodreads.com/books/1267787153i/5680904._SX50_.jpg,https://www.goodreads.com/book/show/5680904-programming-in-scala,goodreads_scraped
Create an Uber Clone in 7 Days,Create an Uber Clone in 7 Days,Shai Almog,5.0,8,https://i.gr-assets.com/images/S/compressed.photo.goodreads.com/books/1532609473i/40951868._SY75_.jpg,https://www.goodreads.com/book/show/40951868-create-an-uber-clone-in-7-days,goodreads_scraped
Essential Software Development,Essential Software Development,AppJungle NET LLC,4.5,10,https://i.gr-assets.com/images/S/compressed.photo.goodreads.com/books/1678170934i/123197645._SX50_.jpg,https://www.goodreads.com/book/show/123197645-essential-software-development,goodreads_scraped
From Vibe Coding to Production: A Practical Guide to Professional Software Development,From Vibe Coding to Production: A Practical Guide to Professional Software Development (Vibe Coding: From Prompt to Production Book 3),Thomas DeGan,0.0,0,https://i.gr-assets.com/images/S/compressed.photo.goodreads.com/books/1763422804i/244093145._SY75_.jpg,https://www.goodreads.com/book/show/244093145-from-vibe-coding-to-production,goodreads_scraped
"Web API Development with ASP.NET Core 8: Learn techniques, patterns, and tools for building high-performance, robust, and scalable web APIs","Web API Development with ASP.NET Core 8: Learn techniques, patterns, and tools for building high-performance, robust, and scalable web APIs",Xiaodi Yan,4.5,4,https://i.gr-assets.com/images/S/compressed.photo.goodreads.com/books/1719632391i/175426128._SX50_.jpg,https://www.goodreads.com/book/show/175426128-web-api-development-with-asp-net-core-8,goodreads_scraped
Learning Spark: Lightning-Fast Big Data Analysis,Learning Spark: Lightning-Fast Big Data Analysis,Holden Karau,3.91,566,https://i.gr-assets.com/images/S/compressed.photo.goodreads.com/books/1380034125i/17318146._SX50_.jpg,https://www.goodreads.com/book/show/17318146-learning-spark,goodreads_scraped
Specification by Example: How Successful Teams Deliver the Right Software,Specification by Example: How Successful Teams Deliver the Right Software,Gojko Adzic,4.03,709,https://i.gr-assets.com/images/S/compressed.photo.goodreads.com/books/1307392511i/10288718._SX50_.jpg,https://www.goodreads.com/book/show/10288718-specification-by-example,goodreads_scraped
Head First Android Development,Head First Android Development,Dawn Griffiths,4.21,400,https://i.gr-assets.com/images/S/compressed.photo.goodreads.com/books/1457512055i/29467350._SX50_.jpg,https://www.goodreads.com/book/show/29467350-head-first-android-development,goodreads_scraped
"The Dilbert Principle: A Cubicle's-Eye View of Bosses, Meetings, Management Fads & Other Workplace Afflictions","The Dilbert Principle: A Cubicle's-Eye View of Bosses, Meetings, Management Fads & Other Workplace Afflictions",Scott Adams,3.87,10031,https://i.gr-assets.com/images/S/compressed.photo.goodreads.com/books/1405204396i/85574._SX50_.jpg,https://www.goodreads.com/book/show/85574.The_Dilbert_Principle,goodreads_scraped
eXtreme Programming eXplained : embrace change,eXtreme Programming eXplained : embrace change,Kent Beck,4.13,4103,https://i.gr-assets.com/images/S/compressed.photo.goodreads.com/books/1327329713i/1001606._SX50_.jpg,https://www.goodreads.com/book/show/1001606.eXtreme_Programming_eXplained_,goodreads_scraped
"More Joel on Software: Further Thoughts on Diverse and Occasionally Related Matters That Will Prove of Interest to Software Developers, Designers, and ... or Ill Luck, Work with Them in Some Capacity","More Joel on Software: Further Thoughts on Diverse and Occasionally Related Matters That Will Prove of Interest to Software Developers, Designers, and ... or Ill Luck, Work with Them in Some Capacity",Joel Spolsky,4.05,549,https://i.gr-assets.com/images/S/compressed.photo.goodreads.com/books/1349082373i/2718384._SX50_.jpg,https://www.goodreads.com/book/show/2718384-more-joel-on-software,goodreads_scraped
Software Creativity 2.0,Software Creativity 2.0,Robert L. Glass,3.53,53,https://i.gr-assets.com/images/S/compressed.photo.goodreads.com/books/1347952523i/123717._SX50_.jpg,https://www.goodreads.com/book/show/123717.Software_Creativity_2_0,goodreads_scraped
Implementing Lean Software Development: From Concept to Cash),Implementing Lean Software Development: From Concept to Cash (Addison-Wesley Signature Series (Beck)),Mary Poppendieck,4.2,868,https://i.gr-assets.com/images/S/compressed.photo.goodreads.com/books/1388500407i/349417._SX50_.jpg,https://www.goodreads.com/book/show/349417.Implementing_Lean_Software_Development,goodreads_scraped
"Free Software, Free Society: Selected Essays","Free Software, Free Society: Selected Essays",Richard M. Stallman,4.08,449,https://i.gr-assets.com/images/S/compressed.photo.goodreads.com/books/1387663317i/942560._SX50_.jpg,https://www.goodreads.com/book/show/942560.Free_Software_Free_Society,goodreads_scraped
Java Persistence With Hibernate,Java Persistence With Hibernate,Christian Bauer,3.89,404,https://i.gr-assets.com/images/S/compressed.photo.goodreads.com/books/1388295024i/231267._SX50_.jpg,https://www.goodreads.com/book/show/231267.Java_Persistence_With_Hibernate,goodreads_scraped
Beautiful Testing: Leading Professionals Reveal How They Improve Software,Beautiful Testing: Leading Professionals Reveal How They Improve Software,Tim  Riley,3.63,115,https://i.gr-assets.com/images/S/compressed.photo.goodreads.com/books/1328834696i/6690179._SX50_.jpg,https://www.goodreads.com/book/show/6690179-beautiful-testing,goodreads_scraped
xUnit Test Patterns: Refactoring Test Code,xUnit Test Patterns: Refactoring Test Code,Gerard Meszaros,3.94,688,https://i.gr-assets.com/images/S/compressed.photo.goodreads.com/books/1348288284i/337302._SX50_.jpg,https://www.goodreads.com/book/show/337302.xUnit_Test_Patterns,goodreads_scraped
Computer Organization,Computer Organization,V. Carl Hamacher,3.6,135,https://i.gr-assets.com/images/S/compressed.photo.goodreads.com/books/1347432154i/351587._SX50_.jpg,https://www.goodreads.com/book/show/351587.Computer_Organization,goodreads_scraped
The Joy of Bootstrap: A smarter way to learn the world's most popular web framework,The Joy of Bootstrap: A smarter way to learn the world's most popular web framework,Alan Forbes,3.65,63,https://i.gr-assets.com/images/S/compressed.photo.goodreads.com/books/1677811276i/23178456._SX50_.jpg,https://www.goodreads.com/book/show/23178456-the-joy-of-bootstrap,goodreads_scraped
Pro AngularJS,Pro AngularJS,Adam   Freeman,3.7,225,https://i.gr-assets.com/images/S/compressed.photo.goodreads.com/books/1398775673i/22022478._SX50_.jpg,https://www.goodreads.com/book/show/22022478-pro-angularjs,goodreads_scraped
فضل شهر رمضان,فضل شهر رمضان,جمعية الأطفال المعوقين,0.0,0,https://i.gr-assets.com/images/S/compressed.photo.goodreads.com/books/1555324559i/45133255._SX50_.jpg,https://www.goodreads.com/book/show/45133255,goodreads_scraped
كيف تنجح في رمضان,كيف تنجح في رمضان,عمر إبراهيم المديفر,4.0,1,https://i.gr-assets.com/images/S/compressed.photo.goodreads.com/books/1555324287i/45133206._SY75_.jpg,https://www.goodreads.com/book/show/45133206,goodreads_scraped
زاد المسلم في رمضان,زاد المسلم في رمضان,محمد بن ابراهيم المقيد,0.0,0,https://i.gr-assets.com/images/S/compressed.photo.goodreads.com/books/1555324016i/45133194._SX50_.jpg,https://www.goodreads.com/book/show/45133194,goodreads_scraped
رمضان روضة المحبين,رمضان روضة المحبين,Muhammad Al-'Areefi,0.0,0,https://i.gr-assets.com/images/S/compressed.photo.goodreads.com/books/1555323853i/45133182._SX50_.jpg,https://www.goodreads.com/book/show/45133182,goodreads_scraped
70 مسألة في الصيام,70 مسألة في الصيام,Muhammad Salih al-Munajjid,3.75,220,https://i.gr-assets.com/images/S/compressed.photo.goodreads.com/nophoto/book/111x148._SX50_.png,https://www.goodreads.com/book/show/8802797-70,goodreads_scraped
48 سؤالا في الصيام,48 سؤالا في الصيام,محمد صالح العثيمين,4.35,20,https://i.gr-assets.com/images/S/compressed.photo.goodreads.com/nophoto/book/111x148._SX50_.png,https://www.goodreads.com/book/show/30349561-48,goodreads_scraped
معجزة القرآن,معجزة القرآن,محمد متولي الشعراوي,4.27,796,https://i.gr-assets.com/images/S/compressed.photo.goodreads.com/books/1264522987i/7646410._SX50_.jpg,https://www.goodreads.com/book/show/7646410,goodreads_scraped
Princess of Glass,"Princess of Glass (The Princesses of Westfalin Trilogy, #2)",Jessica Day George,4.06,23266,https://i.gr-assets.com/images/S/compressed.photo.goodreads.com/books/1397878579i/7199667._SY75_.jpg,https://www.goodreads.com/book/show/7199667-princess-of-glass,goodreads_scraped
Reached,"Reached (Matched, #3)",Ally Condie,3.54,179232,https://i.gr-assets.com/images/S/compressed.photo.goodreads.com/books/1330717582i/13125947._SY75_.jpg,https://www.goodreads.com/book/show/13125947-reached,goodreads_scraped
Lucy,"Lucy (Daughters of the Sea, #3)",Kathryn Lasky,3.87,1168,https://i.gr-assets.com/images/S/compressed.photo.goodreads.com/books/1328408465i/12246388._SY75_.jpg,https://www.goodreads.com/book/show/12246388-lucy,goodreads_scraped
Supernaturally,"Supernaturally (Paranormalcy, #2)",Kiersten White,3.89,41550,https://i.gr-assets.com/images/S/compressed.photo.goodreads.com/books/1371926956i/8581936._SX50_.jpg,https://www.goodreads.com/book/show/8581936-supernaturally,goodreads_scraped
Princess of the Midnight Ball,"Princess of the Midnight Ball (The Princesses of Westfalin Trilogy, #1)",Jessica Day George,3.95,37388,https://i.gr-assets.com/images/S/compressed.photo.goodreads.com/books/1312063284i/3697927._SY75_.jpg,https://www.goodreads.com/book/show/3697927-princess-of-the-midnight-ball,goodreads_scraped
Die for Me,"Die for Me (Revenants, #1)",Amy Plum,3.98,56098,https://i.gr-assets.com/images/S/compressed.photo.goodreads.com/books/1358427893i/9462812._SY75_.jpg,https://www.goodreads.com/book/show/9462812-die-for-me,goodreads_scraped
Captivate,"Captivate (Submerged Sun, #1)",Vanessa Garden,3.81,1879,https://i.gr-assets.com/images/S/compressed.photo.goodreads.com/books/1381964350i/18683518._SY75_.jpg,https://www.goodreads.com/book/show/18683518-captivate,goodreads_scraped
Paranormalcy,"Paranormalcy (Paranormalcy, #1)",Kiersten White,3.88,99484,https://i.gr-assets.com/images/S/compressed.photo.goodreads.com/books/1496938681i/7719245._SX50_.jpg,https://www.goodreads.com/book/show/7719245-paranormalcy,goodreads_scraped
Fallen,"Fallen (Fallen, #1)",Lauren Kate,3.72,622575,https://i.gr-assets.com/images/S/compressed.photo.goodreads.com/books/1440619649i/6487308._SY75_.jpg,https://www.goodreads.com/book/show/6487308-fallen,goodreads_scraped
Tsarina,Tsarina,J. Nelle Patrick,3.53,1838,https://i.gr-assets.com/images/S/compressed.photo.goodreads.com/books/1384404257i/18079793._SY75_.jpg,https://www.goodreads.com/book/show/18079793-tsarina,goodreads_scraped
Wither,"Wither (The Chemical Garden, #1)",Lauren DeStefano,3.8,101059,https://i.gr-assets.com/images/S/compressed.photo.goodreads.com/books/1341532430i/8525590._SX50_.jpg,https://www.goodreads.com/book/show/8525590-wither,goodreads_scraped
The World Within: A Novel of Emily Brontë,The World Within: A Novel of Emily Brontë,Jane Eagland,3.37,229,https://i.gr-assets.com/images/S/compressed.photo.goodreads.com/books/1423765962i/23013687._SX50_.jpg,https://www.goodreads.com/book/show/23013687-the-world-within,goodreads_scraped
Shatter Me,"Shatter Me (Shatter Me, #1)",Tahereh Mafi,3.84,1276598,https://i.gr-assets.com/images/S/compressed.photo.goodreads.com/books/1310649047i/10429045._SY75_.jpg,https://www.goodreads.com/book/show/10429045-shatter-me,goodreads_scraped
Seven Days in May,Seven Days in May,Kim Izzo,3.89,1832,https://i.gr-assets.com/images/S/compressed.photo.goodreads.com/books/1490043726i/31742324._SX50_.jpg,https://www.goodreads.com/book/show/31742324-seven-days-in-may,goodreads_scraped
Matched,"Matched (Matched, #1)",Ally Condie,3.62,818940,https://i.gr-assets.com/images/S/compressed.photo.goodreads.com/books/1367706191i/7735333._SY75_.jpg,https://www.goodreads.com/book/show/7735333-matched,goodreads_scraped
The Missing Sister,The Missing Sister,Dinah Jefferies,4.07,5113,https://i.gr-assets.com/images/S/compressed.photo.goodreads.com/books/1544003910i/40723755._SY75_.jpg,https://www.goodreads.com/book/show/40723755-the-missing-sister,goodreads_scraped
Anna Dressed in Blood,"Anna Dressed in Blood (Anna, #1)",Kendare Blake,3.91,107937,https://i.gr-assets.com/images/S/compressed.photo.goodreads.com/books/1398637405i/9378297._SX50_.jpg,https://www.goodreads.com/book/show/9378297-anna-dressed-in-blood,goodreads_scraped
The Goddess Test,"The Goddess Test (Goddess Test, #1)",Aimee Carter,3.79,59083,https://i.gr-assets.com/images/S/compressed.photo.goodreads.com/books/1387217173i/9681214._SY75_.jpg,https://www.goodreads.com/book/show/9681214-the-goddess-test,goodreads_scraped
Poseur,"Poseur (Poseur, #1)",Rachel Maude,3.57,3776,https://i.gr-assets.com/images/S/compressed.photo.goodreads.com/books/1388453579i/1394709._SY75_.jpg,https://www.goodreads.com/book/show/1394709.Poseur,goodreads_scraped
Being Nikki,"Being Nikki (Airhead, #2)",Meg Cabot,3.85,30004,https://i.gr-assets.com/images/S/compressed.photo.goodreads.com/books/1388622070i/5135798._SY75_.jpg,https://www.goodreads.com/book/show/5135798-being-nikki,goodreads_scraped
"I'd Tell You I Love You, But Then I'd Have to Kill You","I'd Tell You I Love You, But Then I'd Have to Kill You (Gallagher Girls, #1)",Ally Carter,3.84,194350,https://i.gr-assets.com/images/S/compressed.photo.goodreads.com/books/1334491180i/852470._SX50_.jpg,https://www.goodreads.com/book/show/852470.I_d_Tell_You_I_Love_You_But_Then_I_d_Have_to_Kill_You,goodreads_scraped
Don't Judge a Girl by Her Cover,"Don't Judge a Girl by Her Cover (Gallagher Girls, #3)",Ally Carter,4.2,75252,https://i.gr-assets.com/images/S/compressed.photo.goodreads.com/books/1359827132i/5267365._SX50_.jpg,https://www.goodreads.com/book/show/5267365-don-t-judge-a-girl-by-her-cover,goodreads_scraped
Intrinsical,"Intrinsical (The Yara Silva Trilogy, #1)",Lani Woodland,3.78,2249,https://i.gr-assets.com/images/S/compressed.photo.goodreads.com/books/1278060489i/8529230._SX50_.jpg,https://www.goodreads.com/book/show/8529230-intrinsical,goodreads_scraped
Spell Bound,"Spell Bound (Hex Hall, #3)",Rachel Hawkins,4.05,62771,https://i.gr-assets.com/images/S/compressed.photo.goodreads.com/books/1313010167i/11454587._SY75_.jpg,https://www.goodreads.com/book/show/11454587-spell-bound,goodreads_scraped
Until I Die,"Until I Die (Revenants, #2)",Amy Plum,4.16,29118,https://i.gr-assets.com/images/S/compressed.photo.goodreads.com/books/1335240840i/12908877._SY75_.jpg,https://www.goodreads.com/book/show/12908877-until-i-die,goodreads_scraped
The Treachery of Beautiful Things,The Treachery of Beautiful Things,Ruth Frances Long,3.81,5684,https://i.gr-assets.com/images/S/compressed.photo.goodreads.com/books/1334778746i/11737311._SY75_.jpg,https://www.goodreads.com/book/show/11737311-the-treachery-of-beautiful-things,goodreads_scraped
Unearthly,"Unearthly (Unearthly, #1)",Cynthia Hand,4.01,129829,https://i.gr-assets.com/images/S/compressed.photo.goodreads.com/books/1324782984i/7488244._SY75_.jpg,https://www.goodreads.com/book/show/7488244-unearthly,goodreads_scraped
Winter's Child,Winter's Child,Cameron Dokey,3.61,3941,https://i.gr-assets.com/images/S/compressed.photo.goodreads.com/books/1388683466i/6055694._SY75_.jpg,https://www.goodreads.com/book/show/6055694-winter-s-child,goodreads_scraped
Shattered Souls,"Shattered Souls (Souls, #1)",Mary Lindsey,3.94,7705,https://i.gr-assets.com/images/S/compressed.photo.goodreads.com/books/1327881907i/9366996._SY75_.jpg,https://www.goodreads.com/book/show/9366996-shattered-souls,goodreads_scraped
Entwined,Entwined,Heather Dixon Wallwork,3.87,38314,https://i.gr-assets.com/images/S/compressed.photo.goodreads.com/books/1656631570i/8428195._SY75_.jpg,https://www.goodreads.com/book/show/8428195-entwined,goodreads_scraped
Glitch,"Glitch (Glitch, #1)",Heather Anastasiu,3.73,8312,https://i.gr-assets.com/images/S/compressed.photo.goodreads.com/books/1326131169i/10535458._SX50_.jpg,https://www.goodreads.com/book/show/10535458-glitch,goodreads_scraped
Angels at the Gate,Angels at the Gate,T.K. Thorne,4.22,158,https://i.gr-assets.com/images/S/compressed.photo.goodreads.com/books/1447005312i/23231687._SY75_.jpg,https://www.goodreads.com/book/show/23231687-angels-at-the-gate,goodreads_scraped
Rescue You,Rescue You (Dogwood County #1),Elysia Whisler,4.14,760,https://i.gr-assets.com/images/S/compressed.photo.goodreads.com/books/1597698774i/49374468._SX50_.jpg,https://www.goodreads.com/book/show/49374468-rescue-you,goodreads_scraped
The Friend,The Friend,Sigrid Nunez,3.71,61810,https://i.gr-assets.com/images/S/compressed.photo.goodreads.com/books/1544364669i/40164365._SY75_.jpg,https://www.goodreads.com/book/show/40164365-the-friend,goodreads_scraped
Noah's Wife,Noah's Wife,T.K. Thorne,4.04,325,https://i.gr-assets.com/images/S/compressed.photo.goodreads.com/books/1337901417i/13827075._SY75_.jpg,https://www.goodreads.com/book/show/13827075-noah-s-wife,goodreads_scraped
Soul Scars,"Soul Scars (Dog Haven Sanctuary Romance, #2)",Tasman Gibb,4.18,73,https://i.gr-assets.com/images/S/compressed.photo.goodreads.com/books/1404692742i/22671827._SY75_.jpg,https://www.goodreads.com/book/show/22671827-soul-scars,goodreads_scraped
eloves me eloves me not,eloves me eloves me not,L.A. Johannesson,4.0,28,https://i.gr-assets.com/images/S/compressed.photo.goodreads.com/books/1353568054i/16149252._SY75_.jpg,https://www.goodreads.com/book/show/16149252-eloves-me-eloves-me-not,goodreads_scraped
Stay,Stay,Allie Larkin,3.85,5820,https://i.gr-assets.com/images/S/compressed.photo.goodreads.com/books/1347603790i/7348523._SY75_.jpg,https://www.goodreads.com/book/show/7348523-stay,goodreads_scraped
Slim to None,Slim to None,Jenny Gardiner,3.21,1193,https://i.gr-assets.com/images/S/compressed.photo.goodreads.com/books/1328310674i/8162554._SY75_.jpg,https://www.goodreads.com/book/show/8162554-slim-to-none,goodreads_scraped
The Rescue,The Rescue,Carolyn Reardon-Neuman,4.27,30,https://i.gr-assets.com/images/S/compressed.photo.goodreads.com/books/1370884417i/18053422._SY75_.jpg,https://www.goodreads.com/book/show/18053422-the-rescue,goodreads_scraped
Letters To Each Other,Letters To Each Other,Sherri Maddick,4.09,11,https://i.gr-assets.com/images/S/compressed.photo.goodreads.com/books/1376956581i/18258484._SX50_.jpg,https://www.goodreads.com/book/show/18258484-letters-to-each-other,goodreads_scraped
Animal Cracker,Animal Cracker,Andi  Brown,3.74,260,https://i.gr-assets.com/images/S/compressed.photo.goodreads.com/books/1371868006i/18062499._SY75_.jpg,https://www.goodreads.com/book/show/18062499-animal-cracker,goodreads_scraped
Absent Children,Absent Children,Juli Townsend,4.28,25,https://i.gr-assets.com/images/S/compressed.photo.goodreads.com/books/1373662206i/18190835._SY75_.jpg,https://www.goodreads.com/book/show/18190835-absent-children,goodreads_scraped
Parley After Life - DIY Guide to Death and other Taxes,Parley After Life - DIY Guide to Death and other Taxes,Robby Miller,3.35,17,https://i.gr-assets.com/images/S/compressed.photo.goodreads.com/books/1377955871i/18400878._SY75_.jpg,https://www.goodreads.com/book/show/18400878-parley-after-life---diy-guide-to-death-and-other-taxes,goodreads_scraped
She Likes It Rough,She Likes It Rough,G.V.R. Corcillo,4.05,125,https://i.gr-assets.com/images/S/compressed.photo.goodreads.com/books/1379708454i/18522557._SX50_.jpg,https://www.goodreads.com/book/show/18522557-she-likes-it-rough,goodreads_scraped
The Mountaintop School for Dogs and Other Second Chances,The Mountaintop School for Dogs and Other Second Chances,Ellen Cooney,3.31,2432,https://i.gr-assets.com/images/S/compressed.photo.goodreads.com/books/1387147261i/18222840._SY75_.jpg,https://www.goodreads.com/book/show/18222840-the-mountaintop-school-for-dogs-and-other-second-chances,goodreads_scraped
The Guardian,The Guardian,Nicholas Sparks,4.16,195569,https://i.gr-assets.com/images/S/compressed.photo.goodreads.com/books/1388195339i/15925._SY75_.jpg,https://www.goodreads.com/book/show/15925.The_Guardian,goodreads_scraped
"The Life and Opinions of Maf the Dog, and of His Friend Marilyn Monroe","The Life and Opinions of Maf the Dog, and of His Friend Marilyn Monroe",Andrew O'Hagan,2.74,815,https://i.gr-assets.com/images/S/compressed.photo.goodreads.com/books/1356449920i/7994456._SY75_.jpg,https://www.goodreads.com/book/show/7994456-the-life-and-opinions-of-maf-the-dog-and-of-his-friend-marilyn-monroe,goodreads_scraped
Lobo,Lobo,David Gordon Burke,4.25,12,https://i.gr-assets.com/images/S/compressed.photo.goodreads.com/books/1431111587i/25506515._SY75_.jpg,https://www.goodreads.com/book/show/25506515-lobo,goodreads_scraped
Birdbrain,Birdbrain,Virginia Arthur,4.2,45,https://i.gr-assets.com/images/S/compressed.photo.goodreads.com/books/1405398855i/22727611._SX50_.jpg,https://www.goodreads.com/book/show/22727611-birdbrain,goodreads_scraped
Courageous Cain,Courageous Cain,D.J. Davis,4.1,42,https://i.gr-assets.com/images/S/compressed.photo.goodreads.com/books/1441598632i/26241797._SY75_.jpg,https://www.goodreads.com/book/show/26241797-courageous-cain,goodreads_scraped
The Unleashing,"The Unleashing (Call of Crows, #1)",Shelly Laurenston,3.9,11795,https://i.gr-assets.com/images/S/compressed.photo.goodreads.com/books/1403864519i/22475781._SY75_.jpg,https://www.goodreads.com/book/show/22475781-the-unleashing,goodreads_scraped
Xine's Pack of Strays & Others: A Memoir,Xine's Pack of Strays & Others: A Memoir,Xine Segalas,4.83,6,https://i.gr-assets.com/images/S/compressed.photo.goodreads.com/books/1665441793i/62955912._SY75_.jpg,https://www.goodreads.com/book/show/62955912-xine-s-pack-of-strays-others,goodreads_scraped
Our Time to Love,"Our Time to Love (Sunset Lake Club, #3)",Misha Quinn,5.0,6,https://i.gr-assets.com/images/S/compressed.photo.goodreads.com/books/1672052705i/75305367._SY75_.jpg,https://www.goodreads.com/book/show/75305367-our-time-to-love,goodreads_scraped
Nina and the Orange Dog,Nina and the Orange Dog,Jane  Clarkson,4.09,32,https://i.gr-assets.com/images/S/compressed.photo.goodreads.com/books/1740854803i/228610503._SY75_.jpg,https://www.goodreads.com/book/show/228610503-nina-and-the-orange-dog,goodreads_scraped
Cody: The Extraordinary Life of an Ordinary Dog,Cody: The Extraordinary Life of an Ordinary Dog,Lauren Henry Brehm,4.75,4,https://i.gr-assets.com/images/S/compressed.photo.goodreads.com/books/1728454802i/220244053._SY75_.jpg,https://www.goodreads.com/book/show/220244053-cody,goodreads_scraped
Saving Justice,"Saving Justice (Dog Haven Sanctuary Romance, #1)",Tasman Gibb,4.07,443,https://i.gr-assets.com/images/S/compressed.photo.goodreads.com/books/1370211368i/18006675._SY75_.jpg,https://www.goodreads.com/book/show/18006675-saving-justice,goodreads_scraped
Emily and Einstein,Emily and Einstein,Linda Francis Lee,3.81,7402,https://i.gr-assets.com/images/S/compressed.photo.goodreads.com/books/1442874401i/9316891._SY75_.jpg,https://www.goodreads.com/book/show/9316891-emily-and-einstein,goodreads_scraped
The Dog Who Danced,The Dog Who Danced,Susan  Wilson,4.01,3704,https://i.gr-assets.com/images/S/compressed.photo.goodreads.com/books/1336623374i/13641677._SY75_.jpg,https://www.goodreads.com/book/show/13641677-the-dog-who-danced,goodreads_scraped
Hide'n Go Seek,"Hide'n Go Seek (Psychic Visions, #2)",Dale Mayer,4.11,2121,https://i.gr-assets.com/images/S/compressed.photo.goodreads.com/books/1420258748i/13159989._SX50_.jpg,https://www.goodreads.com/book/show/13159989-hide-n-go-seek,goodreads_scraped
The Salamander series boxset books 1-4: a billionaire boss romance,The Salamander series boxset books 1-4: a billionaire boss romance,Misha Quinn,4.75,4,https://i.gr-assets.com/images/S/compressed.photo.goodreads.com/books/1675959662i/108217761._SY75_.jpg,https://www.goodreads.com/book/show/108217761-the-salamander-series-boxset-books-1-4,goodreads_scraped
"Murder, She Barked","Murder, She Barked (Paws and Claws Mystery, #1)",Krista Davis,3.95,5296,https://i.gr-assets.com/images/S/compressed.photo.goodreads.com/books/1380492375i/15810862._SY75_.jpg,https://www.goodreads.com/book/show/15810862-murder-she-barked,goodreads_scraped
Because of Winn-Dixie,Because of Winn-Dixie,Kate DiCamillo,4.11,283601,https://i.gr-assets.com/images/S/compressed.photo.goodreads.com/books/1167521172i/24290._SY75_.jpg,https://www.goodreads.com/book/show/24290.Because_of_Winn_Dixie,goodreads_scraped
Twisted Honor,Twisted Honor (Deep Six Security #2),Becky McGraw,4.28,506,https://i.gr-assets.com/images/S/compressed.photo.goodreads.com/books/1441286454i/26041513._SX50_.jpg,https://www.goodreads.com/book/show/26041513-twisted-honor,goodreads_scraped
Never Forsaken,Never Forsaken (The Kurtherian Gambit #5),Michael Anderle,4.47,5323,https://i.gr-assets.com/images/S/compressed.photo.goodreads.com/books/1496978853i/35369558._SY75_.jpg,https://www.goodreads.com/book/show/35369558-never-forsaken,goodreads_scraped
The Other Side of Beautiful,The Other Side of Beautiful,Kim Lock,3.93,6815,https://i.gr-assets.com/images/S/compressed.photo.goodreads.com/books/1614915276i/57313499._SY75_.jpg,https://www.goodreads.com/book/show/57313499-the-other-side-of-beautiful,goodreads_scraped
Happy Hour,Happy Hour,Jacquie Byron,3.92,1413,https://i.gr-assets.com/images/S/compressed.photo.goodreads.com/books/1625029399i/58458300._SY75_.jpg,https://www.goodreads.com/book/show/58458300-happy-hour,goodreads_scraped
"The Queen's Faithful Companion: A Heartwarming Novel of Queen Elizabeth, Prince Phillip, Beloved Corgi Susan, and the Royal Family","The Queen's Faithful Companion: A Heartwarming Novel of Queen Elizabeth, Prince Phillip, Beloved Corgi Susan, and the Royal Family",Eliza Knight,4.0,669,https://i.gr-assets.com/images/S/compressed.photo.goodreads.com/books/1706023049i/199534545._SY75_.jpg,https://www.goodreads.com/book/show/199534545-the-queen-s-faithful-companion,goodreads_scraped
On the Flip Side,On the Flip Side,Nicholas Fisk,3.65,34,https://i.gr-assets.com/images/S/compressed.photo.goodreads.com/books/1348509368i/1087698._SY75_.jpg,https://www.goodreads.com/book/show/1087698.On_the_Flip_Side,goodreads_scraped
When the Tripods Came,When the Tripods Came,John Christopher,3.81,4923,https://i.gr-assets.com/images/S/compressed.photo.goodreads.com/books/1346502919i/80493._SY75_.jpg,https://www.goodreads.com/book/show/80493.When_the_Tripods_Came,goodreads_scraped
Moonwind,Moonwind,Louise Lawrence,3.9,98,https://i.gr-assets.com/images/S/compressed.photo.goodreads.com/books/1376155725i/1635547._SY75_.jpg,https://www.goodreads.com/book/show/1635547.Moonwind,goodreads_scraped
We Are Tam,We Are Tam,Patricia Bernard,3.84,25,https://i.gr-assets.com/images/S/compressed.photo.goodreads.com/books/1276891809i/8476258._SX50_.jpg,https://www.goodreads.com/book/show/8476258-we-are-tam,goodreads_scraped
Earthchange,Earthchange,Clare Cooper,4.3,10,https://i.gr-assets.com/images/S/compressed.photo.goodreads.com/books/1266750152i/3605314._SY75_.jpg,https://www.goodreads.com/book/show/3605314-earthchange,goodreads_scraped
Alien Child,Alien Child,Pamela Sargent,3.74,99,https://i.gr-assets.com/images/S/compressed.photo.goodreads.com/books/1362805236i/869290._SX50_.jpg,https://www.goodreads.com/book/show/869290.Alien_Child,goodreads_scraped
The Keeper of the Isis Light,"The Keeper of the Isis Light (Isis, #1)",Monica Hughes,3.87,1413,https://i.gr-assets.com/images/S/compressed.photo.goodreads.com/books/1181761619i/1190251._SX50_.jpg,https://www.goodreads.com/book/show/1190251.The_Keeper_of_the_Isis_Light,goodreads_scraped
The Silver Metal Lover,The Silver Metal Lover,Tanith Lee,4.04,4288,https://i.gr-assets.com/images/S/compressed.photo.goodreads.com/books/1229915237i/5936460._SY75_.jpg,https://www.goodreads.com/book/show/5936460-the-silver-metal-lover,goodreads_scraped
Children of the Dust,Children of the Dust,Louise Lawrence,4.01,2275,https://i.gr-assets.com/images/S/compressed.photo.goodreads.com/books/1356456395i/1030207._SY75_.jpg,https://www.goodreads.com/book/show/1030207.Children_of_the_Dust,goodreads_scraped
Emergence,Emergence,David R. Palmer,4.13,2091,https://i.gr-assets.com/images/S/compressed.photo.goodreads.com/books/1297767954i/5296452._SY75_.jpg,https://www.goodreads.com/book/show/5296452-emergence,goodreads_scraped
Obernewtyn,"Obernewtyn (The Obernewtyn Chronicles, #1)",Isobelle Carmody,3.96,12571,https://i.gr-assets.com/images/S/compressed.photo.goodreads.com/books/1312034242i/47916._SY75_.jpg,https://www.goodreads.com/book/show/47916.Obernewtyn,goodreads_scraped
The Burning Land,"The Burning Land (Firebrats, #1)",Barbara Siegel,3.87,84,https://i.gr-assets.com/images/S/compressed.photo.goodreads.com/books/1331923470i/204786._SY75_.jpg,https://www.goodreads.com/book/show/204786.The_Burning_Land,goodreads_scraped
The Guardian of Isis,"The Guardian of Isis (Isis, #2)",Monica Hughes,3.82,429,https://i.gr-assets.com/images/S/compressed.photo.goodreads.com/books/1320391863i/1190264._SY75_.jpg,https://www.goodreads.com/book/show/1190264.The_Guardian_of_Isis,goodreads_scraped
"A Rag, a Bone and a Hank of Hair","A Rag, a Bone and a Hank of Hair",Nicholas Fisk,4.04,213,https://i.gr-assets.com/images/S/compressed.photo.goodreads.com/books/1408926944i/1087707._SY75_.jpg,https://www.goodreads.com/book/show/1087707.A_Rag_a_Bone_and_a_Hank_of_Hair,goodreads_scraped
Portal to E'ewere,Portal to E'ewere,Irma Walker,3.93,14,https://i.gr-assets.com/images/S/compressed.photo.goodreads.com/books/1480914910i/2539009._SY75_.jpg,https://www.goodreads.com/book/show/2539009.Portal_to_E_ewere,goodreads_scraped
Eva,Eva,Peter Dickinson,3.43,2282,https://i.gr-assets.com/images/S/compressed.photo.goodreads.com/books/1328397920i/631169._SY75_.jpg,https://www.goodreads.com/book/show/631169.Eva,goodreads_scraped
The Isis Pedlar,"The Isis Pedlar (Isis, #3)",Monica Hughes,3.58,319,https://i.gr-assets.com/images/S/compressed.photo.goodreads.com/books/1443397879i/1190271._SY75_.jpg,https://www.goodreads.com/book/show/1190271.The_Isis_Pedlar,goodreads_scraped
Trillions,Trillions,Nicholas Fisk,3.82,246,https://i.gr-assets.com/images/S/compressed.photo.goodreads.com/books/1645186761i/1087689._SY75_.jpg,https://www.goodreads.com/book/show/1087689.Trillions,goodreads_scraped
Red Zone,Red Zone,Tom Browne,0.0,0,https://i.gr-assets.com/images/S/compressed.photo.goodreads.com/books/1523869230i/39860994._SX50_.jpg,https://www.goodreads.com/book/show/39860994-red-zone,goodreads_scraped
Winter of Magic's Return,Winter of Magic's Return,Pamela F. Service,4.23,272,https://i.gr-assets.com/images/S/compressed.photo.goodreads.com/books/1387745061i/29960._SY75_.jpg,https://www.goodreads.com/book/show/29960.Winter_of_Magic_s_Return,goodreads_scraped
The Engineer of Beasts,The Engineer of Beasts,Scott Russell Sanders,3.73,15,https://i.gr-assets.com/images/S/compressed.photo.goodreads.com/books/1475178108i/1777853._SX50_.jpg,https://www.goodreads.com/book/show/1777853.The_Engineer_of_Beasts,goodreads_scraped
Tomorrow's Magic,Tomorrow's Magic,Pamela F. Service,4.08,483,https://i.gr-assets.com/images/S/compressed.photo.goodreads.com/books/1320503878i/743391._SY75_.jpg,https://www.goodreads.com/book/show/743391.Tomorrow_s_Magic,goodreads_scraped
Hearts-ease,Hearts-ease,Peter Dickinson,3.81,181,https://i.gr-assets.com/images/S/compressed.photo.goodreads.com/books/1361372715i/1507233._SY75_.jpg,https://www.goodreads.com/book/show/1507233.Hearts_ease,goodreads_scraped
Stinker from Space,Stinker from Space,Pamela F. Service,3.73,178,https://i.gr-assets.com/images/S/compressed.photo.goodreads.com/books/1182552342i/1294627._SY75_.jpg,https://www.goodreads.com/book/show/1294627.Stinker_from_Space,goodreads_scraped
The Devil's Children,The Devil's Children,Peter Dickinson,3.88,234,https://i.gr-assets.com/images/S/compressed.photo.goodreads.com/books/1350268953i/289571._SX50_.jpg,https://www.goodreads.com/book/show/289571.The_Devil_s_Children,goodreads_scraped
Barbary,Barbary,Vonda N. McIntyre,3.66,273,https://i.gr-assets.com/images/S/compressed.photo.goodreads.com/books/1301722049i/1153228._SY75_.jpg,https://www.goodreads.com/book/show/1153228.Barbary,goodreads_scraped
The Weathermonger,The Weathermonger,Peter Dickinson,3.66,291,https://i.gr-assets.com/images/S/compressed.photo.goodreads.com/books/1280504701i/1300476._SY75_.jpg,https://www.goodreads.com/book/show/1300476.The_Weathermonger,goodreads_scraped
Brother in the Land,Brother in the Land,Robert Swindells,3.96,1572,https://i.gr-assets.com/images/S/compressed.photo.goodreads.com/books/1355115068i/689855._SY75_.jpg,https://www.goodreads.com/book/show/689855.Brother_in_the_Land,goodreads_scraped
Starsilk,"Starsilk (Sunstone Scrolls, #3)",Sydney J. Van Scyoc,4.1,101,https://i.gr-assets.com/images/S/compressed.photo.goodreads.com/books/1328494746i/616595._SY75_.jpg,https://www.goodreads.com/book/show/616595.Starsilk,goodreads_scraped
The Edge of the World,The Edge of the World,John  Gordon,3.91,23,https://i.gr-assets.com/images/S/compressed.photo.goodreads.com/books/1757265339i/20521873._SY75_.jpg,https://www.goodreads.com/book/show/20521873-the-edge-of-the-world,goodreads_scraped
The Gown,The Gown,Jennifer Robson,4.14,60657,https://i.gr-assets.com/images/S/compressed.photo.goodreads.com/books/1535551119i/39893613._SY75_.jpg,https://www.goodreads.com/book/show/39893613-the-gown,goodreads_scraped
The Queen's Secret,The Queen's Secret,Karen Harper,3.47,8763,https://i.gr-assets.com/images/S/compressed.photo.goodreads.com/books/1562181868i/52028849._SY75_.jpg,https://www.goodreads.com/book/show/52028849-the-queen-s-secret,goodreads_scraped
The Royal Nanny,The Royal Nanny,Karen Harper,3.93,6568,https://i.gr-assets.com/images/S/compressed.photo.goodreads.com/books/1451848217i/26795367._SY75_.jpg,https://www.goodreads.com/book/show/26795367-the-royal-nanny,goodreads_scraped
"The Other Windsor Girl: A Novel of Princess Margaret, Royal Rebel","The Other Windsor Girl: A Novel of Princess Margaret, Royal Rebel",Georgie Blalock,3.64,5874,https://i.gr-assets.com/images/S/compressed.photo.goodreads.com/books/1555518822i/43884183._SY75_.jpg,https://www.goodreads.com/book/show/43884183-the-other-windsor-girl,goodreads_scraped
Another Woman's Husband,Another Woman's Husband,Gill Paul,4.09,5795,https://i.gr-assets.com/images/S/compressed.photo.goodreads.com/books/1511383170i/36590430._SY75_.jpg,https://www.goodreads.com/book/show/36590430-another-woman-s-husband,goodreads_scraped
Four Funerals and Maybe a Wedding,"Four Funerals and Maybe a Wedding (Her Royal Spyness, #12)",Rhys Bowen,4.17,11759,https://i.gr-assets.com/images/S/compressed.photo.goodreads.com/books/1511193028i/36583047._SY75_.jpg,https://www.goodreads.com/book/show/36583047-four-funerals-and-maybe-a-wedding,goodreads_scraped
The Royal Governess,"The Royal Governess (Royal Outsiders, #1)",Wendy  Holden,3.76,5931,https://i.gr-assets.com/images/S/compressed.photo.goodreads.com/books/1575336548i/49080235._SY75_.jpg,https://www.goodreads.com/book/show/49080235-the-royal-governess,goodreads_scraped
"The Woman Before Wallis: A Novel of Windsors, Vanderbilts, and Royal Scandal","The Woman Before Wallis: A Novel of Windsors, Vanderbilts, and Royal Scandal",Bryn Turnbull,3.88,8781,https://i.gr-assets.com/images/S/compressed.photo.goodreads.com/books/1572052698i/52949204._SY75_.jpg,https://www.goodreads.com/book/show/52949204-the-woman-before-wallis,goodreads_scraped
In Royal Service to the Queen,In Royal Service to the Queen,Tessa Arlen,3.9,1849,https://i.gr-assets.com/images/S/compressed.photo.goodreads.com/books/1616480838i/55655044._SX50_.jpg,https://www.goodreads.com/book/show/55655044-in-royal-service-to-the-queen,goodreads_scraped
Before the Crown,Before the Crown,Flora Harding,3.88,4760,https://i.gr-assets.com/images/S/compressed.photo.goodreads.com/books/1591000892i/48910589._SY75_.jpg,https://www.goodreads.com/book/show/48910589-before-the-crown,goodreads_scraped
The Uncommon Reader,The Uncommon Reader,Alan Bennett,3.73,62144,https://i.gr-assets.com/images/S/compressed.photo.goodreads.com/books/1317064291i/1096390._SX50_.jpg,https://www.goodreads.com/book/show/1096390.The_Uncommon_Reader,goodreads_scraped
The Good Servant,The Good Servant,Fern Britton,4.27,1812,https://i.gr-assets.com/images/S/compressed.photo.goodreads.com/books/1650633809i/59344708._SY75_.jpg,https://www.goodreads.com/book/show/59344708-the-good-servant,goodreads_scraped
Henry the Queen’s Corgi,Henry the Queen’s Corgi,Georgie Crawley,4.11,633,https://i.gr-assets.com/images/S/compressed.photo.goodreads.com/books/1502129194i/35429672._SY75_.jpg,https://www.goodreads.com/book/show/35429672-henry-the-queen-s-corgi,goodreads_scraped
The Golden Prince,The Golden Prince,Rebecca Dean,3.44,668,https://i.gr-assets.com/images/S/compressed.photo.goodreads.com/books/1320546759i/8534237._SY75_.jpg,https://www.goodreads.com/book/show/8534237-the-golden-prince,goodreads_scraped
The Shadow Queen,The Shadow Queen,Rebecca Dean,3.64,1538,https://i.gr-assets.com/images/S/compressed.photo.goodreads.com/books/1331584567i/13155464._SY75_.jpg,https://www.goodreads.com/book/show/13155464-the-shadow-queen,goodreads_scraped
The Secret Guests,"The Secret Guests (St. John Strafford, #1)",Benjamin Black,3.13,2929,https://i.gr-assets.com/images/S/compressed.photo.goodreads.com/books/1571408130i/45186564._SY75_.jpg,https://www.goodreads.com/book/show/45186564-the-secret-guests,goodreads_scraped
The Queen and I,The Queen and I,Sue Townsend,3.71,7022,https://i.gr-assets.com/images/S/compressed.photo.goodreads.com/books/1689683209i/54245._SY75_.jpg,https://www.goodreads.com/book/show/54245.The_Queen_and_I,goodreads_scraped
The Duchess,"The Duchess (Royal Outsiders, #2)",Wendy  Holden,3.96,2713,https://i.gr-assets.com/images/S/compressed.photo.goodreads.com/books/1617707529i/56913173._SX50_.jpg,https://www.goodreads.com/book/show/56913173-the-duchess,goodreads_scraped
The People's Princess,The People's Princess,Flora Harding,3.72,1390,https://i.gr-assets.com/images/S/compressed.photo.goodreads.com/books/1635772462i/57376953._SY75_.jpg,https://www.goodreads.com/book/show/57376953-the-people-s-princess,goodreads_scraped
Christmas with the Queen,Christmas with the Queen,Hazel Gaynor,3.97,13918,https://i.gr-assets.com/images/S/compressed.photo.goodreads.com/books/1717773456i/199531640._SY75_.jpg,https://www.goodreads.com/book/show/199531640-christmas-with-the-queen,goodreads_scraped
Princess Elizabeth's Spy,"Princess Elizabeth's Spy (Maggie Hope Mystery, #2)",Susan Elia MacNeal,3.92,18945,https://i.gr-assets.com/images/S/compressed.photo.goodreads.com/books/1336319137i/13330549._SY75_.jpg,https://www.goodreads.com/book/show/13330549-princess-elizabeth-s-spy,goodreads_scraped
Mrs Queen Takes the Train,Mrs Queen Takes the Train,William Kuhn,3.56,7712,https://i.gr-assets.com/images/S/compressed.photo.goodreads.com/books/1348684181i/13571784._SY75_.jpg,https://www.goodreads.com/book/show/13571784-mrs-queen-takes-the-train,goodreads_scraped
Gone with the Windsors,Gone with the Windsors,Laurie Graham,3.8,978,https://i.gr-assets.com/images/S/compressed.photo.goodreads.com/books/1180012896i/985133._SY75_.jpg,https://www.goodreads.com/book/show/985133.Gone_with_the_Windsors,goodreads_scraped
The Queen's Corgi: On Purpose,The Queen's Corgi: On Purpose,David Michie,3.95,843,https://i.gr-assets.com/images/S/compressed.photo.goodreads.com/books/1473397195i/31927265._SY75_.jpg,https://www.goodreads.com/book/show/31927265-the-queen-s-corgi,goodreads_scraped
Royal Flush,"Royal Flush (Her Royal Spyness Mysteries, #3)",Rhys Bowen,3.99,18662,https://i.gr-assets.com/images/S/compressed.photo.goodreads.com/books/1328009301i/5981169._SY75_.jpg,https://www.goodreads.com/book/show/5981169-royal-flush,goodreads_scraped
Lost Autumn,Lost Autumn,Mary-Rose MacColl,3.74,962,https://i.gr-assets.com/images/S/compressed.photo.goodreads.com/books/1574331887l/52183381._SX50_SY75_.jpg,https://www.goodreads.com/book/show/52183381-lost-autumn,goodreads_scraped
The Rose Code,The Rose Code,Kate Quinn,4.44,393611,https://i.gr-assets.com/images/S/compressed.photo.goodreads.com/books/1596553679i/53914938._SX50_.jpg,https://www.goodreads.com/book/show/53914938-the-rose-code,goodreads_scraped
The Royal Windsor Secret,The Royal Windsor Secret,Christine   Wells,3.72,1729,https://i.gr-assets.com/images/S/compressed.photo.goodreads.com/books/1681107181i/70240512._SY75_.jpg,https://www.goodreads.com/book/show/70240512-the-royal-windsor-secret,goodreads_scraped
Coronation Year,Coronation Year,Jennifer Robson,3.93,6981,https://i.gr-assets.com/images/S/compressed.photo.goodreads.com/books/1675640549i/61042487._SY75_.jpg,https://www.goodreads.com/book/show/61042487-coronation-year,goodreads_scraped
"The Windsor Conspiracy: A Novel of the Crown, a Conspiracy, and the Duchess of Windsor","The Windsor Conspiracy: A Novel of the Crown, a Conspiracy, and the Duchess of Windsor",Georgie Blalock,3.94,657,https://i.gr-assets.com/images/S/compressed.photo.goodreads.com/books/1702086340i/199635115._SY75_.jpg,https://www.goodreads.com/book/show/199635115-the-windsor-conspiracy,goodreads_scraped
The Princess,The Princess (Royal Outsiders #3),Wendy  Holden,3.74,1196,https://i.gr-assets.com/images/S/compressed.photo.goodreads.com/books/1680270281i/59457909._SY75_.jpg,https://www.goodreads.com/book/show/59457909-the-princess,goodreads_scraped
The Royal Librarian,The Royal Librarian,Daisy Wood,4.08,8408,https://i.gr-assets.com/images/S/compressed.photo.goodreads.com/books/1705074410i/123263354._SY75_.jpg,https://www.goodreads.com/book/show/123263354-the-royal-librarian,goodreads_scraped
Palace Hill,Palace Hill,Peter Corey,2.5,2,https://i.gr-assets.com/images/S/compressed.photo.goodreads.com/books/1612260707i/7148265._SY75_.jpg,https://www.goodreads.com/book/show/7148265-palace-hill,goodreads_scraped
The Little Bear and the Princess,The Little Bear and the Princess,Jane Brown Gemmill,4.0,1,https://i.gr-assets.com/images/S/compressed.photo.goodreads.com/books/1425952427i/25109326._SY75_.jpg,https://www.goodreads.com/book/show/25109326-the-little-bear-and-the-princess,goodreads_scraped
Coronation,Coronation,Paul Gallico,4.12,313,https://i.gr-assets.com/images/S/compressed.photo.goodreads.com/books/1609662004i/56525986._SY75_.jpg,https://www.goodreads.com/book/show/56525986-coronation,goodreads_scraped
Death at Windsor Castle,Death at Windsor Castle (Her Majesty Investigates #3),C.C. Benison,3.8,217,https://i.gr-assets.com/images/S/compressed.photo.goodreads.com/books/1314742933i/1030339._SY75_.jpg,https://www.goodreads.com/book/show/1030339.Death_at_Windsor_Castle,goodreads_scraped
A Royal Murder,"A Royal Murder (Eleanor Roosevelt, #13)",Elliott Roosevelt,3.54,191,https://i.gr-assets.com/images/S/compressed.photo.goodreads.com/books/1387664742i/1439044._SX50_.jpg,https://www.goodreads.com/book/show/1439044.A_Royal_Murder,goodreads_scraped
Lily and the Traitors' Spell,"Lily and the Traitors' Spell (Lily, #4)",Holly Webb,4.2,205,https://i.gr-assets.com/images/S/compressed.photo.goodreads.com/books/1386992085i/19454037._SY75_.jpg,https://www.goodreads.com/book/show/19454037-lily-and-the-traitors-spell,goodreads_scraped
The Journey After the Crown,The Journey After the Crown,Andrew Mackie,3.54,650,https://i.gr-assets.com/images/S/compressed.photo.goodreads.com/books/1648848140i/60733756._SY75_.jpg,https://www.goodreads.com/book/show/60733756-the-journey-after-the-crown,goodreads_scraped
The Windsor Knot,The Windsor Knot,S.J.  Bennett,3.51,31178,https://i.gr-assets.com/images/S/compressed.photo.goodreads.com/books/1611554529i/53914972._SY75_.jpg,https://www.goodreads.com/book/show/53914972-the-windsor-knot,goodreads_scraped
The BFG,The BFG,Roald Dahl,4.23,535564,https://i.gr-assets.com/images/S/compressed.photo.goodreads.com/books/1327872673i/6319._SY75_.jpg,https://www.goodreads.com/book/show/6319.The_BFG,goodreads_scraped
The Royal Rabbits of London,The Royal Rabbits of London (The Royal Rabbits of London #1),Santa Montefiore,3.78,1334,https://i.gr-assets.com/images/S/compressed.photo.goodreads.com/books/1470228755i/29361036._SX50_.jpg,https://www.goodreads.com/book/show/29361036-the-royal-rabbits-of-london,goodreads_scraped
Wallis: The Novel,Wallis: The Novel,Anne Edwards,3.75,173,https://i.gr-assets.com/images/S/compressed.photo.goodreads.com/books/1289527984i/1933779._SX50_.jpg,https://www.goodreads.com/book/show/1933779.Wallis,goodreads_scraped
In the Wet,In the Wet,Nevil Shute,3.89,1448,https://i.gr-assets.com/images/S/compressed.photo.goodreads.com/books/1327990309i/181980._SY75_.jpg,https://www.goodreads.com/book/show/181980.In_the_Wet,goodreads_scraped
The Autobiography of the Queen,The Autobiography of the Queen,Emma Tennant,2.79,100,https://i.gr-assets.com/images/S/compressed.photo.goodreads.com/books/1328694590i/2093178._SX50_.jpg,https://www.goodreads.com/book/show/2093178.The_Autobiography_of_the_Queen,goodreads_scraped
Queen Camilla,Queen Camilla,Sue Townsend,3.45,2087,https://i.gr-assets.com/images/S/compressed.photo.goodreads.com/books/1174340673i/383063._SY75_.jpg,https://www.goodreads.com/book/show/383063.Queen_Camilla,goodreads_scraped
King Charles III,King Charles III,Mike Bartlett,4.01,752,https://i.gr-assets.com/images/S/compressed.photo.goodreads.com/books/1398195101i/21535463._SY75_.jpg,https://www.goodreads.com/book/show/21535463-king-charles-iii,goodreads_scraped
The Royal Correspondent,The Royal Correspondent,Alexandra Joel,3.72,1633,https://i.gr-assets.com/images/S/compressed.photo.goodreads.com/books/1609536084i/54831530._SY75_.jpg,https://www.goodreads.com/book/show/54831530-the-royal-correspondent,goodreads_scraped
Elizabeth and Marilyn,Elizabeth and Marilyn,Julie Owen Moylan,4.12,241,https://i.gr-assets.com/images/S/compressed.photo.goodreads.com/books/1752379006i/233593806._SY75_.jpg,https://www.goodreads.com/book/show/233593806-elizabeth-and-marilyn,goodreads_scraped
The Queen's Coronation,The Queen's Coronation,Jennifer    Ryan,3.8,230,https://i.gr-assets.com/images/S/compressed.photo.goodreads.com/books/1765191847i/239167343._SX50_.jpg,https://www.goodreads.com/book/show/239167343-the-queen-s-coronation,goodreads_scraped
The Windsor Affair,The Windsor Affair,Melanie Benjamin,4.26,362,https://i.gr-assets.com/images/S/compressed.photo.goodreads.com/books/1762800193i/240331991._SY75_.jpg,https://www.goodreads.com/book/show/240331991-the-windsor-affair,goodreads_scraped
"Ruoka, ilmasto ja terveys","Ruoka, ilmasto ja terveys",Risto Isomäki,4.14,322,https://i.gr-assets.com/images/S/compressed.photo.goodreads.com/books/1609686230i/56529655._SY75_.jpg,https://www.goodreads.com/book/show/56529655-ruoka-ilmasto-ja-terveys,goodreads_scraped
Metsä meidän jälkeemme,Metsä meidän jälkeemme,Anssi Jokiranta,4.23,726,https://i.gr-assets.com/images/S/compressed.photo.goodreads.com/books/1560865613l/49436282._SX50_SY75_.jpg,https://www.goodreads.com/book/show/49436282-mets-meid-n-j-lkeemme,goodreads_scraped
Lihan loppu,Lihan loppu,Suvi Auvinen,4.28,1070,https://i.gr-assets.com/images/S/compressed.photo.goodreads.com/books/1569494126l/49515842._SX50_SY75_.jpg,https://www.goodreads.com/book/show/49515842-lihan-loppu,goodreads_scraped
Tuhannen viillon kuolema,"Tuhannen viillon kuolema (Rikkaiden unelmat, #1)",Juhana Pettersson,2.95,40,https://i.gr-assets.com/images/S/compressed.photo.goodreads.com/books/1508055438i/36415579._SY75_.jpg,https://www.goodreads.com/book/show/36415579-tuhannen-viillon-kuolema,goodreads_scraped
Ihme ilmat! Miksi ilmasto muuttuu,Ihme ilmat! Miksi ilmasto muuttuu,Laura Ertimo,4.03,70,https://i.gr-assets.com/images/S/compressed.photo.goodreads.com/books/1574025352l/52933626._SX50_SY75_.jpg,https://www.goodreads.com/book/show/52933626-ihme-ilmat-miksi-ilmasto-muuttuu,goodreads_scraped
Kuunpäivän kirjeet,Kuunpäivän kirjeet,Emmi Itäranta,3.79,2122,https://i.gr-assets.com/images/S/compressed.photo.goodreads.com/books/1599857133i/53308298._SY75_.jpg,https://www.goodreads.com/book/show/53308298-kuunp-iv-n-kirjeet,goodreads_scraped
Kirja vedestä,Kirja vedestä,Anja Portin,4.0,2,https://i.gr-assets.com/images/S/compressed.photo.goodreads.com/books/1532704369i/40960525._SX50_.jpg,https://www.goodreads.com/book/show/40960525-kirja-vedest,goodreads_scraped
Teemestarin kirja,Teemestarin kirja,Emmi Itäranta,3.64,10573,https://i.gr-assets.com/images/S/compressed.photo.goodreads.com/books/1740256073i/13425795._SX50_.jpg,https://www.goodreads.com/book/show/13425795-teemestarin-kirja,goodreads_scraped
Monimuotoisuus – kertomuksia katoamisista,Monimuotoisuus – kertomuksia katoamisista,Juha Kauppinen,4.29,516,https://i.gr-assets.com/images/S/compressed.photo.goodreads.com/books/1555090903i/45028716._SY75_.jpg,https://www.goodreads.com/book/show/45028716-monimuotoisuus-kertomuksia-katoamisista,goodreads_scraped
Vedenpaisumuksen lapset,Vedenpaisumuksen lapset,Risto Isomäki,3.51,353,https://i.gr-assets.com/images/S/compressed.photo.goodreads.com/books/1596814173i/54843898._SY75_.jpg,https://www.goodreads.com/book/show/54843898-vedenpaisumuksen-lapset,goodreads_scraped
Sarasvatin hiekkaa,Sarasvatin hiekkaa,Risto Isomäki,3.52,1719,https://i.gr-assets.com/images/S/compressed.photo.goodreads.com/books/1271964590i/6576539._SY75_.jpg,https://www.goodreads.com/book/show/6576539-sarasvatin-hiekkaa,goodreads_scraped
"250 ilmastotekoa, joilla pelastat maailman","250 ilmastotekoa, joilla pelastat maailman",Rinna Saramäki,3.54,311,https://i.gr-assets.com/images/S/compressed.photo.goodreads.com/books/1579248334i/50521484._SX50_.jpg,https://www.goodreads.com/book/show/50521484-250-ilmastotekoa-joilla-pelastat-maailman,goodreads_scraped
Ilmastotekokirja,Ilmastotekokirja,Kaisa Happonen,3.66,100,https://i.gr-assets.com/images/S/compressed.photo.goodreads.com/books/1607524385i/56231298._SX50_.jpg,https://www.goodreads.com/book/show/56231298-ilmastotekokirja,goodreads_scraped
Tekoja nyt! Maailmanpelastajan käsikirja,Tekoja nyt! Maailmanpelastajan käsikirja,Silja Annila,3.58,69,https://i.gr-assets.com/images/S/compressed.photo.goodreads.com/books/1588839778i/53343594._SX50_.jpg,https://www.goodreads.com/book/show/53343594-tekoja-nyt-maailmanpelastajan-k-sikirja,goodreads_scraped
Maanalaiset linnut,Maanalaiset linnut,Mia Rönkä,3.17,30,https://i.gr-assets.com/images/S/compressed.photo.goodreads.com/books/1466264201i/30644171._SX50_.jpg,https://www.goodreads.com/book/show/30644171-maanalaiset-linnut,goodreads_scraped
"Yksi elämä, yksi planeetta – Näkemys ihmeellisen maailmamme tulevaisuudesta","Yksi elämä, yksi planeetta – Näkemys ihmeellisen maailmamme tulevaisuudesta",David Attenborough,4.5,35546,https://i.gr-assets.com/images/S/compressed.photo.goodreads.com/books/1603780529i/55809855._SX50_.jpg,https://www.goodreads.com/book/show/55809855-yksi-el-m-yksi-planeetta-n-kemys-ihmeellisen-maailmamme-tulevaisuude,goodreads_scraped
Luonto ihmisen aikakaudella,Luonto ihmisen aikakaudella,Seppo Turunen,3.56,27,https://i.gr-assets.com/images/S/compressed.photo.goodreads.com/books/1549199107i/43821079._SX50_.jpg,https://www.goodreads.com/book/show/43821079-luonto-ihmisen-aikakaudella,goodreads_scraped
The Eagle Has Landed,"The Eagle Has Landed (Liam Devlin, #1)",Jack Higgins,4.18,58859,https://i.gr-assets.com/images/S/compressed.photo.goodreads.com/books/1347958282i/295961._SY75_.jpg,https://www.goodreads.com/book/show/295961.The_Eagle_Has_Landed,goodreads_scraped
The Spymasters,"The Spymasters (Men at War, #7)",W.E.B. Griffin,4.13,1911,https://i.gr-assets.com/images/S/compressed.photo.goodreads.com/books/1422575759i/9534404._SY75_.jpg,https://www.goodreads.com/book/show/9534404-the-spymasters,goodreads_scraped
Battleground,"Battleground (The Corps, #4)",W.E.B. Griffin,4.38,5002,https://i.gr-assets.com/images/S/compressed.photo.goodreads.com/books/1309209984i/1052647._SY75_.jpg,https://www.goodreads.com/book/show/1052647.Battleground,goodreads_scraped
Secret Honor,"Secret Honor (Honor Bound, #3)",W.E.B. Griffin,4.25,2790,https://i.gr-assets.com/images/S/compressed.photo.goodreads.com/books/1339564461i/140104._SY75_.jpg,https://www.goodreads.com/book/show/140104.Secret_Honor,goodreads_scraped
Sprouting Wings: The First Novel in the Alan Ericsson Series,Sprouting Wings: The First Novel in the Alan Ericsson Series,Henry Faulkner,4.3,173,https://i.gr-assets.com/images/S/compressed.photo.goodreads.com/books/1418746109i/23375536._SY75_.jpg,https://www.goodreads.com/book/show/23375536-sprouting-wings,goodreads_scraped
Incurable,Incurable,E.C. Moore,4.17,30,https://i.gr-assets.com/images/S/compressed.photo.goodreads.com/books/1440448776i/23306357._SY75_.jpg,https://www.goodreads.com/book/show/23306357-incurable,goodreads_scraped
Moonlight,"Moonlight (Rose of Anzio, #1)",Alexa Kang,4.12,742,https://i.gr-assets.com/images/S/compressed.photo.goodreads.com/books/1453609296i/28684641._SY75_.jpg,https://www.goodreads.com/book/show/28684641-moonlight,goodreads_scraped
Deadly Shores,"Deadly Shores (Destroyermen, #9)",Taylor  Anderson,4.27,2135,https://i.gr-assets.com/images/S/compressed.photo.goodreads.com/books/1385355043i/18667936._SY75_.jpg,https://www.goodreads.com/book/show/18667936-deadly-shores,goodreads_scraped
Last Orders,"Last Orders (The War That Came Early, #6)",Harry Turtledove,3.81,636,https://i.gr-assets.com/images/S/compressed.photo.goodreads.com/books/1392028471i/18691004._SX50_.jpg,https://www.goodreads.com/book/show/18691004-last-orders,goodreads_scraped
Thunder Point,Thunder Point (Sean Dillon #2),Jack Higgins,4.02,5213,https://i.gr-assets.com/images/S/compressed.photo.goodreads.com/books/1348022083i/790332._SY75_.jpg,https://www.goodreads.com/book/show/790332.Thunder_Point,goodreads_scraped
