title,raw_title,author,avg_rating,ratings_count,cover_url,details_url,source,genres,page_count,description
Structure and Interpretation of Computer Programs,Structure and Interpretation of Computer Programs,Harold Abelson,4.47,4874,https://i.gr-assets.com/images/S/compressed.photo.goodreads.com/books/1347571961i/777411._SX50_.jpg,https://www.goodreads.com/book/show/777411.Structure_and_Interpretation_of_Computer_Programs,goodreads_scraped,"Computer programming, LISP (Computer program language), mirror, pdf.yt, Computer science",542,"> **Wizard Book** n. Hal Abelson's, Jerry Sussman's and Julie Sussman's Structure and Interpretation of Computer Programs (MIT Press, 1984; ISBN 0-262-01077-1), an excellent computer science text used in introductory courses at MIT. So called because of the wizard on the jacket. One of the bibles of the LISP/Scheme world. Also, less commonly, known as the Purple Book.

*from The New Hacker's Dictionary, 2nd edition (MIT Press, 1993)*"
Code Complete: A Practical Handbook of Software Construction,Code Complete: A Practical Handbook of Software Construction,Steve McConnell,4.3,9501,https://i.gr-assets.com/images/S/compressed.photo.goodreads.com/books/1396837641i/4845._SX50_.jpg,https://www.goodreads.com/book/show/4845.Code_Complete,goodreads_scraped,"Development, Programmeren (computers), Programmatuurtechniek, Handbooks, manuals, Computer software",914,"Take a strategic approach to software construction—and produce superior products—with this fully updated edition of Steve McConnell's critically praised and award-winning guide to software development best practices. Widely considered one of the best practical guides to programming, Steve McConnell's original CODE COMPLETE has been helping developers write better software for more than a decade. Now this classic book has been fully updated and revised with leading-edge practices—and hundreds of new code samples—illustrating the art and science of software construction. Capturing the body of knowledge available from research, academia, and everyday commercial practice, McConnell synthesizes the most effective techniques and must-know principles into clear, pragmatic guidance. No matter what your experience level, development environment, or project size, this book will inform and stimulate your thinking—and help you build the highest quality code.Discover the timeless techniques and strategies that help you:Design for minimum complexity and maximum creativityReap the benefits of collaborative developmentApply defensive programming techniques to reduce and flush out errorsExploit opportunities to refactor—or evolve—code, and do it safelyUse construction practices that are right-weight for your projectDebug problems quickly and effectivelyResolve critical construction issues early and correctlyBuild quality into the beginning, middle, and end of your project"
Introduction to Algorithms,Introduction to Algorithms,Thomas H. Cormen,4.35,9368,https://i.gr-assets.com/images/S/compressed.photo.goodreads.com/books/1390459484i/6752187._SX50_.jpg,https://www.goodreads.com/book/show/6752187-introduction-to-algorithms,goodreads_scraped,"Algorithms, Computer algorithms, Computer programming, open_syllabus_project, Programming",1292,"This book provides a comprehensive introduction to the modern study of computer algorithms. It presents many algorithms and covers them in considerable depth, yet makes their design and analysis accessible to all levels of readers. We have tried to keep explanations elementary without sacrificing depth of coverage or mathematical rigor. Each chapter presents an algorithm, a design technique, an application area, or a related topic. Algorithms are described in English and in a ""pseudocode"" designed to be readable by anyone who has done a little programming. The book contains over 260 figrues illustrating how the algorithms work. Since we emphasize efficiency as a design criterion, we include careful analyses of the running times of all our algorithms. The text is intended primarily for use in undergraduate or graduate courses in algorithms or data structures. Because it discusses engineering issues in algorithm design, as well as mathematical aspects, it is equally well suited for self-study by technical professionals. --"
"Design Patterns: Elements of Reusable Object-oriented Software / Applying UML and Patterns: An Introduction to Object-Oriented Analysis and Design and Iterative Development, 2 Volume Set","Design Patterns: Elements of Reusable Object-oriented Software / Applying UML and Patterns: An Introduction to Object-Oriented Analysis and Design and Iterative Development, 2 Volume Set",Erich Gamma,4.2,12006,https://i.gr-assets.com/images/S/compressed.photo.goodreads.com/books/1180662124i/1062814._SX50_.jpg,https://www.goodreads.com/book/show/1062814.Design_Patterns,goodreads_scraped,,,
Hacker's Delight,Hacker's Delight,Henry S. Warren Jr.,4.2,1139,https://i.gr-assets.com/images/S/compressed.photo.goodreads.com/books/1385216522i/276079._SY75_.jpg,https://www.goodreads.com/book/show/276079.Hacker_s_Delight,goodreads_scraped,"Computer programming, Computer hackers, Hackers, Qa76.6 .w375 2013, 005.1",320,"""This is a collection of small programming tricks that I have come across over many years. Most of them will work only on computers that represent integers in two's-complement form. Although a 32-bit machine is assumed when register length is relevant, most of the tricks are easily adapted to machines with other register sizes.""

""This book does not deal with large tricks such as sophisticated sorting and compiler optimization techniques. Rather, it deals with small tricks that usually involve individual computer words or instructions, such as counting the number of 1-bits in a word. Such tricks often use a mixture of arithmetic and logical instructions.""  -- From the preface."
Refactoring: Improving the Design of Existing Code,Refactoring: Improving the Design of Existing Code (Addison-wesley Object Technology Series),Martin Fowler,4.24,8861,https://i.gr-assets.com/images/S/compressed.photo.goodreads.com/books/1386925632i/44936._SX50_.jpg,https://www.goodreads.com/book/show/44936.Refactoring,goodreads_scraped,"Software refactoring, Object-oriented programming (Computer science)",0,
"The Art of Computer Programming, Volumes 1-4A Boxed Set","The Art of Computer Programming, Volumes 1-4A Boxed Set",Donald Ervin Knuth,4.75,237,https://i.gr-assets.com/images/S/compressed.photo.goodreads.com/books/1347464918i/9410434._SX50_.jpg,https://www.goodreads.com/book/show/9410434-the-art-of-computer-programming-volumes-1-4a-boxed-set,goodreads_scraped,,,
The Algorithm Design Manual,The Algorithm Design Manual,Steven S. Skiena,4.35,2690,https://i.gr-assets.com/images/S/compressed.photo.goodreads.com/books/1388183113i/425208._SX50_.jpg,https://www.goodreads.com/book/show/425208.The_Algorithm_Design_Manual,goodreads_scraped,"Computer algorithms, Qa76.9.a43 s55 2008, 005.1",748,CD-ROM contains: Hypertext version of text -- Source code and URLs for all cited implementations -- Audio lectures on design and analysis of algorithms.
Programming Pearls,Programming Pearls,Jon L. Bentley,4.2,3225,https://i.gr-assets.com/images/S/compressed.photo.goodreads.com/books/1385191091i/52084._SX50_.jpg,https://www.goodreads.com/book/show/52084.Programming_Pearls,goodreads_scraped,,,
On Lisp: Advanced Techniques for Common Lisp,On Lisp: Advanced Techniques for Common Lisp,Paul    Graham,4.3,482,https://i.gr-assets.com/images/S/compressed.photo.goodreads.com/books/1388374030i/41803._SY75_.jpg,https://www.goodreads.com/book/show/41803.On_Lisp,goodreads_scraped,"COMMON LISP (Computer program language), macros, bottom-up programming, Lisp (computer program language)",413,"The title itself, ""On Lisp"", is a reference to the idea that you can solve a programming problem by first building a programming language that lets you talk about your programming problem easier. In Lisp the programmer builds this problem specific language on top of Lisp itself using basic Lisp constructs called ""macros"". This style of programming is called ""bottom-up programming"".

On Lisp is especially known for the complete description of Common Lisp macros and their uses, but the book also covers many other aspects of bottom-up programming in Common Lisp."
Scratch 2.0 Programming,Scratch 2.0 Programming,Denis Golikov,4.36,58,https://i.gr-assets.com/images/S/compressed.photo.goodreads.com/books/1423263665i/24855246._SX50_.jpg,https://www.goodreads.com/book/show/24855246-scratch-2-0-programming,goodreads_scraped,,,
Grokking Algorithms An Illustrated Guide For Programmers and Other Curious People,Grokking Algorithms An Illustrated Guide For Programmers and Other Curious People,Aditya Y. Bhargava,4.41,5548,https://i.gr-assets.com/images/S/compressed.photo.goodreads.com/books/1458747997i/22847284._SX50_.jpg,https://www.goodreads.com/book/show/22847284-grokking-algorithms-an-illustrated-guide-for-programmers-and-other-curio,goodreads_scraped,"Computer algorithms, Computer programming, Handbooks, manuals, Algorithmus, Programmierung",256,"""Grokking Algorithms is a fully illustrated, friendly guide that teaches you how to apply common algorithms to the practical problems you face every day as a programmer. You'll start with sorting and searching and, as you build up your skills in thinking algorithmically, you'll tackle more complex concerns such as data compression and artificial intelligence. Each carefully presented example includes helpful diagrams and fully annotated code samples in Python.""--Publisher's desription."
Practical Common Lisp,Practical Common Lisp,Peter Seibel,4.15,790,https://i.gr-assets.com/images/S/compressed.photo.goodreads.com/books/1347722574i/570933._SX50_.jpg,https://www.goodreads.com/book/show/570933.Practical_Common_Lisp,goodreads_scraped,"COMMON LISP (Computer program language), Lisp (computer program language), Programming languages (electronic computers), Common lisp (computer program language), Qa76.73.l23 s45 2005",500,
Programming Ruby: The Pragmatic Programmers' Guide,Programming Ruby: The Pragmatic Programmers' Guide,Dave         Thomas,4.04,1982,https://i.gr-assets.com/images/S/compressed.photo.goodreads.com/books/1436620106i/515._SX50_.jpg,https://www.goodreads.com/book/show/515.Programming_Ruby,goodreads_scraped,"Ruby (Computer program language), Object-oriented programming (Computer science)",830,
Accelerated C++: Practical Programming by Example,Accelerated C++: Practical Programming by Example,Mike Hendrickson,4.06,728,https://i.gr-assets.com/images/S/compressed.photo.goodreads.com/books/1348015499i/742586._SX50_.jpg,https://www.goodreads.com/book/show/742586.Accelerated_C_,goodreads_scraped,,,
The Practice of Programming,The Practice of Programming (Addison-Wesley Professional Computing Series),Brian W. Kernighan,4.12,1939,https://i.gr-assets.com/images/S/compressed.photo.goodreads.com/books/1348418051i/1032758._SX50_.jpg,https://www.goodreads.com/book/show/1032758.The_Practice_of_Programming,goodreads_scraped,"Computer programming, Programmation (Informatique), Programmierung, Programmeren (computers), Algoritmen",288,A compendium of practical matters of importance to working programmers.
The Little Schemer,The Little Schemer,Daniel P. Friedman,4.29,1993,https://i.gr-assets.com/images/S/compressed.photo.goodreads.com/books/1347456079i/548914._SX50_.jpg,https://www.goodreads.com/book/show/548914.The_Little_Schemer,goodreads_scraped,"LISP (Computer program language), Scheme (Computer program language), Lisp, Linguagem de programação, LISP",216,"The Little Schemer introduces computing as an extension of arithmetic and algebra ;things that everyone studies in grade school and high school. It introduces programs as recursive functions and briefly discusses the limits of what computers can do. The authors use the programming language Scheme, and interesting foods to illustrate these abstract ideas."
Com+ Programming: A Practical Guide Using Visual C++ and Atl,Com+ Programming: A Practical Guide Using Visual C++ and Atl (Hewlett-Packard Professional Books),Pradeep Tapadiya,3.33,3,https://i.gr-assets.com/images/S/compressed.photo.goodreads.com/books/1348579797i/2068596._SX50_.jpg,https://www.goodreads.com/book/show/2068596.Com_Programming,goodreads_scraped,"Development, C++ (Computer program language), ATL (Computer file), COM+, Computer software",560,
Land of Lisp,Land of Lisp,Conrad Barski,4.16,677,https://i.gr-assets.com/images/S/compressed.photo.goodreads.com/books/1403198191i/6905041._SX50_.jpg,https://www.goodreads.com/book/show/6905041-land-of-lisp,goodreads_scraped,"computer programming, lisp, progamming, Computer games, COMMON LISP (Computer program language)",482,
The Rails Way,The Rails Way,Obie Fernandez,3.86,273,https://i.gr-assets.com/images/S/compressed.photo.goodreads.com/books/1391053151i/335813._SX50_.jpg,https://www.goodreads.com/book/show/335813.The_Rails_Way,goodreads_scraped,"Computer Technology, Development, Application software, Web site development, Ruby on rails (Electronic resource)",866,"This is the eBook version of the printed book. If the print book includes a CD-ROM, this content is not included within the eBook version.The expert guide to building Ruby on Rails applicationsRuby on Rails strips complexity from the development process, enabling professional developers to focus on what matters most: delivering business value. Now, for the first time, there's a comprehensive, authoritative guide to building production-quality software with Rails. Pioneering Rails developer Obie Fernandez and a team of experts illuminate the entire Rails API, along with the Ruby idioms, design approaches, libraries, and plug-ins that make Rails so valuable. Drawing on their unsurpassed experience, they address the real challenges development teams face, showing how to use Rails' tools and best practices to maximize productivity and build polished applications users will enjoy.Using detailed code examples, Obie systematically covers Rails' key capabilities and subsystems. He presents advanced programming techniques, introduces open source libraries that facilitate easy Rails adoption, and offers important insights into testing and production deployment. Dive deep into the Rails codebase together, discovering why Rails behaves as it does–-and how to make it behave the way you want it to.This book will help youIncrease your productivity as a web developerRealize the overall joy of programming with Ruby on RailsLearn what's new in Rails 2.0 Drive design and protect long-term maintainability with TestUnit and RSpecUnderstand and manage complex program flow in Rails controllersLeverage Rails' support for designing REST-compliant APIsMaster sophisticated Rails routing concepts and techniquesExamine and troubleshoot Rails routing Make the most of ActiveRecord object-relational mappingUtilize Ajax within your Rails applicationsIncorporate logins and authentication into your applicationExtend Rails with the best third-party plug-ins and write your ownIntegrate email services into your applications with ActionMailerChoose the right Rails production configurationsStreamline deployment with Capistrano*The CD-ROM is not included with the digital version of this book."
Working Effectively with Legacy Code,Working Effectively with Legacy Code,Michael C. Feathers,4.14,4685,https://i.gr-assets.com/images/S/compressed.photo.goodreads.com/books/1348627451i/44919._SX50_.jpg,https://www.goodreads.com/book/show/44919.Working_Effectively_with_Legacy_Code,goodreads_scraped,"Application software, Development",0,
The Little LISPer,The Little LISPer,Daniel P. Friedman,4.29,1993,https://i.gr-assets.com/images/S/compressed.photo.goodreads.com/books/1348716932i/734117._SX50_.jpg,https://www.goodreads.com/book/show/734117.The_Little_LISPer,goodreads_scraped,"LISP (Computer program language), List processing (Electronic computers), Recursive programming, LISP (langage de programmation), Linguagem De Programacao (Outras)",196,
The C++ Programming Language,The C++ Programming Language,Bjarne Stroustrup,4.1,4037,https://i.gr-assets.com/images/S/compressed.photo.goodreads.com/books/1349035412i/1032730._SX50_.jpg,https://www.goodreads.com/book/show/1032730.The_C_Programming_Language,goodreads_scraped,"C++ (Computer program language), C++ (Computer programming language), C (Programmiersprache), C++ (Langage de programmation), C++",700,"The C++ Programming tome, written by the father of C++ himself, Bjarne Stroustrup.  The premier book on the subject of C++ Programming."
Responsive Web Design Overview For Beginners,Responsive Web Design Overview For Beginners,Brett Romero,3.33,9,https://i.gr-assets.com/images/S/compressed.photo.goodreads.com/books/1382718256i/18716510._SY75_.jpg,https://www.goodreads.com/book/show/18716510-responsive-web-design-overview-for-beginners,goodreads_scraped,,66,
Your First App: Node.js,Your First App: Node.js,Jim Schubert,0.0,0,https://i.gr-assets.com/images/S/compressed.photo.goodreads.com/books/1426358199i/25142318._SX50_.jpg,https://www.goodreads.com/book/show/25142318-your-first-app,goodreads_scraped,,,
Learn Python Programming the Easy and Fun Way,Learn Python Programming the Easy and Fun Way,Elaiya Iswera Lallan,3.33,3,https://i.gr-assets.com/images/S/compressed.photo.goodreads.com/books/1508382992i/36437912._SX50_.jpg,https://www.goodreads.com/book/show/36437912-learn-python-programming-the-easy-and-fun-way,goodreads_scraped,,0,
ZX Spectrum Games Code Club: Twenty fun games to code and learn,ZX Spectrum Games Code Club: Twenty fun games to code and learn,Gary Plowman,4.0,20,https://i.gr-assets.com/images/S/compressed.photo.goodreads.com/books/1453058059i/28288701._SX50_.jpg,https://www.goodreads.com/book/show/28288701-zx-spectrum-games-code-club,goodreads_scraped,,,
The Pragmatic Programmer: From Journeyman to Master,The Pragmatic Programmer: From Journeyman to Master,Andy   Hunt,4.33,24376,https://i.gr-assets.com/images/S/compressed.photo.goodreads.com/books/1410138341i/22250228._SX50_.jpg,https://www.goodreads.com/book/show/22250228-the-pragmatic-programmer,goodreads_scraped,"Computer programming, Vocational education, Projectmanagement, Métodos ágeis, Programmeren (computers)",352,"The Pragmatic Programmer is one of those rare tech audiobooks you’ll listen, re-listen, and listen to again over the years. Whether you’re new to the field or an experienced practitioner, you’ll come away with fresh insights each and every time. 

Dave Thomas and Andy Hunt wrote the first edition of this influential book in 1999 to help their clients create better software and rediscover the joy of coding. These lessons have helped a generation of programmers examine the very essence of software development, independent of any particular language, framework, or methodology, and the Pragmatic philosophy has spawned hundreds of books, screencasts, and audio books, as well as thousands of careers and success stories. 

Now, 20 years later, this new edition re-examines what it means to be a modern programmer. Topics range from personal responsibility and career development to architectural techniques for keeping your code flexible and easy to adapt and reuse. All the old favorite topics are there, updated for this new world. And there's a bunch of new content, reflecting what we've learned in the intervening years. 

Whether you’re a new coder, an experienced programmer, or a manager responsible for software projects, use these lessons daily, and you’ll quickly see improvements in personal productivity, accuracy, and job satisfaction. You’ll learn skills and develop habits and attitudes that form the foundation for long-term success in your career. You’ll become a pragmatic programmer. 

This audiobook is organized as a series of sections, each containing a series of topics. It is read by Anna Katarina; Dave and Andy (and a few other folks) jump in every now and then to give their take on things."
OOP Concepts Booster : Take Your Coding Skills to the Next Level,OOP Concepts Booster : Take Your Coding Skills to the Next Level,Rakesh Singh,3.69,16,https://i.gr-assets.com/images/S/compressed.photo.goodreads.com/books/1576607122i/49366593._SY75_.jpg,https://www.goodreads.com/book/show/49366593-oop-concepts-booster,goodreads_scraped,,,
Java Concurrency in Practice,Java Concurrency in Practice,Brian Goetz,4.48,2915,https://i.gr-assets.com/images/S/compressed.photo.goodreads.com/books/1349044077i/127932._SX50_.jpg,https://www.goodreads.com/book/show/127932.Java_Concurrency_in_Practice,goodreads_scraped,"java programming language, concurrency, programming, non-fiction, Java (Computer program language)",408,Développez des programmes concurrents fiables en Java ! Cet ouvrage fournit à la fois les bases théoriques et les techniques concrètes pour construire des applications concurrentes fiables et adaptées aux systèmes actuels et futurs.
Scratch Programming Lab 01: Detailed step by step guide for middle school students.,Scratch Programming Lab 01: Detailed step by step guide for middle school students.,Denis Golikov,3.83,6,https://i.gr-assets.com/images/S/compressed.photo.goodreads.com/books/1447280659i/27803325._SX50_.jpg,https://www.goodreads.com/book/show/27803325-scratch-programming-lab-01,goodreads_scraped,,,
Archie #1,Archie (2015-) #1,Mark Waid,4.01,2217,https://i.gr-assets.com/images/S/compressed.photo.goodreads.com/books/1436215632l/25862145._SX50_SY75_.jpg,https://www.goodreads.com/book/show/25862145-archie-2015--1,goodreads_scraped,,,
Secure Coding in C And C++,Secure Coding in C And C++,Robert C. Seacord,3.96,54,https://i.gr-assets.com/images/S/compressed.photo.goodreads.com/books/1348390884i/1069724._SX50_.jpg,https://www.goodreads.com/book/show/1069724.Secure_Coding_in_C_And_C_,goodreads_scraped,"C (Computer program language), C++ (Computer program language), Computer security, C plus plus (computer program language), Qa76.9.a25 s368 2006",341,"""Commonly exploited software vulnerabilities are usually caused by avoidable software defects. Having analyzed nearly 18,000 vulnerability reports over the past ten years, the CERT/Coordination Center (CERT/CC) has determined that a relatively small number of root causes account for most of them. This book identifies and explains these causes and shows the steps that can be taken to prevent exploitation. Moreover, this book encourages programmers to adopt security best practices and develop a security mindset that can help protect software from tomorrow's attacks, not just today's.""--BOOK JACKET."
Avatar: The Last Airbender: The Lost Scrolls Collection,Avatar: The Last Airbender: The Lost Scrolls Collection,Michael Teitelbaum,4.47,1044,https://i.gr-assets.com/images/S/compressed.photo.goodreads.com/books/1348810034i/5720763._SX50_.jpg,https://www.goodreads.com/book/show/5720763-avatar,goodreads_scraped,,,
Cracking the Coding Interview: 189 Programming Questions and Solutions,Cracking the Coding Interview: 189 Programming Questions and Solutions,Gayle Laakmann McDowell,4.33,6931,https://i.gr-assets.com/images/S/compressed.photo.goodreads.com/books/1441834930i/25707092._SX50_.jpg,https://www.goodreads.com/book/show/25707092-cracking-the-coding-interview,goodreads_scraped,"Problems, exercises, Computer programming, Vocational guidance, Employment interviewing, Computer programmers",504,"I am not a recruiter. I am a software engineer. And as such, I know what it's like to be asked to whip up brilliant algorithms on the spot and then write flawless code on a whiteboard. I've been through this as a candidate and as an interviewer.

Cracking the Coding Interview, 6th Edition is here to help you through this process, teaching you what you need to know and enabling you to perform at your very best. I've coached and interviewed hundreds of software engineers. The result is this book.

Learn how to uncover the hints and hidden details in a question, discover how to break down a problem into manageable chunks, develop techniques to unstick yourself when stuck, learn (or re-learn) core computer science concepts, and practice on 189 interview questions and solutions.

These interview questions are real; they are not pulled out of computer science textbooks. They reflect what's truly being asked at the top companies, so that you can be as prepared as possible.

WHAT'S INSIDE?

- 189 programming interview questions, ranging from the basics to the trickiest algorithm problems.
- A walk-through of how to derive each solution, so that you can learn how to get there yourself.
- Hints on how to solve each of the 189 questions, just like what you would get in a real interview.
- Five proven strategies to tackle algorithm questions, so that you can solve questions you haven't seen.
- Extensive     coverage of essential topics, such as big O time, data structures, and core algorithms.
- A behind the scenes look at how top companies like Google and Facebook hire developers.
- Techniques to prepare for and ace the soft side of the interview: behavioral questions.
- For interviewers and companies: details on what makes a good interview question and hiring process."
The Lost Scrolls: Fire,The Lost Scrolls: Fire,Tom Mason,4.42,845,https://i.gr-assets.com/images/S/compressed.photo.goodreads.com/books/1348923722i/156986._SX50_.jpg,https://www.goodreads.com/book/show/156986.The_Lost_Scrolls,goodreads_scraped,"Spirits, Heroes, Juvenile fiction, Fiction",64,"""If you are reading this, you have uncovered one of the four hidden scrolls I have compiled about the world of Avatar. This scroll contains all of the knowledge that I have gathered so far about the Water Tribes -- their history and culture and the great tales of their past and present. Katara recounts her discovery of the Avatar in the iceberg, Sokka remembers his childhood upon seeing their father's old friend, and Aang tells of his lessons with the Waterbending master in the North. The scroll also contains information about Waterbending moves, Healers, Water tribe traditions, and much more""--Page 4 of cover."
Head First Design Patterns,Head First Design Patterns,Eric Freeman,4.3,9052,https://i.gr-assets.com/images/S/compressed.photo.goodreads.com/books/1408309444i/58128._SX50_.jpg,https://www.goodreads.com/book/show/58128.Head_First_Design_Patterns,goodreads_scraped,"Development, Java (Computer program language), Computer software, Computer programs, design, Softwares (projeto)",676,
"Avatar: The Last Airbender - The Search, Part 2","Avatar: The Last Airbender - The Search, Part 2 (The Search, #2)",Gene Luen Yang,4.45,13321,https://i.gr-assets.com/images/S/compressed.photo.goodreads.com/books/1382514235i/17445144._SY75_.jpg,https://www.goodreads.com/book/show/17445144-avatar,goodreads_scraped,,,
The Promise,"The Promise (Avatar: The Last Airbender, #1)",Gene Luen Yang,4.4,29973,https://i.gr-assets.com/images/S/compressed.photo.goodreads.com/books/1403207535i/16231346._SX50_.jpg,https://www.goodreads.com/book/show/16231346-the-promise,goodreads_scraped,"Comics & graphic novels, fantasy, nyt:paperback-graphic-books=2012-02-26, New York Times bestseller",76,"**The war is over...but the adventure has just begun!**

Picking up exactly where Avatar: The Last Airbender left off, The Promise takes Aang to a Fire Nation colony in the heart of the Earth Nation, where tensions between neighbors threaten to shatter the world's newfound peace—putting the Avatar on a collision course with one of his closest friends, Fire Lord Zuko!"
C++ Programming: From Problem Analysis to Program Design,C++ Programming: From Problem Analysis to Program Design,D.S. Malik,4.2,199,https://i.gr-assets.com/images/S/compressed.photo.goodreads.com/books/1355873759i/12667136._SX50_.jpg,https://www.goodreads.com/book/show/12667136-c-programming,goodreads_scraped,,,
"Avatar: The Last Airbender - The Promise, Part 3","Avatar: The Last Airbender - The Promise, Part 3 (The Promise, #3)",Gene Luen Yang,4.41,14904,https://i.gr-assets.com/images/S/compressed.photo.goodreads.com/books/1335027556i/13611440._SX50_.jpg,https://www.goodreads.com/book/show/13611440-avatar,goodreads_scraped,,,
American Born Chinese,American Born Chinese,Gene Luen Yang,3.88,102688,https://i.gr-assets.com/images/S/compressed.photo.goodreads.com/books/1317066615i/118944._SX50_.jpg,https://www.goodreads.com/book/show/118944.American_Born_Chinese,goodreads_scraped,"Fiction, Chinese Americans, Juvenile fiction, Graphic novels, Schools",240,Alternates three interrelated stories about the problems of young Chinese Americans trying to participate in the popular culture. Presented in comic book format.
"Avatar: The Last Airbender - The Rift, Part 1","Avatar: The Last Airbender - The Rift, Part 1 (The Rift, #1)",Gene Luen Yang,4.32,16977,https://i.gr-assets.com/images/S/compressed.photo.goodreads.com/books/1382378982i/18687079._SX50_.jpg,https://www.goodreads.com/book/show/18687079-avatar,goodreads_scraped,,,
"Avatar: The Last Airbender - The Promise, Part 1","Avatar: The Last Airbender - The Promise, Part 1 (The Promise, #1)",Gene Luen Yang,4.3,34063,https://i.gr-assets.com/images/S/compressed.photo.goodreads.com/books/1335027742i/12413836._SX50_.jpg,https://www.goodreads.com/book/show/12413836-avatar,goodreads_scraped,,,
"Avatar: The Last Airbender - The Search, Part 1","Avatar: The Last Airbender - The Search, Part 1 (The Search, #1)",Gene Luen Yang,4.39,32966,https://i.gr-assets.com/images/S/compressed.photo.goodreads.com/books/1382513568i/16277248._SY75_.jpg,https://www.goodreads.com/book/show/16277248-avatar,goodreads_scraped,,,
"Avatar: The Last Airbender - The Promise, Part 2","Avatar: The Last Airbender - The Promise, Part 2 (The Promise, #2)",Gene Luen Yang,4.41,24194,https://i.gr-assets.com/images/S/compressed.photo.goodreads.com/books/1335027722i/13096848._SY75_.jpg,https://www.goodreads.com/book/show/13096848-avatar,goodreads_scraped,,,
Avatar: The Last Airbender - The Lost Adventures,Avatar: The Last Airbender - The Lost Adventures,Bryan Konietzko,4.36,24861,https://i.gr-assets.com/images/S/compressed.photo.goodreads.com/books/1297596036i/10450750._SX50_.jpg,https://www.goodreads.com/book/show/10450750-avatar,goodreads_scraped,,226,
Avatar: The Last Airbender: Journeys Through the Earth Kingdom,Avatar: The Last Airbender: Journeys Through the Earth Kingdom,Michael Teitelbaum,4.44,317,https://i.gr-assets.com/images/S/compressed.photo.goodreads.com/books/1335143309i/9220325._SX50_.jpg,https://www.goodreads.com/book/show/9220325-avatar,goodreads_scraped,,,
The Last Airbender: Prequel - Zuko's Story,The Last Airbender: Prequel - Zuko's Story,Dave Roman,4.35,4579,https://i.gr-assets.com/images/S/compressed.photo.goodreads.com/books/1320449700i/7061696._SY75_.jpg,https://www.goodreads.com/book/show/7061696-the-last-airbender,goodreads_scraped,,,
Avatar Volume 7: The Legend of Aang,Avatar Volume 7: The Legend of Aang,Michael Dante DiMartino,4.61,596,https://i.gr-assets.com/images/S/compressed.photo.goodreads.com/books/1232772483i/6131379._SX50_.jpg,https://www.goodreads.com/book/show/6131379-avatar-volume-7,goodreads_scraped,,,
Avatar Volume 8: The Last Airbender,Avatar Volume 8: The Last Airbender (Avatar #8),Bryan Konietzko,4.52,265,https://i.gr-assets.com/images/S/compressed.photo.goodreads.com/books/1267774888i/3098445._SX50_.jpg,https://www.goodreads.com/book/show/3098445-avatar-volume-8,goodreads_scraped,,,
Avatar Volume 7: The Last Airbender,Avatar Volume 7: The Last Airbender (Avatar #7),Bryan Konietzko,4.61,596,https://i.gr-assets.com/images/S/compressed.photo.goodreads.com/books/1267323885i/2857200._SX50_.jpg,https://www.goodreads.com/book/show/2857200-avatar-volume-7,goodreads_scraped,,,
Engineering Long-Lasting Software,Engineering Long-Lasting Software,Armando Fox,3.75,220,https://i.gr-assets.com/images/S/compressed.photo.goodreads.com/books/1328734404i/13459482._SX50_.jpg,https://www.goodreads.com/book/show/13459482-engineering-long-lasting-software,goodreads_scraped,,,
Avatar Volume 3: The Last Airbender,Avatar Volume 3: The Last Airbender (Avatar #3),Michael Dante DiMartino,4.44,466,https://i.gr-assets.com/images/S/compressed.photo.goodreads.com/books/1391053041i/1070551._SX50_.jpg,https://www.goodreads.com/book/show/1070551.Avatar_Volume_3,goodreads_scraped,,,
Avatar Volume 4: The Last Airbender,Avatar Volume 4: The Last Airbender (Avatar #4),Michael Dante DiMartino,4.55,581,https://i.gr-assets.com/images/S/compressed.photo.goodreads.com/books/1386923199i/156990._SX50_.jpg,https://www.goodreads.com/book/show/156990.Avatar_Volume_4,goodreads_scraped,,,
Avatar Volume 6: The Last Airbender,Avatar Volume 6: The Last Airbender (Avatar #6),Bryan Konietzko,4.62,695,https://i.gr-assets.com/images/S/compressed.photo.goodreads.com/books/1388699054i/951061._SX50_.jpg,https://www.goodreads.com/book/show/951061.Avatar_Volume_6,goodreads_scraped,,,
Avatar Volume 2: The Last Airbender,Avatar Volume 2: The Last Airbender (Avatar #2),Michael Dante DiMartino,4.45,1023,https://i.gr-assets.com/images/S/compressed.photo.goodreads.com/books/1540404411i/2635498._SX50_.jpg,https://www.goodreads.com/book/show/2635498-avatar-volume-2,goodreads_scraped,,,
Avatar Volume 5: The Last Airbender,Avatar Volume 5: The Last Airbender (Avatar #5),Michael Dante DiMartino,4.55,761,https://i.gr-assets.com/images/S/compressed.photo.goodreads.com/books/1179748292i/951060._SX50_.jpg,https://www.goodreads.com/book/show/951060.Avatar_Volume_5,goodreads_scraped,,,
The C Programming Language,The C Programming Language,Brian W. Kernighan,4.44,11405,https://i.gr-assets.com/images/S/compressed.photo.goodreads.com/books/1391032531i/515601._SX50_.jpg,https://www.goodreads.com/book/show/515601.The_C_Programming_Language,goodreads_scraped,"C (Computer program language), Linguagem De Programacao (Outras), C (programmeertaal), C (Langage de programmation), Computers",274,"Very well known, classic introduction to the C Programming Language. Both a text for learning, a reference, and, to some, the definition of proper C language features and use."
Design Patterns: Elements of Reusable Object-Oriented Software,Design Patterns: Elements of Reusable Object-Oriented Software,Erich Gamma,4.2,12006,https://i.gr-assets.com/images/S/compressed.photo.goodreads.com/books/1348027904i/85009._SX50_.jpg,https://www.goodreads.com/book/show/85009.Design_Patterns,goodreads_scraped,"Reusability, Object-oriented programming (Computer science), Computer software, Software patterns, Entwurfsmuster",395,"Four software designers present a catalog of simple and succinct solutions to commonly occurring design problems, using Smalltalk and C++ in example code. These 23 patterns allow designers to create more flexible, elegant, and ultimately reusable designs without having to rediscover the design solutions themselves. The authors begin by describing what patterns are and how they can help you design object-oriented software. They go on to systematically name, explain, evaluate, and catalog recurring designs in object-oriented systems."
The Mythical Man-Month: Essays on Software Engineering,The Mythical Man-Month: Essays on Software Engineering,Frederick P. Brooks Jr.,4.01,15222,https://i.gr-assets.com/images/S/compressed.photo.goodreads.com/books/1348430512i/13629._SX50_.jpg,https://www.goodreads.com/book/show/13629.The_Mythical_Man_Month,goodreads_scraped,,,
"Compilers: Principles, Techniques, and Tools","Compilers: Principles, Techniques, and Tools",Alfred V. Aho,4.1,3023,https://i.gr-assets.com/images/S/compressed.photo.goodreads.com/books/1387666736i/703102._SX50_.jpg,https://www.goodreads.com/book/show/703102.Compilers,goodreads_scraped,"Compilers (Computer programs), open_syllabus_project, Compiling (Electronic computers), Montadores e compiladores, Compilateurs (Logiciels)",803,"This book covers topics related to the functionality and design of compilers, including:

-    Compiler structure
-    Lexical analysis (including regular expressions and finite automata)
-    Syntax analysis (including context-free grammars, LL parsers, bottom-up parsers, and LR parsers)
-    Syntax-directed translation
-    Type checking (including type conversions and polymorphism)
-    Run-time environment (including parameter passing, symbol tables, and storage allocation)
-    Code generation (including intermediate code generation)
-    Code optimization"
"Gödel, Escher, Bach: An Eternal Golden Braid","Gödel, Escher, Bach: An Eternal Golden Braid",Douglas R. Hofstadter,4.29,53418,https://i.gr-assets.com/images/S/compressed.photo.goodreads.com/books/1547125681i/24113._SY75_.jpg,https://www.goodreads.com/book/show/24113.G_del_Escher_Bach,goodreads_scraped,"Logics, Teoria Do Conhecimento, Artificial intelligence, Metamathematics, Symmetry",777,"Winner of the Pulitzer Prize

A metaphorical fugue on minds and machines in the spirit of Lewis Carroll

Douglas Hofstadter's book is concerned directly with the nature of ""maps"" or links between formal systems. However, according to Hofstadter, the formal system that underlies all mental activity transcends the system that supports it. If life can grow out of the formal chemical substrate of the cell, if consciousness can emerge out of a formal system of firing neurons, then so too will computers attain human intelligence. Gödel, Escher, Bach is a wonderful exploration of fascinating ideas at the heart of cognitive science: meaning, reduction, recursion, and much more."
Clean Code: A Handbook of Agile Software Craftsmanship,Clean Code: A Handbook of Agile Software Craftsmanship,Robert C. Martin,4.35,23658,https://i.gr-assets.com/images/S/compressed.photo.goodreads.com/books/1436202607i/3735293._SX50_.jpg,https://www.goodreads.com/book/show/3735293-clean-code,goodreads_scraped,"Agile software development, Reliability, Computer software, Computer software, development, Coding theory",444,
Effective C++: 55 Specific Ways to Improve Your Programs and Designs,Effective C++: 55 Specific Ways to Improve Your Programs and Designs (Addison-Wesley Professional Computing Series),Scott Meyers,4.4,3360,https://i.gr-assets.com/images/S/compressed.photo.goodreads.com/books/1348261809i/105125._SX50_.jpg,https://www.goodreads.com/book/show/105125.Effective_C_,goodreads_scraped,"C++ (Computer program language), C plus plus (computer program language), Object-oriented programming (Computer science), Qa76.73.c153 m48 2005",240,"Effective C++ has been updated to reflect the latest ANSI/ISO standards. The author, a recognised authority on C++, shows readers fifty ways to improve their programs and designs."
More Effective C++: 35 New Ways to Improve Your Programs and Designs,More Effective C++: 35 New Ways to Improve Your Programs and Designs (Addison-Wesley Professional Computing Series),Scott Meyers,4.33,1076,https://i.gr-assets.com/images/S/compressed.photo.goodreads.com/books/1348045238i/105123._SX50_.jpg,https://www.goodreads.com/book/show/105123.More_Effective_C_,goodreads_scraped,"C++ (Computer program language), C plus plus (computer program language)",318,"Meyers includes proven methods for improving program efficiency, comprehensive descriptions of advanced techniques such as virtual constructors, proxy classes and double-dispatching, and examples of the profound impact of exception handling."
Code: The Hidden Language of Computer Hardware and Software,Code: The Hidden Language of Computer Hardware and Software,Charles Petzold,4.4,10753,https://i.gr-assets.com/images/S/compressed.photo.goodreads.com/books/1709792682i/44882._SX50_.jpg,https://www.goodreads.com/book/show/44882.Code,goodreads_scraped,"Computer programming, Coding theory, Datenverarbeitung, Computers, Hardware",393,"What do flashlights, the British invasion, black cats, and seesaws have to do with computers? In CODE, they show us the ingenious ways we manipulate language and invent new means of communicating with each other. And through CODE, we see how this ingenuity and our very human compulsion to communicate have driven the technological innovations of the past two centuries. 

Using everyday objects and familiar language systems such as Braille and Morse code, author Charles Petzold weaves an illuminating narrative for anyone who’s ever wondered about the secret inner life of computers and other smart machines. 

It’s a cleverly illustrated and eminently comprehensible story—and along the way, you’ll discover you’ve gained a real context for understanding today’s world of PCs, digital media, and the Internet. No matter what your level of technical savvy, CODE will charm you—and perhaps even awaken the technophile within."
Peopleware: Productive Projects and Teams,Peopleware: Productive Projects and Teams,Tom DeMarco,4.14,9965,https://i.gr-assets.com/images/S/compressed.photo.goodreads.com/books/1386925395i/67825._SY75_.jpg,https://www.goodreads.com/book/show/67825.Peopleware,goodreads_scraped,"Management, Organizational effectiveness, Project management, Organizational behavior, Organisationsverhalten",245,
Coders at Work: Reflections on the Craft of Programming,Coders at Work: Reflections on the Craft of Programming,Peter Seibel,3.95,5381,https://i.gr-assets.com/images/S/compressed.photo.goodreads.com/books/1349026758i/6713575._SX50_.jpg,https://www.goodreads.com/book/show/6713575-coders-at-work,goodreads_scraped,"Programmatuurtechniek, Programmierung, Computer programmers, Computer programming, Interviews",617,Presents an overview of computer programming and interviews with some of the well-known programmers currently working in the field as they discuss their experiences and techniques.
"Surely You're Joking, Mr. Feynman!: Adventures of a Curious Character","Surely You're Joking, Mr. Feynman!: Adventures of a Curious Character",Richard P. Feynman,4.26,221209,https://i.gr-assets.com/images/S/compressed.photo.goodreads.com/books/1348445281i/5544._SY75_.jpg,https://www.goodreads.com/book/show/5544.Surely_You_re_Joking_Mr_Feynman_,goodreads_scraped,,,
Effective Java : Programming Language Guide,Effective Java : Programming Language Guide,Joshua Bloch,4.51,8092,https://i.gr-assets.com/images/S/compressed.photo.goodreads.com/books/1433511045i/105099._SX50_.jpg,https://www.goodreads.com/book/show/105099.Effective_Java_,goodreads_scraped,"Java (Computer program language), Object-oriented programming (Computer science), Java 2., Java yu yan, Cheng xu she ji",311,
Patterns of Enterprise Application Architecture,Patterns of Enterprise Application Architecture,Martin Fowler,4.12,3894,https://i.gr-assets.com/images/S/compressed.photo.goodreads.com/books/1440294142i/70156._SX50_.jpg,https://www.goodreads.com/book/show/70156.Patterns_of_Enterprise_Application_Architecture,goodreads_scraped,"Application software, Business, Computer architecture, Data processing, Development",533,
The Seasoned Schemer,The Seasoned Schemer,Daniel P. Friedman,4.28,267,https://i.gr-assets.com/images/S/compressed.photo.goodreads.com/books/1347458463i/475858._SX50_.jpg,https://www.goodreads.com/book/show/475858.The_Seasoned_Schemer,goodreads_scraped,"LISP (Computer program language), Scheme (Computer program language), Lisp (computer program language)",224,
Why's Guide to Ruby,Why's (Poignant) Guide to Ruby,Why The Lucky Stiff,4.05,465,https://i.gr-assets.com/images/S/compressed.photo.goodreads.com/books/1174970667i/463882.jpg,https://www.goodreads.com/book/show/463882.Why_s_Poignant_Guide_to_Ruby,goodreads_scraped,"Ruby (computer program language), Computer science",222,
The Inmates Are Running the Asylum: Why High Tech Products Drive Us Crazy and How to Restore the Sanity,The Inmates Are Running the Asylum: Why High Tech Products Drive Us Crazy and How to Restore the Sanity,Alan Cooper,3.94,2949,https://i.gr-assets.com/images/S/compressed.photo.goodreads.com/books/1294604058i/44098._SY75_.jpg,https://www.goodreads.com/book/show/44098.The_Inmates_Are_Running_the_Asylum,goodreads_scraped,,,
The Art of UNIX Programming,The Art of UNIX Programming,Eric S. Raymond,4.18,1271,https://i.gr-assets.com/images/S/compressed.photo.goodreads.com/books/1348957784i/104745._SX50_.jpg,https://www.goodreads.com/book/show/104745.The_Art_of_UNIX_Programming,goodreads_scraped,"Operating systems (Computers), UNIX (Computer file), Unix shells (computer programs), Systèmes d'exploitation (Ordinateurs)",525,"The Art of Unix Programming attempts to capture the engineering wisdom and philosophy of the Unix community as it's applied today — not merely as it has been written down in the past, but as a living ""special transmission, outside the scriptures"" passed from guru to guru. Accordingly, the book doesn't focus so much on ""what"" as on ""why"", showing the connection between Unix philosophy and practice through case studies in widely available open-source software. [Authors Site][1]


  [1]: http://catb.org/~esr/writings/taoup/"
Test-Driven Development: By Example,Test-Driven Development: By Example,Kent Beck,4.1,4415,https://i.gr-assets.com/images/S/compressed.photo.goodreads.com/books/1372039943i/387190._SX50_.jpg,https://www.goodreads.com/book/show/387190.Test_Driven_Development,goodreads_scraped,"Computer software, Development, Testing, Computer programming, Computer software, development",220,
Practices of an Agile Developer,Practices of an Agile Developer (Pragmatic Bookshelf),Venkat Subramaniam,3.88,1001,https://i.gr-assets.com/images/S/compressed.photo.goodreads.com/books/1386925153i/4102._SX50_.jpg,https://www.goodreads.com/book/show/4102.Practices_of_an_Agile_Developer,goodreads_scraped,"Development, Computer software, Computer software, development",189,
Don't Make Me Think: A Common Sense Approach to Web Usability,Don't Make Me Think: A Common Sense Approach to Web Usability,Steve Krug,4.24,30961,https://i.gr-assets.com/images/S/compressed.photo.goodreads.com/books/1390867006i/3368._SX50_.jpg,https://www.goodreads.com/book/show/3368.Don_t_Make_Me_Think,goodreads_scraped,"Web sites, Web site development, Design, Evaluation, Publishing",201,"Yesterday's Web looked far different from today's Web, and tomorrow's Web will look more different still. Amidst all of this change, however, one aspect of Web use remains the same: The sites that offer the best, easiest, most intuitive experience are the ones people visit again and again. To ensure that your sites provide that experience, this guide from usability guru Krug distills his years of on-the-job experience into a practical primer on the do's and don'ts of good Web design. The second edition of this classic adds three new chapters that explain why people really leave Web sites, how to make sites usable and accessible, and the art of surviving executive design whims, plus a new preface and updated recommended reading.--From publisher description"
"Agile Software Development, Principles, Patterns, and Practices","Agile Software Development, Principles, Patterns, and Practices",Robert C. Martin,4.26,1320,https://i.gr-assets.com/images/S/compressed.photo.goodreads.com/books/1348196056i/84985._SX50_.jpg,https://www.goodreads.com/book/show/84985.Agile_Software_Development_Principles_Patterns_and_Practices,goodreads_scraped,"C & Visual C, C++ (Computer program language), Object-oriented programming (Computer science), Agile software development, Extreme programming",529,
Domain-Driven Design: Tackling Complexity in the Heart of Software,Domain-Driven Design: Tackling Complexity in the Heart of Software,Eric Evans,4.15,5874,https://i.gr-assets.com/images/S/compressed.photo.goodreads.com/books/1287493789i/179133._SX50_.jpg,https://www.goodreads.com/book/show/179133.Domain_Driven_Design,goodreads_scraped,"Development, Computer software, Object-oriented programming (Computer science), Computer software, development, Computer software--development",529,
The Design of Everyday Things,The Design of Everyday Things,Donald A. Norman,4.15,48400,https://i.gr-assets.com/images/S/compressed.photo.goodreads.com/books/1442460745i/840._SY75_.jpg,https://www.goodreads.com/book/show/840.The_Design_of_Everyday_Things,goodreads_scraped,"Ergonomie, Industrial Psychology, Industriële vormgeving, Industrial Design, Psychological aspects",271,"The Design of Everyday Things is a best-selling book by cognitive scientist and usability engineer Donald Norman about how design serves as the communication between object and user, and how to optimize that conduit of communication in order to make the experience of using the object pleasurable. One of the main premises of the book is that although people are often keen to blame themselves when objects appear to malfunction, it is not the fault of the user but rather the lack of intuitive guidance that should be present in the design."
Modern C++ Design: Generic Programming and Design Patterns Applied,Modern C++ Design: Generic Programming and Design Patterns Applied (C++ In-Depth Series),Debbie Lafferty,4.24,883,https://i.gr-assets.com/images/S/compressed.photo.goodreads.com/books/1372041017i/871669._SX50_.jpg,https://www.goodreads.com/book/show/871669.Modern_C_Design,goodreads_scraped,,,
The Best Software Writing I: Selected and Introduced by Joel Spolsky,The Best Software Writing I: Selected and Introduced by Joel Spolsky,Joel Spolsky,3.88,681,https://i.gr-assets.com/images/S/compressed.photo.goodreads.com/books/1385220486i/41787._SY75_.jpg,https://www.goodreads.com/book/show/41787.The_Best_Software_Writing_I,goodreads_scraped,,328,
Pragmatic Thinking and Learning: Refactor Your Wetware,Pragmatic Thinking and Learning: Refactor Your Wetware,Andy   Hunt,4.12,4381,https://i.gr-assets.com/images/S/compressed.photo.goodreads.com/books/1390692774i/3063393._SX50_.jpg,https://www.goodreads.com/book/show/3063393-pragmatic-thinking-and-learning,goodreads_scraped,"Critical thinking, Mental discipline, Pragmatism, Creative thinking, Mental efficiency",271,
Software Estimation: Demystifying the Black Art,Software Estimation: Demystifying the Black Art,Steve McConnell,4.05,991,https://i.gr-assets.com/images/S/compressed.photo.goodreads.com/books/1396830924i/93891._SX50_.jpg,https://www.goodreads.com/book/show/93891.Software_Estimation,goodreads_scraped,"Computer software, Development, Estimates, Software engineering, Computer software--development--estimates",330,
The Passionate Programmer: Creating a Remarkable Career in Software Development,The Passionate Programmer: Creating a Remarkable Career in Software Development,Chad Fowler,3.94,4357,https://i.gr-assets.com/images/S/compressed.photo.goodreads.com/books/1348519150i/6399113._SX50_.jpg,https://www.goodreads.com/book/show/6399113-the-passionate-programmer,goodreads_scraped,"Development, Computer software, Vocational guidance, Career development, Management",198,Remarkable careers don't come by chance. You can't afford to sit back and let your job decide your future - it's time to take control.
Hackers: Heroes of the Computer Revolution,Hackers: Heroes of the Computer Revolution,Steven Levy,4.16,8628,https://i.gr-assets.com/images/S/compressed.photo.goodreads.com/books/1435697935i/56829._SY75_.jpg,https://www.goodreads.com/book/show/56829.Hackers,goodreads_scraped,"Computer programming, Electronic digital computers, Programming, Computer hackers, History",456,"Today, technology is cool. Owning the most powerful computer, the latest high-tech gadget, and the whizziest website is a status symbol on a par with having a flashy car or a designer suit. And a media obsessed with the digital explosion has reappropriated the term ""computer nerd"" so that it's practically synonymous with ""entrepreneur."" Yet, a mere fifteen years ago, wireheads hooked on tweaking endless lines of code were seen as marginal weirdos, outsiders whose world would never resonate with the mainstream. That was before one pioneering work documented the underground computer revolution that was about to change our world forever.

With groundbreaking profiles of Bill Gates, Steve Wozniak, MIT's Tech Model Railroad Club, and more, Steven Levy's Hackers brilliantly captures a seminal moment when the risk takers and explorers were poised to conquer twentieth-century America's last great frontier. And in the Internet age, ""the hacker ethic"" -- first espoused here -- is alive and well. - Back cover."
Algorithms + Data Structures = Programs,Algorithms + Data Structures = Programs (Prentice-Hall Series in Automatic Computation),Niklaus Wirth,4.24,207,https://i.gr-assets.com/images/S/compressed.photo.goodreads.com/books/1387705045i/300093._SX50_.jpg,https://www.goodreads.com/book/show/300093.Algorithms_Data_Structures_Programs,goodreads_scraped,"Computer programming, Data structures (Computer science), Computer algorithms, Algorithms, Electronic digital computers",366,
Writing Solid Code,Writing Solid Code,Steve Maguire,4.13,343,https://i.gr-assets.com/images/S/compressed.photo.goodreads.com/books/1388426936i/598624._SX50_.jpg,https://www.goodreads.com/book/show/598624.Writing_Solid_Code,goodreads_scraped,"Development, C (Computer program language), Computer software, Détection erreur, Prévention",256,"A Microsoft developer examines the problem of programming ""bugs, "" showing how and where developers make mistakes along the development process and providing ways users can detect errors early. Original."
JavaScript: The Good Parts,JavaScript: The Good Parts,Douglas Crockford,4.23,8673,https://i.gr-assets.com/images/S/compressed.photo.goodreads.com/books/1328834793i/2998152._SX50_.jpg,https://www.goodreads.com/book/show/2998152-javascript,goodreads_scraped,"JavaScript (Computer program language), javascript, web, programming, browsers",190,"Covers the bits of Javascript that are worth using, and how to use them, as well as the bits that should be avoided."
"Getting Real: The Smarter, Faster, Easier Way to Build a Web Application","Getting Real: The Smarter, Faster, Easier Way to Build a Web Application",Jason Fried,4.0,10747,https://i.gr-assets.com/images/S/compressed.photo.goodreads.com/books/1643253913i/447648._SY75_.jpg,https://www.goodreads.com/book/show/447648.Getting_Real,goodreads_scraped,,,
Foundations of Programming - Building Better Software,Foundations of Programming - Building Better Software,Karl Seguin,3.82,28,https://i.gr-assets.com/images/S/compressed.photo.goodreads.com/books/1214852542i/3597472._SX50_.jpg,https://www.goodreads.com/book/show/3597472-foundations-of-programming---building-better-software,goodreads_scraped,,,
Computer Graphics: Principles and Practice,Computer Graphics: Principles and Practice,Andries van Dam,4.22,368,https://i.gr-assets.com/images/S/compressed.photo.goodreads.com/books/1348836732i/603227._SX50_.jpg,https://www.goodreads.com/book/show/603227.Computer_Graphics,goodreads_scraped,"Computer graphics, Gráficas por computadoras",1188,
Thinking in Java,Thinking in Java,Bruce Eckel,4.15,2215,https://i.gr-assets.com/images/S/compressed.photo.goodreads.com/books/1347737121i/71672._SX50_.jpg,https://www.goodreads.com/book/show/71672.Thinking_in_Java,goodreads_scraped,"Java (Computer program language), Linguagem de programacao (outras), Java (programmeertaal), open_syllabus_project, Java",1123,"“Thinking in Java should be read cover to cover by every Java programmer, then kept close at hand for frequent reference. The exercises are challenging, and the chapter on Collections is superb! Not only did this book help me to pass the Sun Certified Java Programmer exam; it’s also the first book I turn to whenever I have a Java question.”
—Jim Pleger, Loudoun County (Virginia) Government 

“Much better than any other Java book I’ve seen. Make that ‘by an order of magnitude’.... Very complete, with excellent right-to-the-point examples and intelligent, not dumbed-down, explanations.... In contrast to many other Java books I found it to be unusually mature, consistent, intellectually honest, well-written, and precise. IMHO, an ideal book for studying Java.”
—Anatoly Vorobey, Technion University, Haifa, Israel 

“Absolutely one of the best programming tutorials I’ve seen for any language.”
—Joakim Ziegler, FIX sysop 

“Thank you again for your awesome book. I was really floundering (being a non-C programmer), but your book has brought me up to speed as fast as I could read it. It’s really cool to be able to understand the underlying principles and concepts from the start, rather than having to try to build that conceptual model through trial and error. Hopefully I will be able to attend your seminar in the not-too-distant future.”
—Randall R. Hawley, automation technician, Eli Lilly & Co.

“This is one of the best books I’ve read about a programming language.... The best book ever written on Java.”
—Ravindra Pai, Oracle Corporation, SUNOS product line 

“Bruce, your book is wonderful! Your explanations are clear and direct. Through your fantastic book I have gained a tremendous amount of Java knowledge. The exercises are also fantastic and do an excellent job reinforcing the ideas explained throughout the chapters. I look forward to reading more books written by you. Thank you for the tremendous service that you are providing by writing such great books. My code will be much better after reading Thinking in Java. I thank you and I’m sure any programmers who will have to maintain my code are also grateful to you.”
- Yvonne Watkins, Java artisan, Discover Technologies, Inc.

“Other books cover the what of Java (describing the syntax and the libraries) or the how of Java (practical programming examples). Thinking in Java is the only book I know that explains the why of Java: Why it was designed the way it was, why it works the way it does, why it sometimes doesn’t work, why it’s better than C++, why it’s not. Although it also does a good job of teaching the what and how of the language, Thinking in Java is definitely the thinking person’s choice in a Java book.”
—Robert S. Stephenson 

Awards for Thinking in Java  
 - 2003 Software Development Magazine Jolt Award for Best Book
 - 2003 Java Developer’s Journal Reader’s Choice Award for Best Book
       2001 JavaWorld Editor’s Choice Award for Best Book
       2000 JavaWorld Reader’s Choice Award for Best Book
       1999 Software Development Magazine Productivity Award
       1998 Java Developer’s Journal Editor’s Choice Award for Best Book


Download seven free sample chapters from Thinking in Java, Fourth Edition. Visit http://mindview.net/Books/TIJ4."
The Elements Of Computing Systems: Building A Modern Computer From First Principles,The Elements Of Computing Systems: Building A Modern Computer From First Principles,Noam Nisan,4.55,978,https://i.gr-assets.com/images/S/compressed.photo.goodreads.com/books/1387737217i/910789._SX50_.jpg,https://www.goodreads.com/book/show/910789.The_Elements_Of_Computing_Systems,goodreads_scraped,"Computer Science, Electronic data processing, Electronic digital computers",0,"In the early days of computer science, the interactions of hardware, software, compilers, and operating system were simple enough to allow students to see an overall picture of how computers worked. With the increasing complexity of computer technology and the resulting specialization of knowledge, such clarity is often lost. Unlike other texts that cover only one aspect of the field, The Elements of Computing Systems gives students an integrated and rigorous picture of applied computer science, as its comes to play in the construction of a simple yet powerful computer system.

Indeed, the best way to understand how computers work is to build one from scratch, and this textbook leads students through twelve chapters and projects that gradually build a basic hardware platform and a modern software hierarchy from the ground up. In the process, the students gain hands-on knowledge of hardware architecture, operating systems, programming languages, compilers, data structures, algorithms, and software engineering. Using this constructive approach, the book exposes a significant body of computer science knowledge and demonstrates how theoretical and applied techniques taught in other courses fit into the overall picture.

Designed to support one- or two-semester courses, the book is based on an abstraction-implementation paradigm; each chapter presents a key hardware or software abstraction, a proposed implementation that makes it concrete, and an actual project. The emerging computer system can be built by following the chapters, although this is only one option, since the projects are self-contained and can be done or skipped in any order. All the computer science knowledge necessary for completing the projects is embedded in the book, the only pre-requisite being a programming experience.

The book's web site provides all tools and materials necessary to build all the hardware and software systems described in the text, including two hundred test programs for the twelve projects. The projects and systems can be modified to meet various teaching needs, and all the supplied software is open-source."
Refactoring to Patterns,Refactoring to Patterns,Joshua Kerievsky,4.05,1439,https://i.gr-assets.com/images/S/compressed.photo.goodreads.com/books/1347966206i/85041._SX50_.jpg,https://www.goodreads.com/book/show/85041.Refactoring_to_Patterns,goodreads_scraped,,384,
Modern Operating Systems,Modern Operating Systems,Andrew S. Tanenbaum,4.14,2219,https://i.gr-assets.com/images/S/compressed.photo.goodreads.com/books/1387702085i/166195._SX50_.jpg,https://www.goodreads.com/book/show/166195.Modern_Operating_Systems,goodreads_scraped,"Besturingssystemen, İşletim sistemleri (Bilgisayarlar), Operating systems (Computers), ÇIðsletim sistemleri (Bilgisayarlar, Computers and IT",1040,"Modern Operating Systems, Fourth Edition, is intended for introductory courses in Operating Systems in Computer Science, Computer Engineering, and Electrical Engineering programs. It also serves as a useful reference for OS professionals

The widely anticipated revision of this worldwide best-seller incorporates the latest developments in operating systems (OS) technologies. The Fourth Edition includes up-to-date materials on relevant¿OS. Tanenbaum also provides information on current research based on his experience as an operating systems researcher.

Modern Operating Systems, Third Editionwas the recipient of the 2010 McGuffey Longevity Award. The McGuffey Longevity Award recognizes textbooks whose excellence has been demonstrated over time.http://taaonline.net/index.html

**Teaching and Learning Experience**

This program will provide a better teaching and learning experience–for you and your students. It will help:

 - Provide Practical Detail on the Big Picture Concepts: A clear and entertaining writing style outlines the concepts every OS designer needs to master.
 - Keep Your Course Current: This edition includes information on the latest OS technologies and developments
 - Enhance Learning with Student and Instructor Resources: Students will gain hands-on experience using the simulation exercises and lab experiments."
The Annotated Turing: A Guided Tour Through Alan Turing's Historic Paper on Computability and the Turing Machine,The Annotated Turing: A Guided Tour Through Alan Turing's Historic Paper on Computability and the Turing Machine,Charles Petzold,4.28,1189,https://i.gr-assets.com/images/S/compressed.photo.goodreads.com/books/1348963714i/2333956._SX50_.jpg,https://www.goodreads.com/book/show/2333956.The_Annotated_Turing,goodreads_scraped,"Turing machines, Computational complexity, Turing, alan mathison, 1912-1954",300,"Programming Legend Charles Petzold unlocks the secrets of the extraordinary and prescient 1936 paper by Alan M. Turing.

Mathematician Alan Turing invented an imaginary computer known as the Turing Machine; in an age before computers, he explored the concept of what it meant to be computable, creating the field of computability theory in the process, a foundation of present-day computer programming."
Things That Make Us Smart: Defending Human Attributes in the Age of the Machine,Things That Make Us Smart: Defending Human Attributes in the Age of the Machine (William Patrick Book),Donald A. Norman,3.88,422,https://i.gr-assets.com/images/S/compressed.photo.goodreads.com/books/1388370807i/16868._SY75_.jpg,https://www.goodreads.com/book/show/16868.Things_That_Make_Us_Smart,goodreads_scraped,"Philosophy, Cognitive science, Human-machine systems, Technology, Interação homem-máquina",290,"Insightful and whimsical, profoundly intelligent and easily accessible, Don Norman has been exploring the design of our world for decades, exploring this complex relationship between humans and machines. In this seminal work, fully revised and updated, Norman gives us the first steps towards demanding a person-centered redesign of the machines we use every day.

Humans have always worked with objects to extend our cognitive powers, from counting on our fingers to designing massive supercomputers. But advanced technology does more than merely assist with memory—the machines we create begin to shape how we think and, at times, even what we value. In THINGS THAT MAKE US SMART, Donald Norman explores the complex interaction between human thought and the technology it creates, arguing for the development of machines that fit our minds, rather than minds that must conform to the machine."
The Timeless Way of Building,The Timeless Way of Building,Christopher W. Alexander,4.37,2710,https://i.gr-assets.com/images/S/compressed.photo.goodreads.com/books/1348093712i/106728._SY75_.jpg,https://www.goodreads.com/book/show/106728.The_Timeless_Way_of_Building,goodreads_scraped,,,
The Deadline,The Deadline,Tom DeMarco,4.15,2563,https://i.gr-assets.com/images/S/compressed.photo.goodreads.com/books/1356474444i/123716._SY75_.jpg,https://www.goodreads.com/book/show/123716.The_Deadline,goodreads_scraped,"Project management, Fiction",315,
Computer Systems: A Programmer's Perspective,Computer Systems: A Programmer's Perspective,Randal E. Bryant,4.47,1159,https://i.gr-assets.com/images/S/compressed.photo.goodreads.com/books/1387708094i/829182._SX50_.jpg,https://www.goodreads.com/book/show/829182.Computer_Systems,goodreads_scraped,"Computers, Telecommunication, User interfaces (Computer systems), Computer programming, User interfaces (computer systems)",1079,
"Agile Principles, Patterns, and Practices in C#","Agile Principles, Patterns, and Practices in C# (Robert C. Martin Series)",Robert C. Martin,4.28,775,https://i.gr-assets.com/images/S/compressed.photo.goodreads.com/books/1348657323i/84983._SX50_.jpg,https://www.goodreads.com/book/show/84983.Agile_Principles_Patterns_and_Practices_in_C_,goodreads_scraped,"Computer Technology, Nonfiction, Development, Object-oriented programming (Computer science), C# (Computer program language)",768,"This is the eBook version of the printed book.With the award-winning book Agile Software Development: Principles, Patterns, and Practices, Robert C. Martin helped bring Agile principles to tens of thousands of Java and C++ programmers. Now .NET programmers have a definitive guide to agile methods with this completely updated volume from Robert C. Martin and Micah Martin, Agile Principles, Patterns, and Practices in C#.This book presents a series of case studies illustrating the fundamentals of Agile development and Agile design, and moves quickly from UML models to real C# code. The introductory chapters lay out the basics of the agile movement, while the later chapters show proven techniques in action. The book includes many source code examples that are also available for download from the authors’ Web site.Readers will come away from this book understandingAgile principles, and the fourteen practices of Extreme ProgrammingSpiking, splitting, velocity, and planning iterations and releasesTest-driven development, test-first design, and acceptance testingRefactoring with unit testingPair programmingAgile design and design smellsThe five types of UML diagrams and how to use them effectivelyObject-oriented package design and design patternsHow to put all of it together for a real-world projectWhether you are a C# programmer or a Visual Basic or Java programmer learning C#, a software development manager, or a business analyst, Agile Principles, Patterns, and Practices in C# is the first book you should read to understand agile software and how it applies to programming in the .NET Framework."
"Growing Object-Oriented Software, Guided by Tests)","Growing Object-Oriented Software, Guided by Tests (Addison-Wesley Signature Series (Beck))",Steve Freeman,4.19,2467,https://i.gr-assets.com/images/S/compressed.photo.goodreads.com/books/1348030542i/4268826._SX50_.jpg,https://www.goodreads.com/book/show/4268826-growing-object-oriented-software-guided-by-tests-addison-wesley-signat,goodreads_scraped,"Testing, Object-oriented programming (Computer science), Computer software, Application software, development",358,
"Framework Design Guidelines: Conventions, Idioms, and Patterns for Reusable .NET Libraries","Framework Design Guidelines: Conventions, Idioms, and Patterns for Reusable .NET Libraries",Krzysztof Cwalina,4.23,376,https://i.gr-assets.com/images/S/compressed.photo.goodreads.com/books/1348375375i/2700831._SX50_.jpg,https://www.goodreads.com/book/show/2700831-framework-design-guidelines,goodreads_scraped,"Application program interfaces (Computer software), Microsoft .NET Framework, Programming languages, Software engineering, Microcomputer Application Software",436,
Object Thinking,Object Thinking,David      West,3.93,210,https://i.gr-assets.com/images/S/compressed.photo.goodreads.com/books/1396833230i/43940._SX50_.jpg,https://www.goodreads.com/book/show/43940.Object_Thinking,goodreads_scraped,,364,
Advanced Programming in the UNIX Environment,Advanced Programming in the UNIX Environment,W. Richard Stevens,4.34,1729,https://i.gr-assets.com/images/S/compressed.photo.goodreads.com/books/1387712281i/19814462._SX50_.jpg,https://www.goodreads.com/book/show/19814462-advanced-programming-in-the-unix-environment,goodreads_scraped,"Operating systems (Computers), UNIX (Computer file), open_syllabus_project, Unix (computer operating system), Computer programming",944,
Hackers & Painters: Big Ideas from the Computer Age,Hackers & Painters: Big Ideas from the Computer Age,Paul    Graham,4.05,9630,https://i.gr-assets.com/images/S/compressed.photo.goodreads.com/books/1348562702i/41793._SY75_.jpg,https://www.goodreads.com/book/show/41793.Hackers_Painters,goodreads_scraped,"Computer programming, Electronic data processing personnel",0,This seems to be a duplicate entry of https://openlibrary.org/works/OL2973119W/Hackers_painters
The Soul of a New Machine,The Soul of a New Machine,Tracy Kidder,4.12,9680,https://i.gr-assets.com/images/S/compressed.photo.goodreads.com/books/1627012239i/7090._SY75_.jpg,https://www.goodreads.com/book/show/7090.The_Soul_of_a_New_Machine,goodreads_scraped,"minicomputers, Informatica, Ordinateurs, Design and construction, Ouvrages de vulgarisation",293,"""The Soul of a New Machine"" is a non-fiction book written by Tracy Kidder and published in 1981. It chronicles the experiences of a computer engineering team racing to design a next-generation computer at a blistering pace under tremendous pressure. The machine was launched in 1980 as the Data General Eclipse MV/8000. The book won the 1982 National Book Award for Non-fiction and a Pulitzer Prize for General Non-Fiction."
CLR via C#,CLR via C#,Jeffrey Richter,4.56,1103,https://i.gr-assets.com/images/S/compressed.photo.goodreads.com/books/1388551187i/7121415._SX50_.jpg,https://www.goodreads.com/book/show/7121415-clr-via-c,goodreads_scraped,"C plus plus (computer program language), Microsoft .net, Compiling (electronic computers), Computer programming, C# (Computer program language)",879,
Design Patterns in C#,Design Patterns in C#,Steven John Metsker,3.51,85,https://i.gr-assets.com/images/S/compressed.photo.goodreads.com/books/1348615106i/85038._SX50_.jpg,https://www.goodreads.com/book/show/85038.Design_Patterns_in_C_,goodreads_scraped,"C# (Computer program language), Microsoft .NET, Object-oriented programming (Computer science), Software patterns, UML (Computer science)",468,
Zen and the Art of Motorcycle Maintenance: An Inquiry Into Values,"Zen and the Art of Motorcycle Maintenance: An Inquiry Into Values (Phaedrus, #1)",Robert M. Pirsig,3.78,248603,https://i.gr-assets.com/images/S/compressed.photo.goodreads.com/books/1410136019i/629._SY75_.jpg,https://www.goodreads.com/book/show/629.Zen_and_the_Art_of_Motorcycle_Maintenance,goodreads_scraped,"Pirsig, Robert M., Biography, Description and travel, Fathers and sons, Journeys",421,"""The real cycle you're working on is a cycle called 'yourself.'""One of the most important and influential books of the past half-century, Robert M. Pirsig's Zen and the Art of Motorcycle Maintenance is a powerful, moving, and penetrating examination of how we live and a meditation on how to live better. The narrative of a father on a summer motorcycle trip across America's Northwest with his young son, it becomes a profound personal and philosophical odyssey into life's fundamental questions. A true modern classic, it remains at once touching and transcendent, resonant with the myriad confusions of existence and the small, essential triumphs that propel us forward."
About Face 3: The Essentials of Interaction Design,About Face 3: The Essentials of Interaction Design,Alan Cooper,4.07,3533,https://i.gr-assets.com/images/S/compressed.photo.goodreads.com/books/1348112867i/289062._SX50_.jpg,https://www.goodreads.com/book/show/289062.About_Face_3,goodreads_scraped,"User interfaces (Computer systems), Human-computer interaction",648,
Here Comes Everybody: The Power of Organizing Without Organizations,Here Comes Everybody: The Power of Organizing Without Organizations,Clay Shirky,3.78,7141,https://i.gr-assets.com/images/S/compressed.photo.goodreads.com/books/1351070146i/1998185._SX50_.jpg,https://www.goodreads.com/book/show/1998185.Here_Comes_Everybody,goodreads_scraped,"Business, Computer networks, Information technology, Internet, Management",331,A look at the wide-reaching effects of the internet.
The Tao of Programming,The Tao of Programming,Geoffrey James,4.07,310,https://i.gr-assets.com/images/S/compressed.photo.goodreads.com/books/1388891750i/265456._SY75_.jpg,https://www.goodreads.com/book/show/265456.The_Tao_of_Programming,goodreads_scraped,,,
"The Computational Beauty of Nature: Computer Explorations of Fractals, Chaos, Complex Systems, and Adaptation","The Computational Beauty of Nature: Computer Explorations of Fractals, Chaos, Complex Systems, and Adaptation",Gary William Flake,4.37,268,https://i.gr-assets.com/images/S/compressed.photo.goodreads.com/books/1347507518i/248544._SX50_.jpg,https://www.goodreads.com/book/show/248544.The_Computational_Beauty_of_Nature,goodreads_scraped,"System analysis, Computer programming, Electronic digital computers, programming, COMPUTERS, Computer Simulation",514,"""In this book, Gary William Flake develops in depth the simple idea that recurrent rules can produce rich and complicated behaviors.

Distinguishing ""agents"" (e.g., molecules, cells, animals, and species) from their interactions (e.g., chemical reactions, immune system responses, sexual reproduction, and evolution), Flake argues that it is the computational properties of interactions that account for much of what we think of as ""beautiful"" and ""interesting."" From this basic thesis, Flake explores what he considers to be today's four most interesting computational topics: fractals, chaos, complex systems, and adaptation.""--BOOK JACKET."
Philip & Alex's Guide to Web Publishing,Philip & Alex's Guide to Web Publishing,Philip Greenspun,3.9,77,https://i.gr-assets.com/images/S/compressed.photo.goodreads.com/books/1176363706i/617140._SX50_.jpg,https://www.goodreads.com/book/show/617140.Philip_Alex_s_Guide_to_Web_Publishing,goodreads_scraped,"Sites Web, Elektronisch publiceren, Web sites, Websites, Création",608,
Object-Oriented Analysis and Design with Applications,Object-Oriented Analysis and Design with Applications,Grady Booch,3.91,606,https://i.gr-assets.com/images/S/compressed.photo.goodreads.com/books/1348359570i/424923._SX50_.jpg,https://www.goodreads.com/book/show/424923.Object_Oriented_Analysis_and_Design_with_Applications,goodreads_scraped,"Object-oriented programming (Computer science), Computer Technology, Nonfiction, CASE, Programmation orientée objets (informatique)",589,"Object-Oriented Design with Applications has long been the essential reference to object-oriented technology, which, in turn, has evolved to join the mainstream of industrial-strength software development. In this third edition--the first revisi"
Computability: An Introduction to Recursive Function Theory,Computability: An Introduction to Recursive Function Theory,Nigel Cutland,4.0,31,https://i.gr-assets.com/images/S/compressed.photo.goodreads.com/books/1389935707i/1190249._SY75_.jpg,https://www.goodreads.com/book/show/1190249.Computability,goodreads_scraped,"Computable functions, Recursion theory, Berechenbarkeit, Rekursionstheorie, Recursieve functies",251,"Given a framework capable of calculating, describes methods for determining the framework’s capabilities and limitations."
Masterminds of Programming: Conversations with the Creators of Major Programming Languages,Masterminds of Programming: Conversations with the Creators of Major Programming Languages,Federico Biancuzzi,3.9,444,https://i.gr-assets.com/images/S/compressed.photo.goodreads.com/books/1328834764i/1746425._SX50_.jpg,https://www.goodreads.com/book/show/1746425.Masterminds_of_Programming,goodreads_scraped,"Informatici, Interviews, Programmeertalen, Computer algorithms, Computer programming",390,
Tao Te Ching,Tao Te Ching,Lao Tzu,4.29,186044,https://i.gr-assets.com/images/S/compressed.photo.goodreads.com/books/1333578861i/67896._SY75_.jpg,https://www.goodreads.com/book/show/67896.Tao_Te_Ching,goodreads_scraped,,87,
The Productive Programmer (Theory in Practice,The Productive Programmer (Theory in Practice,Neal Ford,3.72,805,https://i.gr-assets.com/images/S/compressed.photo.goodreads.com/books/1328834827i/3411606._SX50_.jpg,https://www.goodreads.com/book/show/3411606-the-productive-programmer-theory-in-practice,goodreads_scraped,,,
The Art of Deception: Controlling the Human Element of Security,The Art of Deception: Controlling the Human Element of Security,Kevin D. Mitnick,3.76,7298,https://i.gr-assets.com/images/S/compressed.photo.goodreads.com/books/1385273509i/18160._SY75_.jpg,https://www.goodreads.com/book/show/18160.The_Art_of_Deception,goodreads_scraped,"Computer Technology, Nonfiction, Social aspects, Computer hackers, Computer security",352,"The world's most infamous hacker offers an insider's view of the low-tech threats to high-tech security  Kevin Mitnick's exploits as a cyber-desperado and fugitive form one of the most exhaustive FBI manhunts in history and have spawned dozens of articles, books, films, and documentaries. Since his release from federal prison, in 1998, Mitnick has turned his life around and established himself as one of the most sought-after computer security experts worldwide. Now, in The Art of Deception, the world's most notorious hacker gives new meaning to the old adage, ""It takes a thief to catch a thief.""  Focusing on the human factors involved with information security, Mitnick explains why all the firewalls and encryption protocols in the world will never be enough to stop a savvy grifter intent on rifling a corporate database or an irate employee determined to crash a system. With the help of many fascinating true stories of successful attacks on business and government, he illustrates just how susceptible even the most locked-down information systems are to a slick con artist impersonating an IRS agent. Narrating from the points of view of both the attacker and the victims, he explains why each attack was so successful and how it could have been prevented in an engaging and highly readable style reminiscent of a true-crime novel. And, perhaps most importantly, Mitnick offers advice for preventing these types of social engineering hacks through security protocols, training programs, and manuals that address the human element of security."
The Career Programmer: Guerilla Tactics for an Imperfect World,The Career Programmer: Guerilla Tactics for an Imperfect World,Christopher   Duncan,3.21,70,https://i.gr-assets.com/images/S/compressed.photo.goodreads.com/books/1385161110i/5843._SY75_.jpg,https://www.goodreads.com/book/show/5843.The_Career_Programmer,goodreads_scraped,"Development, Management, Vocational guidance, Electronic data processing, Computer programmers",238,"This book describes how was the life of programmer in a ridiculous world of business.
-jeromedauz"
Paradigms of Artificial Intelligence Programming: Case Studies in Common Lisp,Paradigms of Artificial Intelligence Programming: Case Studies in Common Lisp,Peter Norvig,4.33,505,https://i.gr-assets.com/images/S/compressed.photo.goodreads.com/books/1347640255i/83884._SX50_.jpg,https://www.goodreads.com/book/show/83884.Paradigms_of_Artificial_Intelligence_Programming,goodreads_scraped,"Artificial intelligence, COMMON LISP (Computer program language), Computer programming, Lisp (computer program language)",946,
Masters of Doom: How Two Guys Created an Empire and Transformed Pop Culture,Masters of Doom: How Two Guys Created an Empire and Transformed Pop Culture,David Kushner,4.3,20430,https://i.gr-assets.com/images/S/compressed.photo.goodreads.com/books/1557932856i/222146._SY75_.jpg,https://www.goodreads.com/book/show/222146.Masters_of_Doom,goodreads_scraped,"Computer games, History, Computer programmers, Programming, Biography",336,"""To my taste, the greatest American myth of cosmogenesis features the maladjusted, antisocial, genius teenage boy who, in the insular laboratory of his own bedroom, invents the universe from scratch. Masters of Doom is a particularly inspired rendition. Dave Kushner chronicles the saga of video game virtuosi Carmack and Romero with terrific brio. This is a page-turning, mythopoeic cyber-soap opera about two glamorous geek geniuses--and it should be read while scarfing down pepperoni pizza and swilling Diet Coke, with Queens of the Stone Age cranked up all the way."" --Mark Leyner, author of I Smell Esther WilliamsMasters of Doom is the amazing true story of the Lennon and McCartney of video games: John Carmack and John Romero. Together, they ruled big business. They transformed popular culture. And they provoked a national controversy. More than anything, they lived a unique and rollicking American Dream, escaping the broken homes of their youth to co-create the most notoriously successful game franchises in history--Doom and Quake--until the games they made tore them apart.Americans spend more money on video games than on movie tickets. Masters of Doom is the first book to chronicle this industry's greatest story, written by one of the medium's leading observers. David Kushner takes readers inside the rags-to-riches adventure of two rebellious entrepreneurs who came of age to shape a generation. The vivid portrait reveals why their games are so violent and why their immersion in their brilliantly designed fantasy worlds offered them solace. And it shows how they channeled their fury and imagination into products that are a formative influence on our culture, from MTV to the Internet to Columbine. This is a story of friendship and betrayal, commerce and artistry--a powerful and compassionate account of what it's like to be young, driven, and wildly creative. From the Hardcover edition."
Pragmatic Unit Testing in C# with Nunit,Pragmatic Unit Testing in C# with Nunit,Andy   Hunt,3.7,155,https://i.gr-assets.com/images/S/compressed.photo.goodreads.com/books/1436620102i/22129._SX50_.jpg,https://www.goodreads.com/book/show/22129.Pragmatic_Unit_Testing_in_C_with_Nunit,goodreads_scraped,"Testing, Computer software, Computer programs, C♯ (Computer program language), C# (Computer program language)",202,
How to Solve It: A New Aspect of Mathematical Method,How to Solve It: A New Aspect of Mathematical Method,George Pólya,4.12,5261,https://i.gr-assets.com/images/S/compressed.photo.goodreads.com/books/1349052024i/192221._SY75_.jpg,https://www.goodreads.com/book/show/192221.How_to_Solve_It,goodreads_scraped,"Mathematics, Problems, exercises, Study and teaching, Étude et enseignement, Pedagogiek",253,"A perennial bestseller by eminent mathematician G. Polya, How to Solve It will show anyone in any field how to think straight. In lucid and appealing prose, Polya reveals how the mathematical method of demonstrating a proof or finding an unknown can be of help in attacking any problem that can be “reasoned” out—from building a bridge to winning a game of anagrams. Generations of readers have relished Polya’s deft—indeed, brilliant—instructions on stripping away irrelevancies and going straight to the heart of the problem."
Smalltalk-80: The Language and its Implementation,Smalltalk-80: The Language and its Implementation,Adele Goldberg,4.73,48,https://i.gr-assets.com/images/S/compressed.photo.goodreads.com/books/1387734312i/1831735._SX50_.jpg,https://www.goodreads.com/book/show/1831735.Smalltalk_80,goodreads_scraped,"Smalltalk-80 (Computer program language), Smalltalk (computer program language)",551,
Writing Secure Code,Writing Secure Code,Michael  Howard,4.01,372,https://i.gr-assets.com/images/S/compressed.photo.goodreads.com/books/1396836770i/44916._SX50_.jpg,https://www.goodreads.com/book/show/44916.Writing_Secure_Code,goodreads_scraped,"Data encryption (Computer science), Computer security, Sécurité informatique, Systèmes informatiques, Sécurité",640,
Introduction to Functional Programming,Introduction to Functional Programming (Prentice-Hall Series in Engineering of the Physical Sciences),Richard S. Bird,4.08,87,https://i.gr-assets.com/images/S/compressed.photo.goodreads.com/books/1300364821i/3791460._SY75_.jpg,https://www.goodreads.com/book/show/3791460-introduction-to-functional-programming,goodreads_scraped,,,
No Bugs!: Delivering Error-Free Code in C and C++,No Bugs!: Delivering Error-Free Code in C and C++,David Thielen,3.11,9,https://i.gr-assets.com/images/S/compressed.photo.goodreads.com/books/1266743329i/2338849._SX50_.jpg,https://www.goodreads.com/book/show/2338849.No_Bugs_,goodreads_scraped,"C (Computer program language), C++ (Computer program language)",206,"xvi, 206 p. : 24 cm"
"JUnit in Action, Second Edition","JUnit in Action, Second Edition",Vincent Massol,3.55,124,https://i.gr-assets.com/images/S/compressed.photo.goodreads.com/books/1347658607i/7778320._SX50_.jpg,https://www.goodreads.com/book/show/7778320-junit-in-action-second-edition,goodreads_scraped,,,
"The Art of Computer Programming, Volumes 1-3 Boxed Set","The Art of Computer Programming, Volumes 1-3 Boxed Set",Donald Ervin Knuth,4.49,771,https://i.gr-assets.com/images/S/compressed.photo.goodreads.com/books/1348345166i/112239._SX50_.jpg,https://www.goodreads.com/book/show/112239.The_Art_of_Computer_Programming_Volumes_1_3_Boxed_Set,goodreads_scraped,,,
Introduction to the Theory of Computation,Introduction to the Theory of Computation,Michael Sipser,4.24,2123,https://i.gr-assets.com/images/S/compressed.photo.goodreads.com/books/1347452544i/400716._SX50_.jpg,https://www.goodreads.com/book/show/400716.Introduction_to_the_Theory_of_Computation,goodreads_scraped,"Machine theory, Computational complexity, Qa267 .s56 2013, 511.35",458,
Windows 11: 2021 Complete New OS User Guide. 33 Best Tips and Tricks to Master your PC,Windows 11: 2021 Complete New OS User Guide. 33 Best Tips and Tricks to Master your PC,Allan Farington,4.45,40,https://i.gr-assets.com/images/S/compressed.photo.goodreads.com/books/1629302958i/58802033._SY75_.jpg,https://www.goodreads.com/book/show/58802033-windows-11,goodreads_scraped,,0,
Artificial Intelligence: A Modern Approach,Artificial Intelligence: A Modern Approach,Stuart Russell,4.21,4478,https://i.gr-assets.com/images/S/compressed.photo.goodreads.com/books/1333191638i/1127841._SX50_.jpg,https://www.goodreads.com/book/show/1127841.Artificial_Intelligence,goodreads_scraped,,,
"TCP/IP Illustrated, Vol. 1: The Protocols","TCP/IP Illustrated, Vol. 1: The Protocols (Addison-Wesley Professional Computing Series)",W. Richard Stevens,4.31,1315,https://i.gr-assets.com/images/S/compressed.photo.goodreads.com/books/1348004070i/505560._SX50_.jpg,https://www.goodreads.com/book/show/505560.TCP_IP_Illustrated_Vol_1,goodreads_scraped,,,
Algorithms,Algorithms,Robert Sedgewick,4.42,1830,https://i.gr-assets.com/images/S/compressed.photo.goodreads.com/books/1348011905i/10803540._SX50_.jpg,https://www.goodreads.com/book/show/10803540-algorithms,goodreads_scraped,"Computer algorithms, Electronic digital computers, Programming, Algorithms, Algorithmes",551,
Web Hacking Arsenal: A Practical Guide to Modern Web Pentesting,Web Hacking Arsenal: A Practical Guide to Modern Web Pentesting,Rafay  Baloch,4.96,51,https://i.gr-assets.com/images/S/compressed.photo.goodreads.com/books/1718876552i/208444434._SY75_.jpg,https://www.goodreads.com/book/show/208444434-web-hacking-arsenal,goodreads_scraped,Mathematics,0,
"Introduction to Automata Theory, Languages, and Computation","Introduction to Automata Theory, Languages, and Computation",John E. Hopcroft,4.05,672,https://i.gr-assets.com/images/S/compressed.photo.goodreads.com/books/1387668734i/1384026._SY75_.jpg,https://www.goodreads.com/book/show/1384026.Introduction_to_Automata_Theory_Languages_and_Computation,goodreads_scraped,"Computational complexity, Formal languages, Machine theory, Programmeren (computers), Computers",525,"""This classic book on formal languages, automata theory, and computational complexity has been updated to present theoretical concepts in a concise and straightforward manner with increased coverage of practical applications. This third edition offers students a less formal writing style while providing the most accessible coverage of automata theory available, solid treatment on constructing proofs, many figures and diagrams to help convey ideas, and sidebars to highlight related material. A new feature of this edition is Gradiance, a Web-based homework and assessment tool. Each chapter offers an abundance of exercises, including selected Gradiance problems, for a true hands-on learning experience for students.""--BOOK JACKET."
Concrete Mathematics: A Foundation for Computer Science,Concrete Mathematics: A Foundation for Computer Science,Ronald Graham,4.34,1877,https://i.gr-assets.com/images/S/compressed.photo.goodreads.com/books/1348780612i/112243._SX50_.jpg,https://www.goodreads.com/book/show/112243.Concrete_Mathematics,goodreads_scraped,,,
Learn You a Haskell for Great Good!: A Beginner's Guide,Learn You a Haskell for Great Good!: A Beginner's Guide,Miran Lipovača,4.3,2381,https://i.gr-assets.com/images/S/compressed.photo.goodreads.com/books/1328753505i/9282423._SX50_.jpg,https://www.goodreads.com/book/show/9282423-learn-you-a-haskell-for-great-good,goodreads_scraped,"Haskell (Computer program language), Programming languages (electronic computers)",400,
A Discipline of Programming,A Discipline of Programming (Prentice-Hall Series in Automatic Computation),Edsger W. Dijkstra,4.23,182,https://i.gr-assets.com/images/S/compressed.photo.goodreads.com/books/1348910294i/2276288._SY75_.jpg,https://www.goodreads.com/book/show/2276288.A_Discipline_of_Programming,goodreads_scraped,,,
The Society of Mind,The Society of Mind,Marvin Minsky,4.04,3377,https://i.gr-assets.com/images/S/compressed.photo.goodreads.com/books/1348639169i/326790._SX50_.jpg,https://www.goodreads.com/book/show/326790.The_Society_of_Mind,goodreads_scraped,"Human information processing, Intellect, Philosophy, Science, Kognitiver Prozess",339,An authority on artificial intelligence introduces a theory that explores the workings of the human mind and the mysteries of thought.
The Psychology of Computer Programming,The Psychology of Computer Programming,Gerald M. Weinberg,4.06,606,https://i.gr-assets.com/images/S/compressed.photo.goodreads.com/books/1356139932i/1660754._SY75_.jpg,https://www.goodreads.com/book/show/1660754.The_Psychology_of_Computer_Programming,goodreads_scraped,"Computer programming, Psychological aspects, Psychological aspects of Computer programming, Electronic digital computers, programming, Computer programming -- Psychological aspects",288,"This landmark 1971 classic is reprinted with a new preface, chapter-by-chapter commentary, and straight-from-the-heart observations on topics that affect the professional life of programmers.  Long regarded as one of the first books to pioneer a people-oriented approach to computing, The Psychology of Computer Programming endures as a penetrating analysis of the intelligence, skill, teamwork, and problem-solving power of the computer programmer.  Finding the chapters strikingly relevant to today's issues in programming, Gerald M. Weinberg adds new insights and highlights the similarities and differences between now and then. Using a conversational style that invites the reader to join him, Weinberg reunites with some of his most insightful writings on the human side of software engineering.  Topics include egoless programming, intelligence, psychological measurement, personality factors, motivation, training, social problems on large projects, problem-solving ability, programming language design, team formation, the programming environment, and much more.  The author says, ""On an inspired eight-week vacation in Italy, I wrote the first draft of The Psychology of Computer Programming. . . . the book quickly became a best-seller among technical titles, running through more than twenty printings and staying in print for twenty-five years. . . .  ""For this Silver Anniversary Edition, I decided to take my own advice and not try to hide my errors, for they would be the source of the most learning for my readers. I decided to leave the original text as it was—antiques and all—for your illumination, and simply to add some 'wisdom of hindsight' remarks whenever the spirit moved me. I hope you find the perspective brought by this time-capsule contrast as useful to you as it has been to me.""  J.J. Hirschfelder of Computing Reviews wrote: ""The Psychology of Computer Programming . . . was the first major book to address programming as an individual and team effort, and became a classic in the field. . . . Despite, or perhaps even because of, the perspective of 1971, this book remains a must-read for all software development managers.""  Sue Petersen of Visual Developer said: ""In this new edition, Jerry looks at where we were 30 years ago, where we are now and where we might be in the future. Instead of changing the original text, he's added new comments to each chapter. This allows the reader to compare and contrast his thinking over the decades, showcasing the errors and omissions as well as the threads that bore fruit. "". . . one issue -- communication -- has been at the core of Jerry's work for decades. Unknown to him at the time, Psychology was to form the outline of his life's work. . . . Psychology is valuable as history in a field that is all too ready to repeat the errors of its past. Read Psychology as a picture of where we've been, where we are now, and where we need to go next. Read it as an index to the thinking of one of the most influential figures in our field."""
Joel on Software,Joel on Software,Joel Spolsky,4.13,3382,https://i.gr-assets.com/images/S/compressed.photo.goodreads.com/books/1419283213i/41786._SX50_.jpg,https://www.goodreads.com/book/show/41786.Joel_on_Software,goodreads_scraped,,378,
Introduction to System Design,Introduction to System Design,Shivam    Singh,4.15,41,https://i.gr-assets.com/images/S/compressed.photo.goodreads.com/books/1624938995i/58451030._SY75_.jpg,https://www.goodreads.com/book/show/58451030-introduction-to-system-design,goodreads_scraped,,0,
The UNIX Programming Environment,The UNIX Programming Environment,Brian W. Kernighan,4.24,1315,https://i.gr-assets.com/images/S/compressed.photo.goodreads.com/books/1469578824i/337338._SX50_.jpg,https://www.goodreads.com/book/show/337338.The_UNIX_Programming_Environment,goodreads_scraped,"Computer programming, UNIX (Computer file), Programmation (Informatique), Linguagem De Programacao (Outras), Software Basico",357,
"The Art of Computer Programming, Volume 1: Fundamental Algorithms","The Art of Computer Programming, Volume 1: Fundamental Algorithms",Donald Ervin Knuth,4.38,1891,https://i.gr-assets.com/images/S/compressed.photo.goodreads.com/books/1388242904i/112247._SX50_.jpg,https://www.goodreads.com/book/show/112247.The_Art_of_Computer_Programming_Volume_1,goodreads_scraped,,,
"Applied Cryptography: Protocols, Algorithms, and Source Code in C","Applied Cryptography: Protocols, Algorithms, and Source Code in C",Bruce Schneier,4.21,2139,https://i.gr-assets.com/images/S/compressed.photo.goodreads.com/books/1387734235i/351301._SX50_.jpg,https://www.goodreads.com/book/show/351301.Applied_Cryptography,goodreads_scraped,"Security measures, Telecommunication, Computer security, Cryptography, C (Computer program language)",784,
Feynman Lectures On Computation,Feynman Lectures On Computation,Richard P. Feynman,4.26,483,https://i.gr-assets.com/images/S/compressed.photo.goodreads.com/books/1436771028i/17274._SY75_.jpg,https://www.goodreads.com/book/show/17274.Feynman_Lectures_On_Computation,goodreads_scraped,,,
"A First Course in Logic: An Introduction to Model Theory, Proof Theory, Computability, and Complexity","A First Course in Logic: An Introduction to Model Theory, Proof Theory, Computability, and Complexity",Shawn Hedman,4.33,21,https://i.gr-assets.com/images/S/compressed.photo.goodreads.com/books/1349073917i/2063650._SX50_.jpg,https://www.goodreads.com/book/show/2063650.A_First_Course_in_Logic,goodreads_scraped,"Logic, Symbolic and mathematical Logic, Model theory, Proof theory, Computable functions",431,"""The ability to reason and think in a logical manner forms the basis of learning for most mathematics, computer science, philosophy and logic students. Based on the author's teaching notes at the University of Maryland and aimed at a broad audience, this text covers the fundamental topics in classical logic in a clear, thorough and accurate style that is accessible to all the above. Covering propositional logic, first-order logic, and second-order logic, as well as proof theory, computability theory, and model theory, the text also contains numerous carefully graded exercises and is ideal for a first or refresher course.""--Jacket."
An Introduction to Functional Programming Through Lambda Calculus,An Introduction to Functional Programming Through Lambda Calculus,Greg Michaelson,4.13,226,https://i.gr-assets.com/images/S/compressed.photo.goodreads.com/books/1328863452i/12169041._SX50_.jpg,https://www.goodreads.com/book/show/12169041-an-introduction-to-functional-programming-through-lambda-calculus,goodreads_scraped,"Lambda calculus, Functional programming (Computer science), Functional programming (computer science), Calculus",320,
Chaos: Making a New Science,Chaos: Making a New Science,James Gleick,4.03,41731,https://i.gr-assets.com/images/S/compressed.photo.goodreads.com/books/1327941595i/64582._SY75_.jpg,https://www.goodreads.com/book/show/64582.Chaos,goodreads_scraped,"Chaotic behavior in systems, Science, Chaos, Social aspects, Muziek",364,"The author describes how scientists studying the growth of complexity in nature are discovering order and pattern in chaos. He explains concepts such as nonlinearity, the Butterfly Effect, universal constants, fractals, and strange attractors, and examines the work of scientists such as Mitchell J. Feigenbaum, Edward Lorenz, and Benoit Mandelbrot."
Fundamental Kotlin,Fundamental Kotlin,Miloš  Vasić,4.21,38,https://i.gr-assets.com/images/S/compressed.photo.goodreads.com/books/1475073984i/32307194._SX50_.jpg,https://www.goodreads.com/book/show/32307194-fundamental-kotlin,goodreads_scraped,,,
What Is Life? with Mind and Matter and Autobiographical Sketches,What Is Life? with Mind and Matter and Autobiographical Sketches,Erwin Schrödinger,4.13,7904,https://i.gr-assets.com/images/S/compressed.photo.goodreads.com/books/1348631664i/162780._SY75_.jpg,https://www.goodreads.com/book/show/162780.What_Is_Life_with_Mind_and_Matter_and_Autobiographical_Sketches,goodreads_scraped,"Life (Biology), Biological aspects, Biophysics, Human evolution, Biology",178,"What Is Life? is a 1944 non-fiction science book written for the lay reader by physicist Erwin Schrödinger. The book was based on a course of public lectures delivered by Schrödinger in February 1943 at Trinity College, Dublin. Schrödinger's lecture focused on one important question: ""how can the events in space and time which take place within the spatial boundary of a living organism be accounted for by physics and chemistry?"" In the book, Schrödinger introduced the idea of an ""aperiodic crystal"" that contained genetic information in its configuration of covalent chemical bonds. In the 1950s, this idea stimulated enthusiasm for discovering the genetic molecule and would give both Francis Crick and James Watson initial inspiration in their research."
Pro Git,Pro Git,Scott Chacon,4.18,3413,https://i.gr-assets.com/images/S/compressed.photo.goodreads.com/books/1383771684i/6518085._SX50_.jpg,https://www.goodreads.com/book/show/6518085-pro-git,goodreads_scraped,"Computer science, Software engineering, Electronic data processing, Distributed processing, Git (Computer file)",426,"*Pro Git* is your fully-updated guide to Git and its usage in the modern world. Git has come a long way since it was first developed by Linus Torvalds for Linux kernel development. It has taken the open source world by storm since its inception in 2005, and this book teaches you how to use it like a pro.

Effective and well-implemented version control is a necessity for successful web projects, whether large or small. With this book you’ll learn how to master the world of distributed version workflow, use the distributed features of Git to the full, and extend Git to meet your every need."
Structured Computer Organization,Structured Computer Organization,Andrew S. Tanenbaum,4.03,592,https://i.gr-assets.com/images/S/compressed.photo.goodreads.com/books/1661235768i/457107._SX50_.jpg,https://www.goodreads.com/book/show/457107.Structured_Computer_Organization,goodreads_scraped,"Computer organization, Computer programming, Electronic digital computers, Programming, Computerarchitectuur",587,"Structured Computer Organization, specifically written for undergraduate students, is a best-selling guide that provides an accessible introduction to computer hardware and architecture. This text will also serve as a useful resource for all computer professionals and engineers who need an overview or introduction to computer architecture."
Quality Software Management: Systems Thinking,Quality Software Management: Systems Thinking,Gerald M. Weinberg,4.29,103,https://i.gr-assets.com/images/S/compressed.photo.goodreads.com/books/1388902624i/714348._SX50_.jpg,https://www.goodreads.com/book/show/714348.Quality_Software_Management,goodreads_scraped,,,
Database System Concepts,Database System Concepts,Abraham Silberschatz,3.75,563,https://i.gr-assets.com/images/S/compressed.photo.goodreads.com/books/1348935598i/161332._SX50_.jpg,https://www.goodreads.com/book/show/161332.Database_System_Concepts,goodreads_scraped,"Database management, open_syllabus_project, Datenbanksystem, Banco de dados, Relational databases",840,
An Introduction to Database Systems,An Introduction to Database Systems,C.J. Date,3.92,373,https://i.gr-assets.com/images/S/compressed.photo.goodreads.com/books/1348753274i/236664._SX50_.jpg,https://www.goodreads.com/book/show/236664.An_Introduction_to_Database_Systems,goodreads_scraped,"Conception, Base donnée relationnelle, Database management, Architecture base donnée, Base donnée orientée objet",938,"This book provides a solid grounding in the foundations of database technology and gives some ideas of how the field is likely to develop in the future. Emphasizing insight and understanding rather than formalisms, Chris Date has divided the book into six parts: Basic Concepts, The Relational Model, Database Design, Transaction Management, Further Topics, and Object and Object/Relational Databases. This comprehensive introduction to databases reflects the latest developments and advances in the field of database systems. Throughout the book, there are numerous worked examples and exercises for the reader--with answers--as well as an extensive set of annotated references."
The Fractal Geometry of Nature,The Fractal Geometry of Nature,Benoît B. Mandelbrot,4.23,1295,https://i.gr-assets.com/images/S/compressed.photo.goodreads.com/books/1315596427i/558059._SX50_.jpg,https://www.goodreads.com/book/show/558059.The_Fractal_Geometry_of_Nature,goodreads_scraped,"Geometry, Mathematical models, Fractals, Stochastic processes, Probability",491,
Computability and Unsolvability,Computability and Unsolvability,Martin D. Davis,3.87,31,https://i.gr-assets.com/images/S/compressed.photo.goodreads.com/books/1328862492i/982829._SY75_.jpg,https://www.goodreads.com/book/show/982829.Computability_and_Unsolvability,goodreads_scraped,,,
Just Enough Tech: All the technical knowledge you need to succeed in any Tech industry interview,Just Enough Tech: All the technical knowledge you need to succeed in any Tech industry interview,Shivam    Singh,4.29,7,https://i.gr-assets.com/images/S/compressed.photo.goodreads.com/books/1644228215i/60331464._SY75_.jpg,https://www.goodreads.com/book/show/60331464-just-enough-tech,goodreads_scraped,,,
Operating Systems: Three Easy Pieces,Operating Systems: Three Easy Pieces,Remzi H. Arpaci-Dusseau,4.7,868,https://i.gr-assets.com/images/S/compressed.photo.goodreads.com/books/1360887934i/17374825._SY75_.jpg,https://www.goodreads.com/book/show/17374825-operating-systems,goodreads_scraped,Mathematics,714,
Algorithm Design,Algorithm Design,Jon Kleinberg,4.17,668,https://i.gr-assets.com/images/S/compressed.photo.goodreads.com/books/1348335904i/145055._SX50_.jpg,https://www.goodreads.com/book/show/145055.Algorithm_Design,goodreads_scraped,"Computer algorithms, Data structures (Computer science), Algorithmes, Structures de donnees (Informatique), Algoritmen",924,"""Algorithm Design takes a fresh approach to the algorithms course, introducing algorithmic ideas through the real-world problems that motivate them. In a clear, direct style, Jon Kleinberg and Eva Tardos teach students to analyze and define problems for themselves, and from this to recognize which design principles are appropriate for a given situation. The text encourages a greater understanding of the algorithm design process and an appreciation of the role of algorithms in the broader field of computer science.""--Jacket."
The Code Book: The Science of Secrecy from Ancient Egypt to Quantum Cryptography,The Code Book: The Science of Secrecy from Ancient Egypt to Quantum Cryptography,Simon Singh,4.3,29358,https://i.gr-assets.com/images/S/compressed.photo.goodreads.com/books/1403181687i/17994._SY75_.jpg,https://www.goodreads.com/book/show/17994.The_Code_Book,goodreads_scraped,"Cryptography, History, Data encryption (Computer science), Coding theory, Confidential communications",416,"In his first book since the bestselling *Fermat's Enigma*, Simon Singh offers the first sweeping history of encryption, tracing its evolution and revealing the dramatic effects codes have had on wars, nations, and individual lives. From Mary, Queen of Scots, trapped by her own code, to the Navajo Code Talkers who helped the Allies win World War II, to the incredible (and incredibly simple) logisitical breakthrough that made Internet commerce secure, The Code Book tells the story of the most powerful intellectual weapon ever known: secrecy.

Throughout the text are clear technical and mathematical explanations, and portraits of the remarkable personalities who wrote and broke the world's most difficult codes. Accessible, compelling, and remarkably far-reaching, this book will forever alter your view of history and what drives it.  It will also make you wonder how private that e-mail you just sent really is."
Basic Proof Theory,"Basic Proof Theory (Cambridge Tracts in Theoretical Computer Science, Series Number 43)",Anne S. Troelstra,3.91,11,https://i.gr-assets.com/images/S/compressed.photo.goodreads.com/books/1267981146i/3400003._SY75_.jpg,https://www.goodreads.com/book/show/3400003-basic-proof-theory,goodreads_scraped,,,
Computational Complexity,Computational Complexity,Christos H. Papadimitriou,3.89,141,https://i.gr-assets.com/images/S/compressed.photo.goodreads.com/books/1347425673i/138562._SY75_.jpg,https://www.goodreads.com/book/show/138562.Computational_Complexity,goodreads_scraped,"Computational complexity, Qa267.7 .p36 1994, 511.3",523,
Computability and Logic,Computability and Logic,George S. Boolos,4.14,166,https://i.gr-assets.com/images/S/compressed.photo.goodreads.com/books/1586530832i/1556746._SX50_.jpg,https://www.goodreads.com/book/show/1556746.Computability_and_Logic,goodreads_scraped,"Computable functions, Logic, Symbolic and mathematical, Recursive functions, Symbolic and mathematical Logic, Mathematical foundations",304,
Computability Theory,Computability Theory (Chapman Hall/CRC Mathematics Series),S. Barry Cooper,4.12,17,https://i.gr-assets.com/images/S/compressed.photo.goodreads.com/books/1356187296i/2366835._SY75_.jpg,https://www.goodreads.com/book/show/2366835.Computability_Theory,goodreads_scraped,,420,
Waltzing With Bears: Managing Risk on Software Projects,Waltzing With Bears: Managing Risk on Software Projects,Tom DeMarco,3.98,784,https://i.gr-assets.com/images/S/compressed.photo.goodreads.com/books/1356137390i/665153._SY75_.jpg,https://www.goodreads.com/book/show/665153.Waltzing_With_Bears,goodreads_scraped,"Development, Risk management, Management, Computer software",144,
The Quark and the Jaguar: Adventures in the Simple and the Complex,The Quark and the Jaguar: Adventures in the Simple and the Complex,Murray Gell-Mann,3.84,1810,https://i.gr-assets.com/images/S/compressed.photo.goodreads.com/books/1388362851i/270881._SY75_.jpg,https://www.goodreads.com/book/show/270881.The_Quark_and_the_Jaguar,goodreads_scraped,"Nuclear physicists, Description and travel, Journeys, Travel, Particles (Nuclear physics)",392,"From one of the architects of the new science of simplicity and complexity comes a highly personal, unifying vision of the natural world.

As a theoretical physicist, Murray Gell-Mann has explored nature at its most fundamental level. His achievements include the 1969 Nobel Prize for work leading up to his discovery of the quark - the basic building block of all atomic nuclei throughout the universe. But Gell-Mann is a man of many intellectual passions, with lifelong interests in fields that seek to understand existence at its most complex: natural history, biological evolution, the history of language, and the study of creative thinking.

These seemingly disparate pursuits come together in Gell-Mann's current work at the Santa Fe Institute, where scientists are investigating the similarities and differences among complex adaptive systems - systems that learn or evolve by utilizing acquired information. They include a child learning his or her native language, a strain of bacteria becoming resistant to an antibiotic, the scientific community testing new theories, or an artist implementing a creative idea.

The Quark and the Jaguar is Gell-Mann's own story of finding the connections between the basic laws of physics and the complexity and diversity of the natural world. The simple: a quark inside an atom. The complex: a jaguar prowling its jungle territory in the night. Exploring the relationship between them becomes a series of exciting intellectual adventures."
Sync: The Emerging Science of Spontaneous Order,Sync: The Emerging Science of Spontaneous Order,Steven H. Strogatz,4.07,3329,https://i.gr-assets.com/images/S/compressed.photo.goodreads.com/books/1388474584i/354421._SX50_.jpg,https://www.goodreads.com/book/show/354421.Sync,goodreads_scraped,"Self-organizing systems, Synchronisation, Synchronization, Systèmes auto-organisés, Biological rhythms",352,"The tendency to synchronize may be the most mysterious and pervasive drive in all of nature. It has intrigued some of the most brilliant minds of the 20th century, including Albert Einstein, Richard Feynman, Norbert Wiener, Brian Josephson, and Arthur Winfree.

At once elegant and riveting, Sync tells the story of the dawn of a new science. Steven Strogatz, a leading mathematician in the fields of chaos and complexity theory, explains how enormous systems can synchronize themselves, from the electrons in a superconductor to the pacemaker cells in our hearts. He shows that although these phenomena might seem unrelated on the surface, at a deeper level there is a connection, forged by the unifying power of mathematics."
"Linked: How Everything Is Connected to Everything Else and What It Means for Business, Science, and Everyday Life","Linked: How Everything Is Connected to Everything Else and What It Means for Business, Science, and Everyday Life",Albert-László Barabási,3.94,5262,https://i.gr-assets.com/images/S/compressed.photo.goodreads.com/books/1309203512i/154293._SY75_.jpg,https://www.goodreads.com/book/show/154293.Linked,goodreads_scraped,"World Wide Web, Philosophy, Computer networks, Economics, Science",304,
Engines of Creation: The Coming Era of Nanotechnology,Engines of Creation: The Coming Era of Nanotechnology,Eric Drexler,4.18,937,https://i.gr-assets.com/images/S/compressed.photo.goodreads.com/books/1320504490i/83596._SY75_.jpg,https://www.goodreads.com/book/show/83596.Engines_of_Creation,goodreads_scraped,"Forecasts, High technology, Nanotechnology, Twentieth century, Technischer Fortschritt",298,
"Designing Data-Intensive Applications: The Big Ideas Behind Reliable, Scalable, and Maintainable Systems","Designing Data-Intensive Applications: The Big Ideas Behind Reliable, Scalable, and Maintainable Systems",Martin Kleppmann,4.69,10936,https://i.gr-assets.com/images/S/compressed.photo.goodreads.com/books/1501626846i/23466395._SX50_.jpg,https://www.goodreads.com/book/show/23466395-designing-data-intensive-applications,goodreads_scraped,"Development, Web site development, Application software, Database management, Databases",618,"Data is at the center of many challenges in system design today. Difficult issues need to be figured out, such as scalability, consistency, reliability, efficiency, and maintainability. In addition, we have an overwhelming variety of tools, including relational databases, NoSQL datastores, stream or batch processors, and message brokers. What are the right choices for your application? How do you make sense of all these buzzwords?

In this practical and comprehensive guide, author Martin Kleppmann helps you navigate this diverse landscape by examining the pros and cons of various technologies for processing and storing data. Software keeps changing, but the fundamental principles remain the same. With this book, software engineers and architects will learn how to apply those ideas in practice, and how to make full use of data in modern applications.

Peer under the hood of the systems you already use, and learn how to use and operate them more effectively. Make informed decisions by identifying the strengths and weaknesses of different tools. Navigate the trade-offs around consistency, scalability, fault tolerance, and complexity. Understand the distributed systems research upon which modern databases are built. Peek behind the scenes of major online services, and learn from their architectures"
Elements of the Theory of Computation,Elements of the Theory of Computation,Harry R. Lewis,3.89,122,https://i.gr-assets.com/images/S/compressed.photo.goodreads.com/books/1348247942i/138565._SX50_.jpg,https://www.goodreads.com/book/show/138565.Elements_of_the_Theory_of_Computation,goodreads_scraped,"Computational complexity, Formal languages, Logic, Symbolic and mathematical, Machine theory, Symbolic and mathematical Logic",361,361 p. : 25 cm
Exploring Requirements: Quality Before Design,Exploring Requirements: Quality Before Design,Donald C. Gause,3.81,136,https://i.gr-assets.com/images/S/compressed.photo.goodreads.com/books/1356134386i/969805._SX50_.jpg,https://www.goodreads.com/book/show/969805.Exploring_Requirements,goodreads_scraped,"Industrial Design, New products, Industrial design",299,
"The IT Handbook for Business, Managing Information Technology Support Costs","The IT Handbook for Business, Managing Information Technology Support Costs",William C. Couie,4.23,13,https://i.gr-assets.com/images/S/compressed.photo.goodreads.com/books/1348554571i/9402023._SX50_.jpg,https://www.goodreads.com/book/show/9402023-the-it-handbook-for-business-managing-information-technology-support-co,goodreads_scraped,,,
Reviewing Java,Reviewing Java,Alex Maureau,4.0,6,https://i.gr-assets.com/images/S/compressed.photo.goodreads.com/books/1390170932i/7966111._SX50_.jpg,https://www.goodreads.com/book/show/7966111-reviewing-java,goodreads_scraped,Java (computer program language),658,
Six Degrees: The Science of a Connected Age,Six Degrees: The Science of a Connected Age,Duncan J. Watts,3.9,1203,https://i.gr-assets.com/images/S/compressed.photo.goodreads.com/books/1348346215i/818170._SY75_.jpg,https://www.goodreads.com/book/show/818170.Six_Degrees,goodreads_scraped,"Mathematical models, Network analysis (Planning), Graph theory, Social networks, Science, philosophy",368,"An architect of network theory summarizes his team's endeavor to create a blueprint of the world's networks, citing the scientific elements of the Internet, economies, terrorist organizations, and other knowledge-based groups."
C: A Reference Manual,C: A Reference Manual,Samuel P. Harbison III,4.18,310,https://i.gr-assets.com/images/S/compressed.photo.goodreads.com/books/1387714577i/946107._SX50_.jpg,https://www.goodreads.com/book/show/946107.C,goodreads_scraped,,,
Communication Networks: Fundamental Concepts and Key Architectures,Communication Networks: Fundamental Concepts and Key Architectures,Alberto Leon-Garcia,4.19,53,https://i.gr-assets.com/images/S/compressed.photo.goodreads.com/books/1386921392i/62846._SX50_.jpg,https://www.goodreads.com/book/show/62846.Communication_Networks,goodreads_scraped,"Computer networks, Telecommunication systems, Computer network architectures, Telecommunicatietechniek, Datatransmissie",900,
Reviewing C++,Reviewing C++,Alex Maureau,3.43,7,https://i.gr-assets.com/images/S/compressed.photo.goodreads.com/books/1390180432i/8019686._SX50_.jpg,https://www.goodreads.com/book/show/8019686-reviewing-c,goodreads_scraped,C plus plus (computer program language),0,
Debugging: The 9 Indispensable Rules for Finding Even the Most Elusive Software and Hardware Problems,Debugging: The 9 Indispensable Rules for Finding Even the Most Elusive Software and Hardware Problems,David J. Agans,4.25,523,https://i.gr-assets.com/images/S/compressed.photo.goodreads.com/books/1348215122i/3938178._SX50_.jpg,https://www.goodreads.com/book/show/3938178-debugging,goodreads_scraped,"Debugging in computer science, Quality control, Computer software",192,
The Meme Machine,The Meme Machine,Susan Blackmore,3.86,4270,https://i.gr-assets.com/images/S/compressed.photo.goodreads.com/books/1347677335i/254502._SY75_.jpg,https://www.goodreads.com/book/show/254502.The_Meme_Machine,goodreads_scraped,,,
The Shape of Inner Space: String Theory and the Geometry of the Universe's Hidden Dimensions,The Shape of Inner Space: String Theory and the Geometry of the Universe's Hidden Dimensions,Shing-Tung Yau,3.99,844,https://i.gr-assets.com/images/S/compressed.photo.goodreads.com/books/1328841750i/8174588._SY75_.jpg,https://www.goodreads.com/book/show/8174588-the-shape-of-inner-space,goodreads_scraped,"Fourth dimension, Hyperspace, String models",437,"String theory says we live in a ten-dimensional universe, but that only four are accessible to our everyday senses. According to theorists, the missing six are curled up in bizarre structures known as Calabi-Yau manifolds. Here, Shing-Tung Yau, the man who mathematically proved that these manifolds exist, argues that not only is geometry fundamental to string theory, it is also fundamental to the very nature of our universe. Time and again, where Yau has gone, physics has followed. Now for the first time, readers will follow Yau's penetrating thinking on where we've been, and where mathematics will take us next. A fascinating exploration of a world we are only just beginning to grasp, The Shape of Inner Space will change the way we consider the universe on both its grandest and smallest scales.--From publisher description."
Does God Play Dice?: The New Mathematics of Chaos,Does God Play Dice?: The New Mathematics of Chaos,Ian Stewart,4.02,1739,https://i.gr-assets.com/images/S/compressed.photo.goodreads.com/books/1387713491i/445129._SY75_.jpg,https://www.goodreads.com/book/show/445129.Does_God_Play_Dice_,goodreads_scraped,"Chaotic behavior in systems, Nonfiction, Science, Wiskunde, 31.02 philosophy and theory of mathematics",375,"Since the dramatic discovery of the mathematical concept of chaos in 1989, the controversy of its contents has settled down. This revised edition of Does God Play Dice? takes a fresh look at its achievements and potential. With a new preface and three completely new chapters, it includes the latest practical applications of chaos theory, such as developing intelligent heart pacemakers. All this provides a fascinating new answer to Einstien's question which provided the title of this book."
The Cosmic Landscape: String Theory and the Illusion of Intelligent Design,The Cosmic Landscape: String Theory and the Illusion of Intelligent Design,Leonard Susskind,4.15,2851,https://i.gr-assets.com/images/S/compressed.photo.goodreads.com/books/1387709801i/771550._SY75_.jpg,https://www.goodreads.com/book/show/771550.The_Cosmic_Landscape,goodreads_scraped,"String models, Science, Intelligent design (Teleology), Cosmogony, Nonfiction",403,"In his first book ever, the father of string theory reinvents the world's concept of the known universe and man's unique place within it. Line drawings."
"The Strangest Man: The Hidden Life of Paul Dirac, Mystic of the Atom","The Strangest Man: The Hidden Life of Paul Dirac, Mystic of the Atom",Graham Farmelo,4.02,7554,https://i.gr-assets.com/images/S/compressed.photo.goodreads.com/books/1442970409i/6629359._SY75_.jpg,https://www.goodreads.com/book/show/6629359-the-strangest-man,goodreads_scraped,"Quantum theory, Physicists, Biography, physics, quantum physics",539,"From the Publisher: Paul Dirac was among the great scientific geniuses of the modern age.  One of the discoverers of quantum mechanics, the most revolutionary theory of the past century, his contributions had a unique insight, eloquence, clarity, and mathematical power.  His prediction of antimatter was one of the greatest triumphs in the history of physics.  One of Einstein's most admired colleagues, Dirac was in 1933 the youngest theoretician ever to win the Nobel Prize in physics.  Dirac's personality is legendary.  He was an extraordinarily reserved loner, relentlessly literal-minded and appeared to have no empathy with most people.  Yet he was a family man and was intensely loyal to his friends.  His tastes in the arts ranged from Beethoven to Cher, from Rembrandt to Mickey Mouse.  Based on previously undiscovered archives, The Strangest Man reveals the many facets of Dirac's brilliantly original mind.  A compelling human story, The Strangest Man also depicts a spectacularly exciting era in scientific history."
"The Book of Nothing: Vacuums, Voids, and the Latest Ideas about the Origins of the Universe","The Book of Nothing: Vacuums, Voids, and the Latest Ideas about the Origins of the Universe",John D. Barrow,3.96,1229,https://i.gr-assets.com/images/S/compressed.photo.goodreads.com/books/1320419009i/313956._SY75_.jpg,https://www.goodreads.com/book/show/313956.The_Book_of_Nothing,goodreads_scraped,"Nothing (Philosophy), Science, Zero (The number), Philosophy, Vacuum",384,"From one of our foremost mathematicians and cosmologists comes this fascinating exploration of the surprisingly substantial and varied nature of nothing.With unassailable expertise and a proven ability to make complex theories and ideas clearly accessible, John Barrow examines and explains every aspect of nothingness. From the zeros of mathematicians to the void of philosophers, from Shakespeare to the null set, from the ether to the quantum vacuum, this book illustrates the fact that nothing is real.  Barrow begins with the origins of zero in ancient India, its rocky reception in Europe, and the early abhorrence and eventual acceptance of the concept of the void by Christianity. He traces the notion through the work of writers and thinkers from the ancient Greeks to our own time. He looks at mathematics, cosmology, theology, and  physics to uncover the nothing that is at the heart of most things. Finally, he discusses recent concepts of nothing, which are having profound effects on our search for the origins and overall structure of the universe.lluminating the many ways in which humankind has come to understand ""nothing,"" The Book of Nothing brilliantly belies its title.From the Hardcover edition."
Machine Learning with Neural Networks: An In-depth Visual Introduction with Python: Make Your Own Neural Network in Python: A Simple Guide on Machine Learning with Neural Networks.,Machine Learning with Neural Networks: An In-depth Visual Introduction with Python: Make Your Own Neural Network in Python: A Simple Guide on Machine Learning with Neural Networks.,Michael Taylor,4.0,176,https://i.gr-assets.com/images/S/compressed.photo.goodreads.com/books/1504136298i/36153846._SX50_.jpg,https://www.goodreads.com/book/show/36153846-machine-learning-with-neural-networks,goodreads_scraped,,,
Cracking the Coding Interview: 150 Programming Questions and Solutions,Cracking the Coding Interview: 150 Programming Questions and Solutions,Gayle Laakmann McDowell,4.33,6931,https://i.gr-assets.com/images/S/compressed.photo.goodreads.com/books/1391311964i/12544648._SY75_.jpg,https://www.goodreads.com/book/show/12544648-cracking-the-coding-interview,goodreads_scraped,"Problems, exercises, Computer programming, Vocational guidance, Employment interviewing, Computer programmers",504,"I am not a recruiter. I am a software engineer. And as such, I know what it's like to be asked to whip up brilliant algorithms on the spot and then write flawless code on a whiteboard. I've been through this as a candidate and as an interviewer.

Cracking the Coding Interview, 6th Edition is here to help you through this process, teaching you what you need to know and enabling you to perform at your very best. I've coached and interviewed hundreds of software engineers. The result is this book.

Learn how to uncover the hints and hidden details in a question, discover how to break down a problem into manageable chunks, develop techniques to unstick yourself when stuck, learn (or re-learn) core computer science concepts, and practice on 189 interview questions and solutions.

These interview questions are real; they are not pulled out of computer science textbooks. They reflect what's truly being asked at the top companies, so that you can be as prepared as possible.

WHAT'S INSIDE?

- 189 programming interview questions, ranging from the basics to the trickiest algorithm problems.
- A walk-through of how to derive each solution, so that you can learn how to get there yourself.
- Hints on how to solve each of the 189 questions, just like what you would get in a real interview.
- Five proven strategies to tackle algorithm questions, so that you can solve questions you haven't seen.
- Extensive     coverage of essential topics, such as big O time, data structures, and core algorithms.
- A behind the scenes look at how top companies like Google and Facebook hire developers.
- Techniques to prepare for and ace the soft side of the interview: behavioral questions.
- For interviewers and companies: details on what makes a good interview question and hiring process."
C Primer Plus,C Primer Plus,Stephen Prata,4.15,266,https://i.gr-assets.com/images/S/compressed.photo.goodreads.com/books/1348613457i/120642._SX50_.jpg,https://www.goodreads.com/book/show/120642.C_Primer_Plus,goodreads_scraped,"Computer Technology, C++ (Computer program language), Object-oriented programming (Computer science), Nonfiction, C (Computer program language)",959,"Annotation

Annotation"
Discrete Mathematics and its Applications,Discrete Mathematics and its Applications,Kenneth H. Rosen,3.89,1555,https://i.gr-assets.com/images/S/compressed.photo.goodreads.com/books/1387738050i/1800803._SX50_.jpg,https://www.goodreads.com/book/show/1800803.Discrete_Mathematics_and_its_Applications,goodreads_scraped,"Mathematics, Computer science, Computer science, mathematics, Informatique, Logique symbolique et mathématique",720,
Purely Functional Data Structures,Purely Functional Data Structures (Volume 0),Chris Okasaki,4.15,674,https://i.gr-assets.com/images/S/compressed.photo.goodreads.com/books/1388210737i/594288._SY75_.jpg,https://www.goodreads.com/book/show/594288.Purely_Functional_Data_Structures,goodreads_scraped,"Functional programming languages, Data structures (Computer science), Langages de programmation fonctionnels, Structures de données (Informatique), Functional programming (computer science)",220,
The Sciences of the Artificial,The Sciences of the Artificial,Herbert A. Simon,4.29,676,https://i.gr-assets.com/images/S/compressed.photo.goodreads.com/books/1347640238i/676046._SX50_.jpg,https://www.goodreads.com/book/show/676046.The_Sciences_of_the_Artificial,goodreads_scraped,,,
Computer Organization & Design: The Hardware/Software Interface,Computer Organization & Design: The Hardware/Software Interface,David A. Patterson,3.98,1713,https://i.gr-assets.com/images/S/compressed.photo.goodreads.com/books/1386925474i/83895._SX50_.jpg,https://www.goodreads.com/book/show/83895.Computer_Organization_Design,goodreads_scraped,"Computer organization, Computer interfaces, Computer engineering, Computers, Design and construction",909,
"Slack: Getting Past Burnout, Busywork, and the Myth of Total Efficiency","Slack: Getting Past Burnout, Busywork, and the Myth of Total Efficiency",Tom DeMarco,4.02,1644,https://i.gr-assets.com/images/S/compressed.photo.goodreads.com/books/1320419657i/123715._SY75_.jpg,https://www.goodreads.com/book/show/123715.Slack,goodreads_scraped,"Industrial management, Job stress, Risk management",256,
Lambda-Calculus and Combinators: An Introduction,Lambda-Calculus and Combinators: An Introduction,J. Roger Hindley,3.83,23,https://i.gr-assets.com/images/S/compressed.photo.goodreads.com/books/1348931890i/4189051._SY75_.jpg,https://www.goodreads.com/book/show/4189051-lambda-calculus-and-combinators,goodreads_scraped,"Combinatory logic, Lambda calculus, Calculus, Logic",358,
"Lambda-calculus, Combinators and Functional Programming","Lambda-calculus, Combinators and Functional Programming (Cambridge Tracts in Theoretical Computer Science, Series Number 4) (Volume 0)",György E. Révész,3.0,6,https://i.gr-assets.com/images/S/compressed.photo.goodreads.com/books/1348156988i/6978477._SX50_.jpg,https://www.goodreads.com/book/show/6978477-lambda-calculus-combinators-and-functional-programming-cambridge-tract,goodreads_scraped,"Combinatory logic, Functional programming languages, Lambda calculus, Computer programming",181,
Design And Validation Of Computer Protocols,Design And Validation Of Computer Protocols,Gerard J. Holzmann,3.81,16,https://i.gr-assets.com/images/S/compressed.photo.goodreads.com/books/1348992656i/1877524._SX50_.jpg,https://www.goodreads.com/book/show/1877524.Design_And_Validation_Of_Computer_Protocols,goodreads_scraped,"Computer network protocols, Computer networks, Design, Computer engineering, Protocoles de réseaux d'ordinateurs",500,How to design communication protocols using the Promela language and check them with the Spin model checker.
High Performance Browser Networking,High Performance Browser Networking,Ilya Grigorik,4.5,859,https://i.gr-assets.com/images/S/compressed.photo.goodreads.com/books/1369754654i/17985198._SX50_.jpg,https://www.goodreads.com/book/show/17985198-high-performance-browser-networking,goodreads_scraped,"Computer networks, Application software, Development, Computer network protocols",400,
File Structures: An Object-Oriented Approach with C++,File Structures: An Object-Oriented Approach with C++,Michael J. Folk,3.88,105,https://i.gr-assets.com/images/S/compressed.photo.goodreads.com/books/1387712530i/614858._SY75_.jpg,https://www.goodreads.com/book/show/614858.File_Structures,goodreads_scraped,"File organization (Computer science), C++ (Computer program language), Fichiers (Informatique), Organisation, Ciencia Da Computacao Ou Informatica",724,
Journey through Genius: The Great Theorems of Mathematics,Journey through Genius: The Great Theorems of Mathematics,William Dunham,4.22,2986,https://i.gr-assets.com/images/S/compressed.photo.goodreads.com/books/1348678123i/116185._SY75_.jpg,https://www.goodreads.com/book/show/116185.Journey_through_Genius,goodreads_scraped,"Mathematicians, Mathematics, Biography, History, Mathematicians, biography",320,"Mathematics is a science of rare mystery, created by great mathematicians who can at times seem like master magicians. This book opens up the world of mathematics to a wide and diverse audience of history, science, math, and general interest readers."
IBM and the Holocaust,IBM and the Holocaust,Edwin Black,4.04,1908,https://i.gr-assets.com/images/S/compressed.photo.goodreads.com/books/1170356670i/48838._SY75_.jpg,https://www.goodreads.com/book/show/48838.IBM_and_the_Holocaust,goodreads_scraped,"International Business Machines Corporation, Statistical services, Jews, Data processing, Holocaust, Jewish (1939-1945)",560,"IBM and the Holocaust is the stunning story of IBM's strategic alliance with Nazi Germany -- beginning in 1933 in the first weeks that Hitler came to power and continuing throughout World War II. As the Third Reich embarked upon its plan of conquest and genocide, IBM and its subsidiaries helped create enabling technologies, step-by-step, from the identification and cataloging programs of the 1930s to the selections of the 1940s.
Only after Jews were identified -- a massive and complex task that Hitler wanted done immediately -- could they be targeted for efficient asset confiscation, ghettoization, deportation, enslaved labor, and, ultimately, annihilation. It was a cross-tabulation and organizational challenge so monumental, it called for a computer. Of course, in the 1930s no computer existed.

But IBM's Hollerith punch card technology did exist. Aided by the company's custom-designed and constantly updated Hollerith systems, Hitler was able to automate his persecution of the Jews. Historians have always been amazed at the speed and accuracy with which the Nazis were able to identify and locate European Jewry. Until now, the pieces of this puzzle have never been fully assembled. The fact is, IBM technology was used to organize nearly everything in Germany and then Nazi Europe, from the identification of the Jews in censuses, registrations, and ancestral tracing programs to the running of railroads and organizing of concentration camp slave labor.

IBM and its German subsidiary custom-designed complex solutions, one by one, anticipating the Reich's needs. They did not merely sell the machines and walk away. Instead, IBM leased these machines for high fees and became the sole source of the billions of punch cards Hitler needed.

IBM and the Holocaust takes you through the carefully crafted corporate collusion with the Third Reich, as well as the structured deniability of oral agreements, undated letters, and the Geneva intermediaries -- all undertaken as the newspapers blazed with accounts of persecution and destruction.

Just as compelling is the human drama of one of our century's greatest minds, IBM founder Thomas Watson, who cooperated with the Nazis for the sake of profit.

Only with IBM's technologic assistance was Hitler able to achieve the staggering numbers of the Holocaust. Edwin Black has now uncovered one of the last great mysteries of Germany's war against the Jews -- how did Hitler get the names?"
"Concepts, Techniques, and Models of Computer Programming","Concepts, Techniques, and Models of Computer Programming",Peter Van Roy,4.11,245,https://i.gr-assets.com/images/S/compressed.photo.goodreads.com/books/1347393759i/772585._SX50_.jpg,https://www.goodreads.com/book/show/772585.Concepts_Techniques_and_Models_of_Computer_Programming,goodreads_scraped,Computer programming,936,
A History of π,A History of π,Petr Beckmann,3.94,2875,https://i.gr-assets.com/images/S/compressed.photo.goodreads.com/books/1388281130i/586616._SY75_.jpg,https://www.goodreads.com/book/show/586616.A_History_of_,goodreads_scraped,"Pi, Pi (Zahl), Geschichte",200,"The history of pi, says the author, though a small part of the history of mathematics, is nevertheless a mirror of the history of man. Petr Beckmann holds up this mirror, giving the background of the times when pi made progress and also when it did not, because science was being stifled by militarism or religious fanaticism. The mathematical level of this book is flexible, and there is plenty for readers of all ages and interests."
"Python Handbook For Beginners. A Hands-On Crash Course For Kids, Newbies And Everybody Else","Python Handbook For Beginners. A Hands-On Crash Course For Kids, Newbies And Everybody Else",Roman Gurbanov,4.27,11,https://i.gr-assets.com/images/S/compressed.photo.goodreads.com/books/1621006316i/58041738._SY75_.jpg,https://www.goodreads.com/book/show/58041738-python-handbook-for-beginners-a-hands-on-crash-course-for-kids-newbies,goodreads_scraped,,,
Clean Architecture,Clean Architecture,Robert C. Martin,4.21,7211,https://i.gr-assets.com/images/S/compressed.photo.goodreads.com/books/1471680093i/18043011._SX50_.jpg,https://www.goodreads.com/book/show/18043011-clean-architecture,goodreads_scraped,"Development, Software architecture, Computer software, Computer programming, History",432,
JavaScript Patterns: Build Better Applications with Coding and Design Patterns,JavaScript Patterns: Build Better Applications with Coding and Design Patterns,Stoyan Stefanov,4.17,1629,https://i.gr-assets.com/images/S/compressed.photo.goodreads.com/books/1344668503i/9422683._SX50_.jpg,https://www.goodreads.com/book/show/9422683-javascript-patterns,goodreads_scraped,"Web site development, Software patterns, JavaScript (Computer program language), Javascript, General",240,
The Art of Electronics,The Art of Electronics,Paul Horowitz,4.41,1626,https://i.gr-assets.com/images/S/compressed.photo.goodreads.com/books/1347448765i/569775._SX50_.jpg,https://www.goodreads.com/book/show/569775.The_Art_of_Electronics,goodreads_scraped,"Electronic circuit design, Electronics, Elektronica, Electronique, Circuit électronique",1125,"This is the thoroughly revised and updated second edition of the hugely successful The Art of Electronics. Widely accepted as the authoritative text and reference on electronic circuit design, both analog and digital, this book revolutionized the teaching of electronics by emphasizing the methods actually used by circuit designers -- a combination of some basic laws, rules of thumb, and a large bag of tricks. The result is a largely nonmathematical treatment that encourages circuit intuition, brainstorming, and simplified calculations of circuit values and performance. The new Art of Electronics retains the feeling of informality and easy access that helped make the first edition so successful and popular. It is an ideal first textbook on electronics for scientists and engineers and an indispensable reference for anyone, professional or amateur, who works with electronic circuits."
Learn Linux Quickly: A Friendly Guide to Easily Master the World's Most Powerful Operating System.,Learn Linux Quickly: A Friendly Guide to Easily Master the World's Most Powerful Operating System.,Ahmed Alkabary,4.17,24,https://i.gr-assets.com/images/S/compressed.photo.goodreads.com/books/1590572763i/53493868._SX50_.jpg,https://www.goodreads.com/book/show/53493868-learn-linux-quickly,goodreads_scraped,,309,
"HTML and CSS QuickStart Guide: The Simplified Beginners Guide to Developing a Strong Coding Foundation, Building Responsive Websites, and Mastering ...","HTML and CSS QuickStart Guide: The Simplified Beginners Guide to Developing a Strong Coding Foundation, Building Responsive Websites, and Mastering ...",David Durocher,4.22,9,https://i.gr-assets.com/images/S/compressed.photo.goodreads.com/books/1612629382i/56971310._SX50_.jpg,https://www.goodreads.com/book/show/56971310-html-and-css-quickstart-guide,goodreads_scraped,Computers,361,
Elixir in Action,Elixir in Action,Saša Jurić,4.57,392,https://i.gr-assets.com/images/S/compressed.photo.goodreads.com/books/1519435676i/38732242._SX50_.jpg,https://www.goodreads.com/book/show/38732242-elixir-in-action,goodreads_scraped,"Elixir (Computer program language), Programming languages (Electronic computers), Parallel programming (computer science)",351,
Programming Elixir: Functional |> Concurrent |> Pragmatic |> Fun,Programming Elixir: Functional |> Concurrent |> Pragmatic |> Fun,Dave         Thomas,4.28,738,https://i.gr-assets.com/images/S/compressed.photo.goodreads.com/books/1369310461i/17971957._SX50_.jpg,https://www.goodreads.com/book/show/17971957-programming-elixir,goodreads_scraped,"Funktionale Programmierung, Funktionale Programmiersprache, Functional programming languages",280,
Learn Functional Programming with Elixir: New Foundations for a New World,Learn Functional Programming with Elixir: New Foundations for a New World,Ulisses Almeida,4.14,90,https://i.gr-assets.com/images/S/compressed.photo.goodreads.com/books/1490827720i/34637919._SX50_.jpg,https://www.goodreads.com/book/show/34637919-learn-functional-programming-with-elixir,goodreads_scraped,"Programming languages (electronic computers), Object-oriented programming (computer science)",181,An introduction to functional programming via the Elixir programming language.
Programming Ecto: Build Database Apps in Elixir for Scalability and Performance,Programming Ecto: Build Database Apps in Elixir for Scalability and Performance,Darin Wilson,4.23,99,https://i.gr-assets.com/images/S/compressed.photo.goodreads.com/books/1561421750l/50056541._SX50_SY75_.jpg,https://www.goodreads.com/book/show/50056541-programming-ecto,goodreads_scraped,Programming languages (electronic computers),244,
Thinking in Promises: Designing Systems for Cooperation,Thinking in Promises: Designing Systems for Cooperation,Mark  Burgess,3.76,55,https://i.gr-assets.com/images/S/compressed.photo.goodreads.com/books/1554299109i/24216682._SX50_.jpg,https://www.goodreads.com/book/show/24216682-thinking-in-promises,goodreads_scraped,,,
Windows Powershell in Action,Windows Powershell in Action,Bruce Payette,4.18,187,https://i.gr-assets.com/images/S/compressed.photo.goodreads.com/books/1347679107i/11467371._SX50_.jpg,https://www.goodreads.com/book/show/11467371-windows-powershell-in-action,goodreads_scraped,"Windows PowerShell (Computer program language), Systems programming (Computer science), Microsoft windows (computer program)",576,
"Functional Web Development with Elixir, OTP, and Phoenix: Rethink the Modern Web App","Functional Web Development with Elixir, OTP, and Phoenix: Rethink the Modern Web App",Lance Halvorsen,4.17,81,https://i.gr-assets.com/images/S/compressed.photo.goodreads.com/books/1519374610i/38726929._SX50_.jpg,https://www.goodreads.com/book/show/38726929-functional-web-development-with-elixir-otp-and-phoenix,goodreads_scraped,"Web site development, Elixir (Computer program language), Programming, Web applications, Programming languages (electronic computers)",220,
Programming Elixir ≥ 1.6: Functional |> Concurrent |> Pragmatic |> Fun,Programming Elixir ≥ 1.6: Functional |> Concurrent |> Pragmatic |> Fun,Dave         Thomas,4.28,738,https://i.gr-assets.com/images/S/compressed.photo.goodreads.com/books/1529573913i/40224740._SX50_.jpg,https://www.goodreads.com/book/show/40224740-programming-elixir-1-6,goodreads_scraped,"Functional programming (computer science), Programming languages (electronic computers)",398,
Network Programming with Go: Code Secure and Reliable Network Services from Scratch,Network Programming with Go: Code Secure and Reliable Network Services from Scratch,Adam Woodbeck,4.1,51,https://i.gr-assets.com/images/S/compressed.photo.goodreads.com/books/1600094082i/52555535._SX50_.jpg,https://www.goodreads.com/book/show/52555535-network-programming-with-go,goodreads_scraped,,,
Web Security for Developers,Web Security for Developers,Malcolm McDonald,4.02,122,https://i.gr-assets.com/images/S/compressed.photo.goodreads.com/books/1587494258i/52522835._SX50_.jpg,https://www.goodreads.com/book/show/52522835-web-security-for-developers,goodreads_scraped,,,
Python Beyond the Basics,Python Beyond the Basics,Al Sweigart,4.27,242,https://i.gr-assets.com/images/S/compressed.photo.goodreads.com/books/1658467493i/53060254._SX50_.jpg,https://www.goodreads.com/book/show/53060254-python-beyond-the-basics,goodreads_scraped,Mathematics,448,
Effective C: An Introduction to Professional C Programming,Effective C: An Introduction to Professional C Programming,Robert C. Seacord,3.88,145,https://i.gr-assets.com/images/S/compressed.photo.goodreads.com/books/1591127009i/53778295._SX50_.jpg,https://www.goodreads.com/book/show/53778295-effective-c,goodreads_scraped,"programming language, computer",272,
Thinking in Bets: Making Smarter Decisions When You Don't Have All the Facts,Thinking in Bets: Making Smarter Decisions When You Don't Have All the Facts,Annie Duke,3.82,24470,https://i.gr-assets.com/images/S/compressed.photo.goodreads.com/books/1513351600i/35957157._SY75_.jpg,https://www.goodreads.com/book/show/35957157-thinking-in-bets,goodreads_scraped,"Management games, Decision making, Jeux d'entreprise, Prise de décision, BUSINESS & ECONOMICS",276,"""Poker champion turned business consultant Annie Duke teaches you how to get comfortable with uncertainty and make better decisions as a result. In Super Bowl XLIX, Seahawks coach Pete Carroll made one of the most controversial calls in football history: With 26 seconds remaining, and trailing by four at the Patriots' one-yard line, he called for a pass instead of a hand off to his star running back. The pass was intercepted and the Seahawks lost. Critics called it the dumbest play in history. But was the call really that bad? Or did Carroll actually make a great move that was ruined by bad luck? Even the best decision doesn't yield the best outcome every time. There's always an element of luck that you can't control, and there is always information that is hidden from view. So the key to long-term success (and avoiding worrying yourself to death) is to think in bets: How sure am I? What are the possible ways things could turn out? What decision has the highest odds of success? Did I land in the unlucky 10% on the strategy that works 90% of the time? Or is my success attributable to dumb luck rather than great decision making? Annie Duke, a former World Series of Poker champion turned business consultant, draws on examples from business, sports, politics, and (of course) poker to share tools anyone can use to embrace uncertainty and make better decisions. For most people, it's difficult to say ""I'm not sure"" in a world that values and, even, rewards the appearance of certainty. But professional poker players are comfortable with the fact that great decisions don't always lead to great outcomes and bad decisions don't always lead to bad outcomes. By shifting your thinking from a need for certainty to a goal of accurately assessing what you know and what you don't, you'll be less vulnerable to reactive emotions, knee-jerk biases, and destructive habits in your decision making. You'll become more confident, calm, compassionate and successful in the long run""--"
Clean Agile: Back to Basics,Clean Agile: Back to Basics,Robert C. Martin,4.24,1582,https://i.gr-assets.com/images/S/compressed.photo.goodreads.com/books/1568477691i/45280021._SX50_.jpg,https://www.goodreads.com/book/show/45280021-clean-agile,goodreads_scraped,,240,
Programming Ecto,Programming Ecto,Darin Wilson,4.23,99,https://i.gr-assets.com/images/S/compressed.photo.goodreads.com/books/1529434502i/40582814._SX50_.jpg,https://www.goodreads.com/book/show/40582814-programming-ecto,goodreads_scraped,Programming languages (electronic computers),244,
"Webbots, Spiders, and Screen Scrapers","Webbots, Spiders, and Screen Scrapers",Michael Schrenk,3.77,13,https://i.gr-assets.com/images/S/compressed.photo.goodreads.com/books/1394248167i/8346847._SX50_.jpg,https://www.goodreads.com/book/show/8346847-webbots-spiders-and-screen-scrapers,goodreads_scraped,"Intelligent agents (Computer software), Internet programming, Internet searching, Web search engines, Intelligent agents (computer software)",317,
"Linux Basics for Hackers: Getting Started with Networking, Scripting, and Security in Kali","Linux Basics for Hackers: Getting Started with Networking, Scripting, and Security in Kali",OccupyTheWeb,4.12,602,https://i.gr-assets.com/images/S/compressed.photo.goodreads.com/books/1515306341i/37845940._SX50_.jpg,https://www.goodreads.com/book/show/37845940-linux-basics-for-hackers,goodreads_scraped,"Computer security, Operating systems (computers), Penetration testing (Computer security), Hackers, Kali Linux",248,"""Builds a foundation of Linux skills; this guide also addresses MySQL, postgresql, and Python scripting. Provides access to numerous real-world examples and hands-on exercises""--"
"Designing for Scalability with Erlang/OTP: Implement Robust, Fault-Tolerant Systems","Designing for Scalability with Erlang/OTP: Implement Robust, Fault-Tolerant Systems",Francesco Cesarini,4.45,82,https://i.gr-assets.com/images/S/compressed.photo.goodreads.com/books/1394994681i/18324312._SX50_.jpg,https://www.goodreads.com/book/show/18324312-designing-for-scalability-with-erlang-otp,goodreads_scraped,,,
"Applied Network Security Monitoring: Collection, Detection, and Analysis","Applied Network Security Monitoring: Collection, Detection, and Analysis",Chris Sanders,4.18,65,https://i.gr-assets.com/images/S/compressed.photo.goodreads.com/books/1378102260i/18349711._SX50_.jpg,https://www.goodreads.com/book/show/18349711-applied-network-security-monitoring,goodreads_scraped,"Computer networks, security measures",0,
"The Art of Memory Forensics: Detecting Malware and Threats in Windows, Linux, and Mac Memory","The Art of Memory Forensics: Detecting Malware and Threats in Windows, Linux, and Mac Memory",Michael Hale Ligh,4.34,123,https://i.gr-assets.com/images/S/compressed.photo.goodreads.com/books/1403536721i/19525138._SX50_.jpg,https://www.goodreads.com/book/show/19525138-the-art-of-memory-forensics,goodreads_scraped,"Forensic sciences, Computer crimes, Crime prevention, Computer security, Délits informatiques",886,
"Attacking Network Protocols: A Hacker's Guide to Capture, Analysis, and Exploitation","Attacking Network Protocols: A Hacker's Guide to Capture, Analysis, and Exploitation",James Forshaw,3.91,132,https://i.gr-assets.com/images/S/compressed.photo.goodreads.com/books/1505179609i/36225016._SX50_.jpg,https://www.goodreads.com/book/show/36225016-attacking-network-protocols,goodreads_scraped,"Computer network protocols, Computer networks, Security measures, Computer networks, security measures",336,
A Common-Sense Guide to Data Structures and Algorithms: Level Up Your Core Programming Skills,A Common-Sense Guide to Data Structures and Algorithms: Level Up Your Core Programming Skills,Jay Wengrow,4.39,608,https://i.gr-assets.com/images/S/compressed.photo.goodreads.com/books/1490789883i/34695800._SX50_.jpg,https://www.goodreads.com/book/show/34695800-a-common-sense-guide-to-data-structures-and-algorithms,goodreads_scraped,"Data structures (computer science), Computer algorithms, COMPUTERS, Data Modeling & Design",222,
Patterns Principles and Practices of Domain Driven Design,Patterns Principles and Practices of Domain Driven Design,Scott Millett,4.37,390,https://i.gr-assets.com/images/S/compressed.photo.goodreads.com/books/1436536731i/25531393._SX50_.jpg,https://www.goodreads.com/book/show/25531393-patterns-principles-and-practices-of-domain-driven-design,goodreads_scraped,"Computer software, development",800,
Developer Hegemony: The Future of Labor,Developer Hegemony: The Future of Labor,Erik Dietrich,4.03,474,https://i.gr-assets.com/images/S/compressed.photo.goodreads.com/books/1493740696i/35051753._SY75_.jpg,https://www.goodreads.com/book/show/35051753-developer-hegemony,goodreads_scraped,,476,
"Systems Thinking, Systems Practice","Systems Thinking, Systems Practice",Peter Checkland,4.13,113,https://i.gr-assets.com/images/S/compressed.photo.goodreads.com/books/1182120537i/1234198._SX50_.jpg,https://www.goodreads.com/book/show/1234198.Systems_Thinking_Systems_Practice,goodreads_scraped,"System theory, System analysis",416,
Effective Ruby: 48 Specific Ways to Write Better Ruby,Effective Ruby: 48 Specific Ways to Write Better Ruby,Peter J. Jones,4.38,69,https://i.gr-assets.com/images/S/compressed.photo.goodreads.com/books/1416775732i/22251128._SX50_.jpg,https://www.goodreads.com/book/show/22251128-effective-ruby,goodreads_scraped,"Ruby (Computer program language), Object-oriented programming (Computer science)",211,"If you're an experienced Ruby programmer, Effective Ruby will help you harness Ruby's full power to write more robust, efficient, maintainable, and well-performing code. Drawing on nearly a decade of Ruby experience, Peter J. Jones brings together 48 Ruby best practices, expert tips, and shortcuts -- all supported by realistic code examples. Jones offers practical advice for each major area of Ruby development, from modules to memory to metaprogramming. Throughout, he uncovers little-known idioms, quirks, pitfalls, and intricacies that powerfully impact code behavior and performance. Each item contains specific, actionable, clearly organized guidelines; careful advice; detailed technical arguments; and illuminating code examples. When multiple options exist, Jones shows you how to choose the one that will work best in your situation. Effective Ruby will help you systematically improve your code -- not by blindly following rules, but by thoroughly understanding Ruby programming techniques. Key features of this concise guide include: How to avoid pitfalls associated with Ruby's sometimes surprising idiosyncrasies; What you should know about inheritance hierarchies to successfully use Rails (and other large frameworks); How to use misunderstood methods to do amazingly useful things with collections; Better ways to use exceptions to improve code reliability; Powerful metaprogramming approaches (and techniques to avoid); Practical, efficient testing solutions, including MiniTest Unit and Spec Testing;  How to reliably manage RubyGem dependencies; How to make the most of Ruby's memory management and profiling tools; How to improve code efficiency by understanding the Ruby interpreter's internals. - Publisher."
How To Create Your Own Freaking Awesome Programming Language,How To Create Your Own Freaking Awesome Programming Language,Marc-André Cournoyer,3.88,26,https://i.gr-assets.com/images/S/compressed.photo.goodreads.com/books/1288822141i/9640000._SX50_.jpg,https://www.goodreads.com/book/show/9640000-how-to-create-your-own-freaking-awesome-programming-language,goodreads_scraped,,,
"The Phoenix Project: A Novel About IT, DevOps, and Helping Your Business Win","The Phoenix Project: A Novel About IT, DevOps, and Helping Your Business Win",Gene Kim,4.25,50836,https://i.gr-assets.com/images/S/compressed.photo.goodreads.com/books/1361113128i/17255186._SX50_.jpg,https://www.goodreads.com/book/show/17255186-the-phoenix-project,goodreads_scraped,"IT, DevOps, Project Management, Information Technology, Planning",345,"The Phoenix Project: A Novel About IT, DevOps, and Helping Your Business Win is the third book by Gene Kim. The business novel tells the story of an IT manager who has ninety days to rescue an over-budget and late IT initiative, code-named The Phoenix Project."
How Linux Works: What Every Superuser Should Know,How Linux Works: What Every Superuser Should Know,Brian  Ward,4.18,1257,https://i.gr-assets.com/images/S/compressed.photo.goodreads.com/books/1328753430i/514432._SX50_.jpg,https://www.goodreads.com/book/show/514432.How_Linux_Works,goodreads_scraped,"Operating systems (Computers), Linux, Linux (computer operating system), Technology, Computers",390,"Unlike some operating systems, Linux doesn’t try to hide the important bits from you—it gives you full control of your computer. But to truly master Linux, you need to understand its internals, like how the system boots, how networking works, and what the kernel actually does.

In this completely revised second edition of the perennial best seller How Linux Works, author Brian Ward makes the concepts behind Linux internals accessible to anyone curious about the inner workings of the operating system. Inside, you’ll find the kind of knowledge that normally comes from years of experience doing things the hard way. You’ll learn:
–How Linux boots, from boot loaders to init implementations (systemd, Upstart, and System V)
–How the kernel manages devices, device drivers, and processes
–How networking, interfaces, firewalls, and servers work
–How development tools work and relate to shared libraries
–How to write effective shell scripts

You’ll also explore the kernel and examine key system tasks inside user space, including system calls, input and output, and filesystems. With its combination of background, theory, real-world examples, and patient explanations, How Linux Works will teach you what you need to know to solve pesky problems and take control of your operating system."
99 Bottles of OOP,99 Bottles of OOP,Sandi Metz,4.55,672,https://i.gr-assets.com/images/S/compressed.photo.goodreads.com/books/1477514056i/31183020._SX50_.jpg,https://www.goodreads.com/book/show/31183020-99-bottles-of-oop,goodreads_scraped,"Computer Programming, Object-oriented programming (Computer science)",225,
The Shellcoder's Handbook: Discovering and Exploiting Security Holes,The Shellcoder's Handbook: Discovering and Exploiting Security Holes,Jack Koziol,4.15,335,https://i.gr-assets.com/images/S/compressed.photo.goodreads.com/books/1347287784i/1174511._SX50_.jpg,https://www.goodreads.com/book/show/1174511.The_Shellcoder_s_Handbook,goodreads_scraped,"Computer security, Data protection, Risk assessment, Network security, Computers - Computer Security",698,
"Object Design: Roles, Responsibilities, and Collaborations","Object Design: Roles, Responsibilities, and Collaborations",Rebecca Wirfs-Brock,3.73,107,https://i.gr-assets.com/images/S/compressed.photo.goodreads.com/books/1372040740i/179204._SX50_.jpg,https://www.goodreads.com/book/show/179204.Object_Design,goodreads_scraped,"Object-oriented methods (Computer science), Design",403,
Python for Data Analysis,Python for Data Analysis,Wes McKinney,4.17,2470,https://i.gr-assets.com/images/S/compressed.photo.goodreads.com/books/1356132971i/14744694._SX50_.jpg,https://www.goodreads.com/book/show/14744694-python-for-data-analysis,goodreads_scraped,"Programming languages (Electronic computers), Python (Computer program language), Data mining, Python (Langage de programmation), Exploration de données (Informatique)",508,Serves as an introduction to Python for data-intensive applications.
The Web Application Hacker's Handbook: Finding and Exploiting Security Flaws,The Web Application Hacker's Handbook: Finding and Exploiting Security Flaws,Dafydd Stuttard,4.23,1232,https://i.gr-assets.com/images/S/compressed.photo.goodreads.com/books/1387751834i/13087608._SX50_.jpg,https://www.goodreads.com/book/show/13087608-the-web-application-hacker-s-handbook,goodreads_scraped,"Computer Technology, Nonfiction, Security measures, Computer security, Internet",840,"This book is a practical guide to discovering and exploiting security flaws in web applications. The authors explain each category of vulnerability using real-world examples, screen shots and code extracts. The book is extremely practical in focus, and describes in detail the steps involved in detecting and exploiting each kind of security weakness found within a variety of applications such as online banking, e-commerce and other web applications.   The topics covered include bypassing login mechanisms, injecting code, exploiting logic flaws and compromising other users. Because every web application is different, attacking them entails bringing to bear various general principles, techniques and experience in an imaginative way. The most successful hackers go beyond this, and find ways to automate their bespoke attacks. This handbook describes a proven methodology that combines the virtues of human intelligence and computerized brute force, often with devastating results.   The authors are professional penetration testers who have been involved in web application security for nearly a decade. They have presented training courses at the Black Hat security conferences throughout the world. Under the alias ""PortSwigger"", Dafydd developed the popular Burp Suite of web application hack tools."
Erlang and OTP in Action,Erlang and OTP in Action,Martin Logan,4.27,128,https://i.gr-assets.com/images/S/compressed.photo.goodreads.com/books/1348920801i/7438968._SX50_.jpg,https://www.goodreads.com/book/show/7438968-erlang-and-otp-in-action,goodreads_scraped,"ERLANG (Computer program language), Programming languages (electronic computers)",432,"Erlang is an adaptable and fault tolerant functional programming language originally designed for the unique demands of the telecom industry. With Erlang/OTP's interpreter, compiler, database server, and libraries, developers are finding they can satisfy tough uptime and performance requirements in all kinds of other industries.

Erlang and OTP in Action teaches you the concepts of concurrent programming and the use of Erlang's message-passing model. It walks you through progressively more interesting examples, building systems in Erlang and integrating them with C/C++, Java, and .NET applications, including SOA and web architectures. This book is written for readers new to Erlang and interested in creating practical applications."
Programming Erlang: Software for a Concurrent World,Programming Erlang: Software for a Concurrent World,Joe Armstrong,4.03,753,https://i.gr-assets.com/images/S/compressed.photo.goodreads.com/books/1348438320i/808814._SX50_.jpg,https://www.goodreads.com/book/show/808814.Programming_Erlang,goodreads_scraped,"ERLANG (Computer program language), Handbooks, manuals, Programming languages (Electronic computers), ERLANG (Langage de programmation), ERLANG (Computer language)",536,"A multi-user game, web site, cloud application, or networked database can have thousands of users all interacting at the same time. You need a powerful, industrial-strength tool to handle the really hard problems inherent in parallel, concurrent environments. You need Erlang. In this second edition of the bestselling Programming Erlang, you'll learn how to write parallel programs that scale effortlessly on multicore systems.

Using Erlang, you'll be surprised at how easy it becomes to deal with parallel problems, and how much faster and more efficiently your programs run. That's because Erlang uses sets of parallel processes-not a single sequential process, as found in most programming languages.

Joe Armstrong, creator of Erlang, introduces this powerful language in small steps, giving you a complete overview of Erlang and how to use it in common scenarios. You'll start with sequential programming, move to parallel programming and handling errors in parallel programs, and learn to work confidently with distributed programming and the standard Erlang/Open Telecom Platform (OTP) frameworks.

You need no previous knowledge of functional or parallel programming. The chapters are packed with hands-on, real-world tutorial examples and insider tips and advice, and finish with exercises for both beginning and advanced users.

The second edition has been extensively rewritten. New to this edition are seven chapters covering the latest Erlang features: maps, the type system and the Dialyzer, WebSockets, programming idioms, and a new stand-alone execution environment. You'll write programs that dynamically detect and correct errors, and that can be upgraded without stopping the system. There's also coverage of rebar (the de facto Erlang build system), and information on how to share and use Erlang projects on github, illustrated with examples from cowboy and bitcask.

Erlang will change your view of the world, and of how you program."
Learn you some Erlang for great good!,Learn you some Erlang for great good!,Fred Hebert,4.49,353,https://i.gr-assets.com/images/S/compressed.photo.goodreads.com/books/1367322047i/6718693._SX50_.jpg,https://www.goodreads.com/book/show/6718693-learn-you-some-erlang-for-great-good,goodreads_scraped,"ERLANG (Computer program language), Programming languages (electronic computers)",0,
Algorithms to Live By: The Computer Science of Human Decisions,Algorithms to Live By: The Computer Science of Human Decisions,Brian  Christian,4.12,35664,https://i.gr-assets.com/images/S/compressed.photo.goodreads.com/books/1454296875i/25666050._SY75_.jpg,https://www.goodreads.com/book/show/25666050-algorithms-to-live-by,goodreads_scraped,"Human behavior, Problem solving, Mathematics, Computer simulation, Mathematical models",359,"Algorithms to Live By looks at the simple, precise algorithms that computers use to solve the complex 'human' problems that we face, and discovers what they can tell us about the nature and origin of the mind.

An audiobook version can be found at [here][1]


  [1]: https://archive.org/details/AlgorithmstoLiveBy"
Working with UNIX Processes,Working with UNIX Processes,Jesse Storimer,4.09,194,https://i.gr-assets.com/images/S/compressed.photo.goodreads.com/books/1345199574i/13366727._SX50_.jpg,https://www.goodreads.com/book/show/13366727-working-with-unix-processes,goodreads_scraped,,,
Confident Ruby,Confident Ruby,Avdi Grimm,4.41,373,https://i.gr-assets.com/images/S/compressed.photo.goodreads.com/books/1398328834i/15847933._SX50_.jpg,https://www.goodreads.com/book/show/15847933-confident-ruby,goodreads_scraped,,,
Exceptional Ruby: Master the Art of Handling Failure in Ruby,Exceptional Ruby: Master the Art of Handling Failure in Ruby,Avdi Grimm,4.0,217,https://i.gr-assets.com/images/S/compressed.photo.goodreads.com/books/1309989829i/11799211._SX50_.jpg,https://www.goodreads.com/book/show/11799211-exceptional-ruby,goodreads_scraped,,,
Smalltalk Best Practice Patterns,Smalltalk Best Practice Patterns,Kent Beck,4.17,283,https://i.gr-assets.com/images/S/compressed.photo.goodreads.com/books/1390275474i/781561._SX50_.jpg,https://www.goodreads.com/book/show/781561.Smalltalk_Best_Practice_Patterns,goodreads_scraped,"Smalltalk (Computer program language), Object-oriented programming (computer science)",224,
Class Construction in C and C++: Object-Oriented Programming Fundamentals,Class Construction in C and C++: Object-Oriented Programming Fundamentals,Roger Sessions,4.0,3,https://i.gr-assets.com/images/S/compressed.photo.goodreads.com/books/1311305980i/1508453._SX50_.jpg,https://www.goodreads.com/book/show/1508453.Class_Construction_in_C_and_C_,goodreads_scraped,"C++ (Computer program language), Programmation orientée objet (Informatique), C (Computer program language), C (Langage de programmation), C++ (Langage de programmation)",477,
The Tangled Web: A Guide to Securing Modern Web Applications,The Tangled Web: A Guide to Securing Modern Web Applications,Michal Zalewski,4.05,558,https://i.gr-assets.com/images/S/compressed.photo.goodreads.com/books/1344675366i/11553604._SX50_.jpg,https://www.goodreads.com/book/show/11553604-the-tangled-web,goodreads_scraped,"COMPUTERS / Networking / Security, COMPUTERS / Internet / Security, Computer networks, Browsers (Computer programs), COMPUTERS / Web / Browsers",299,"""'Thorough and comprehensive coverage from one of the foremost experts in browser security.'  --Tavis Ormandy, Google Inc. Modern web applications are built on a tangle of technologies that have been developed over time and then haphazardly pieced together. Every piece of the web application stack, from HTTP requests to browser-side scripts, comes with important yet subtle security consequences. To keep users safe, it is essential for developers to confidently navigate this landscape.In The Tangled Web, Michal Zalewski, one of the world's top browser security experts, offers a compelling narrative that explains exactly how browsers work and why they're fundamentally insecure. Rather than dispense simplistic advice on vulnerabilities, Zalewski examines the entire browser security model, revealing weak points and providing crucial information for shoring up web application security. You'll learn how to:   Perform common but surprisingly complex tasks such as URL parsing and HTML sanitization   Use modern security features like Strict Transport Security, CSP, and CORS   Leverage many variants of the same-origin policy to safely compartmentalize complex web applications and protect user credentials in case of XSS bugs   Build mashups and embed gadgets without getting stung by the tricky frame navigation policy   Embed or host user-supplied content without running into the trap of content sniffing   For quick reference, ""Security Engineering Cheat Sheets' at the end of each chapter offer ready solutions to problems you're most likely to encounter. With coverage extending as far as planned HTML5 features, The Tangled Web will help you create secure web applications to stand the test of time""--"
"Generative Programming: Methods, Tools, and Applications","Generative Programming: Methods, Tools, and Applications",Krysztof Czarnecki,4.06,33,https://i.gr-assets.com/images/S/compressed.photo.goodreads.com/books/1349069017i/1639030._SX50_.jpg,https://www.goodreads.com/book/show/1639030.Generative_Programming,goodreads_scraped,,,
"A Pattern Language: Towns, Buildings, Construction","A Pattern Language: Towns, Buildings, Construction (Center for Environmental Structure Series)",Christopher W. Alexander,4.42,5508,https://i.gr-assets.com/images/S/compressed.photo.goodreads.com/books/1437097809i/79766._SY75_.jpg,https://www.goodreads.com/book/show/79766.A_Pattern_Language,goodreads_scraped,,,
Patterns of Software: Tales from the Software Community,Patterns of Software: Tales from the Software Community,Richard P. Gabriel,3.78,148,https://i.gr-assets.com/images/S/compressed.photo.goodreads.com/books/1387734601i/685486._SY75_.jpg,https://www.goodreads.com/book/show/685486.Patterns_of_Software,goodreads_scraped,"Development, Computer software, Object-oriented programming (Computer science), Computer software, development, Computer programs",246,"In Patterns of Software, the respected software pioneer and computer scientist, Richard P. Gabriel, gives us an informative inside look at the world of software design and computer programming and the businesses that surround them. In this wide-ranging volume, Gabriel discusses such topics as what makes a successful programming language, how the rest of the world looks at and responds to the work of computer scientists, how he first became involved in computer programming and software development, what makes a successful software business, and why his own company, Lucid, failed in 1994, ten years after its inception. Perhaps the most interesting and enlightening section of the book is Gabriel's detailed look at what he believes are the lessons that can be learned from architect Christopher Alexander, whose books - including the seminal A Pattern Language - have had a profound influence on the computer programming community."
Seeing Like a State: How Certain Schemes to Improve the Human Condition Have Failed,Seeing Like a State: How Certain Schemes to Improve the Human Condition Have Failed,James C. Scott,4.21,7206,https://i.gr-assets.com/images/S/compressed.photo.goodreads.com/books/1563058549i/20186._SY75_.jpg,https://www.goodreads.com/book/show/20186.Seeing_Like_a_State,goodreads_scraped,"Central planning, Social engineering, Social aspects of Central planning, Social aspects, Authoritarianism",454,"Examines how (sometimes quasi-) authoritarian central planning fails to deliver the goods, be they increased resources for the state or a better life for the people."
Thinking In Systems: A Primer,Thinking In Systems: A Primer,Donella H. Meadows,4.18,23716,https://i.gr-assets.com/images/S/compressed.photo.goodreads.com/books/1390169859i/3828902._SY75_.jpg,https://www.goodreads.com/book/show/3828902-thinking-in-systems,goodreads_scraped,"critical thinking, systems thinking, systems dynamics, complex systems, policy",240,"A clear, thoughtful, and wide-reaching exploration of complex systems, in theory and in practice. Meadows was a masterful and elegant writer and researcher, and an early voice in systems analysis at MIT and elsewhere. This book, completed from draft manuscript after Meadows' death, is both accessible and deeply thought-provoking. She connects the dots between careful descriptions of systems analysis and systems insights, and the personal, social, societal, and political implications of systems thinking."
Systems Thinking: Managing Chaos and Complexity - A Platform for Designing Business Architecture,Systems Thinking: Managing Chaos and Complexity - A Platform for Designing Business Architecture,Jamshid Gharajedaghi,3.94,289,https://i.gr-assets.com/images/S/compressed.photo.goodreads.com/books/1390273052i/592861._SY75_.jpg,https://www.goodreads.com/book/show/592861.Systems_Thinking,goodreads_scraped,"System analysis, Chaotic behavior in systems, Industrial management, Technological complexity, Systems engineering",333,
Dealers of Lightning: Xerox PARC and the Dawn of the Computer Age,Dealers of Lightning: Xerox PARC and the Dawn of the Computer Age,Michael A. Hiltzik,4.13,2506,https://i.gr-assets.com/images/S/compressed.photo.goodreads.com/books/1349086333i/1101290._SX50_.jpg,https://www.goodreads.com/book/show/1101290.Dealers_of_Lightning,goodreads_scraped,"History, Research, Xerox Corporation. Palo Alto Research Center, Computer science, Xerox Corporation",448,"In the bestselling tradition of The Soul of a New Machine, Dealers of Lightning is a fascinating journey of intellectual creation. In the 1970s and '80s, Xerox Corporation brought together a brain-trust of engineering geniuses, a group of computer eccentrics dubbed PARC. This brilliant group created several monumental innovations that triggered a technological revolution, including the first personal computer, the laser printer, and the graphical interface (one of the main precursors of the Internet), only to see these breakthroughs rejected by the corporation. Yet, instead of giving up, these determined inventors turned their ideas into empires that radically altered contemporary life and changed the world.Based on extensive interviews with the scientists, engineers, administrators, and executives who lived the story, this riveting chronicle details PARC's humble beginnings through its triumph as a hothouse for ideas, and shows why Xerox was never able to grasp, and ultimately exploit, the cutting-edge innovations PARC delivered. Dealers of Lightning offers an unprecedented look at the ideas, the inventions, and the individuals that propelled Xerox PARC to the frontier of technohistory--and the corporate machinations that almost prevented it from achieving greatness."
The Leprechauns of Software Engineering,The Leprechauns of Software Engineering,Laurent Bossavit,3.78,180,https://i.gr-assets.com/images/S/compressed.photo.goodreads.com/books/1366627043i/15874425._SX50_.jpg,https://www.goodreads.com/book/show/15874425-the-leprechauns-of-software-engineering,goodreads_scraped,,196,
Software Tools,Software Tools,Brian W. Kernighan,4.35,111,https://i.gr-assets.com/images/S/compressed.photo.goodreads.com/books/1348572669i/515603._SX50_.jpg,https://www.goodreads.com/book/show/515603.Software_Tools,goodreads_scraped,"Programmation structurée, Programmation, FORTRAN, Sortieren, Makroprozessor",338,
Selected Papers on Computer Science,Selected Papers on Computer Science,Donald Ervin Knuth,3.86,78,https://i.gr-assets.com/images/S/compressed.photo.goodreads.com/books/1328839791i/112248._SX50_.jpg,https://www.goodreads.com/book/show/112248.Selected_Papers_on_Computer_Science,goodreads_scraped,,,
Practical Object Oriented Design in Ruby,Practical Object Oriented Design in Ruby,Sandi Metz,4.53,2827,https://i.gr-assets.com/images/S/compressed.photo.goodreads.com/books/1358916543i/13507787._SX50_.jpg,https://www.goodreads.com/book/show/13507787-practical-object-oriented-design-in-ruby,goodreads_scraped,"Ruby (Computer program language), Object-oriented programming (Computer science), Ruby on rails (Electronic resource)",247,
Extreme Programming Explained: Embrace Change,Extreme Programming Explained: Embrace Change (The XP Series),Kent Beck,4.13,4103,https://i.gr-assets.com/images/S/compressed.photo.goodreads.com/books/1386925310i/67833._SX50_.jpg,https://www.goodreads.com/book/show/67833.Extreme_Programming_Explained,goodreads_scraped,"Development, Extreme programming, Programmation extrême, Logiciels, Développement",207,"""Extreme Programming (XP) was conceived and developed to address the specific needs of software development conducted by small teams in the face of vague and changing requirements. This new lightweight methodology challenges many conventional tenets, including the long-held assumption that the cost of changing a piece of software necessarily rises dramatically over the course of time.

XP recognizes that projects have to work to achieve this reduction in cost and exploit the savings once they have been earned."" ""You may love XP or you may hate it, but Extreme Programming Explained will force you to take a fresh look at how you develop software.""--BOOK JACKET."
The Linux Programming Interface: A Linux and UNIX System Programming Handbook,The Linux Programming Interface: A Linux and UNIX System Programming Handbook,Michael Kerrisk,4.63,725,https://i.gr-assets.com/images/S/compressed.photo.goodreads.com/books/1391032547i/7672214._SX50_.jpg,https://www.goodreads.com/book/show/7672214-the-linux-programming-interface,goodreads_scraped,"Operating systems (Computers), UNIX (Computer file), Linux, Linux (computer operating system), Unix (computer operating system)",1506,
Learn You a Haskell for Great Good!,Learn You a Haskell for Great Good!,Miran Lipovača,4.3,2381,https://i.gr-assets.com/images/S/compressed.photo.goodreads.com/books/1294497489i/6593810._SX50_.jpg,https://www.goodreads.com/book/show/6593810-learn-you-a-haskell-for-great-good,goodreads_scraped,"Haskell (Computer program language), Programming languages (electronic computers)",400,
Network Flow Analysis,Network Flow Analysis,Michael Warren Lucas,3.96,28,https://i.gr-assets.com/images/S/compressed.photo.goodreads.com/books/1328753486i/6947986._SX50_.jpg,https://www.goodreads.com/book/show/6947986-network-flow-analysis,goodreads_scraped,,,
Network Attacks and Exploitation: A Framework,Network Attacks and Exploitation: A Framework,Matthew Monte,4.12,50,https://i.gr-assets.com/images/S/compressed.photo.goodreads.com/books/1417983351i/22775588._SX50_.jpg,https://www.goodreads.com/book/show/22775588-network-attacks-and-exploitation,goodreads_scraped,"Computer networks, security measures",216,
Literate Programming,Literate Programming (Lecture Notes) (Volume 27),Donald Ervin Knuth,3.92,119,https://i.gr-assets.com/images/S/compressed.photo.goodreads.com/books/1328862055i/112245._SY75_.jpg,https://www.goodreads.com/book/show/112245.Literate_Programming_Lecture_Notes_,goodreads_scraped,,,
"Design of Design, The: Essays from a Computer Scientist","Design of Design, The: Essays from a Computer Scientist",Frederick P. Brooks Jr.,3.77,618,https://i.gr-assets.com/images/S/compressed.photo.goodreads.com/books/1347816880i/7157080._SY75_.jpg,https://www.goodreads.com/book/show/7157080-design-of-design-the,goodreads_scraped,,,
Effective Oracle by Design,Effective Oracle by Design (Osborne ORACLE Press Series),Thomas Kyte,4.43,100,https://i.gr-assets.com/images/S/compressed.photo.goodreads.com/books/1386923849i/74956._SX50_.jpg,https://www.goodreads.com/book/show/74956.Effective_Oracle_by_Design,goodreads_scraped,"Database design, Oracle (Computer file), Relational databases, Oracle (computer system)",664,
"Agile Web Development with Rails, 1st Edition","Agile Web Development with Rails, 1st Edition",Dave         Thomas,3.86,2229,https://i.gr-assets.com/images/S/compressed.photo.goodreads.com/books/1705943357i/45._SX50_.jpg,https://www.goodreads.com/book/show/45.Agile_Web_Development_with_Rails_1st_Edition,goodreads_scraped,,,
Software Systems Architecture: Working with Stakeholders Using Viewpoints and Perspectives,Software Systems Architecture: Working with Stakeholders Using Viewpoints and Perspectives,Nick Rozanski,4.12,221,https://i.gr-assets.com/images/S/compressed.photo.goodreads.com/books/1386924910i/223932._SX50_.jpg,https://www.goodreads.com/book/show/223932.Software_Systems_Architecture,goodreads_scraped,"Computer software, Development, Computer architecture, Computer software, development, Software engineering",576,Annotation
Continuous delivery,Continuous delivery,Jez Humble,4.2,3315,https://i.gr-assets.com/images/S/compressed.photo.goodreads.com/books/1347640457i/8686650._SX50_.jpg,https://www.goodreads.com/book/show/8686650-continuous-delivery,goodreads_scraped,"Development, Reliability, Testing, Computer software, Computer software, development",498,
Fundamentals of database systems,Fundamentals of database systems,Ramez Elmasri,3.81,966,https://i.gr-assets.com/images/S/compressed.photo.goodreads.com/books/1380163671i/3653475._SX50_.jpg,https://www.goodreads.com/book/show/3653475-fundamentals-of-database-systems,goodreads_scraped,"Database management, Database design, Data base management, Data base design, open_syllabus_project",1030,"""This book introduces the fundamental concepts necessary for designing, using, and implementing database systems and database applications. Our presentation stresses the fundamentals of database modeling and design, the languages and models provided by the database management systems, and database system implementation techniques""--Page vii."
Visual Basic.Net Black Book,Visual Basic.Net Black Book,Steven Holzner,3.73,30,https://i.gr-assets.com/images/S/compressed.photo.goodreads.com/books/1328690475i/2085103._SX50_.jpg,https://www.goodreads.com/book/show/2085103.Visual_Basic_Net_Black_Book,goodreads_scraped,"BASIC (Computer program language), Visual Basic",1184,
Code Reviews 101,Code Reviews 101,Giuliana Carullo,3.82,11,https://i.gr-assets.com/images/S/compressed.photo.goodreads.com/books/1526811104i/40180576._SX50_.jpg,https://www.goodreads.com/book/show/40180576-code-reviews-101,goodreads_scraped,,,
Getting Value out of Agile Retrospectives - A Toolbox of Retrospective Exercises,Getting Value out of Agile Retrospectives - A Toolbox of Retrospective Exercises,Luis Gonçalves,3.81,167,https://i.gr-assets.com/images/S/compressed.photo.goodreads.com/books/1388818507i/20358837._SX50_.jpg,https://www.goodreads.com/book/show/20358837-getting-value-out-of-agile-retrospectives---a-toolbox-of-retrospective-e,goodreads_scraped,,0,
Secrets and Lies: Digital Security in a Networked World,Secrets and Lies: Digital Security in a Networked World,Bruce Schneier,3.93,1799,https://i.gr-assets.com/images/S/compressed.photo.goodreads.com/books/1388258580i/304482._SY75_.jpg,https://www.goodreads.com/book/show/304482.Secrets_and_Lies,goodreads_scraped,"Computer networks, Security measures, Computer security, Computer networks, security measures, Computer science",440,"""A primer in practical computer security aimed at those shopping, communication, or doing business online -- almost everyone, in other words.""--Dust jacket."
Distributed Operating Systems,Distributed Operating Systems,Andrew S. Tanenbaum,3.96,92,https://i.gr-assets.com/images/S/compressed.photo.goodreads.com/books/1348968040i/544478._SX50_.jpg,https://www.goodreads.com/book/show/544478.Distributed_Operating_Systems,goodreads_scraped,"Distributed operating systems (Computers), Gedistribueerde gegevensverwerking, Systèmes d'exploitation (ordinateurs), Rechnernetz, Besturingssystemen",614,"As distributed computer systems become more pervasive, there is a need for a book that explains how their operating systems are designed and implemented. This book, which is a revised and expanded Part II of the best selling MODERN OPERATING SYSTEMS, fulfills that need. KEY TOPICS: It covers the material from the original book, including communication, synchronization, processes and file systems, and adds new material on distributed shared memory. It also contains 4 detailed case studies, Amoeba, Mach, Chorus, and OSF/DCE. Tanenbaum's trademark writing style provides the reader with a thorough yet concise treatment of distributed systems."
Effective Executive,Effective Executive,Peter F. Drucker,4.08,38121,https://i.gr-assets.com/images/S/compressed.photo.goodreads.com/books/1171693063i/114836._SY75_.jpg,https://www.goodreads.com/book/show/114836.Effective_Executive,goodreads_scraped,"Decision making, Executives, Decision-making, Industrial management, Administrative Personnel",178,"The measure of the executive, Peter Drucker reminds us, is the ability to ""get the right things done."" This usually involves doing what other people have overlooked as well as avoiding what is unproductive. Intelligence, imagination, and knowledge may all be wasted in an executive job without the acquired habits of mind that mold them into results."
Software Requirements: Practical Techniques for Gathering and Managing Requirements Throughout the Product Development Cycle,Software Requirements: Practical Techniques for Gathering and Managing Requirements Throughout the Product Development Cycle,Karl Wiegers,4.14,861,https://i.gr-assets.com/images/S/compressed.photo.goodreads.com/books/1424820035i/349416._SX50_.jpg,https://www.goodreads.com/book/show/349416.Software_Requirements,goodreads_scraped,,,
The Web Application Hacker's Handbook: Discovering and Exploiting Security Flaws,The Web Application Hacker's Handbook: Discovering and Exploiting Security Flaws,Dafydd Stuttard,4.23,1232,https://i.gr-assets.com/images/S/compressed.photo.goodreads.com/books/1347415849i/1914619._SX50_.jpg,https://www.goodreads.com/book/show/1914619.The_Web_Application_Hacker_s_Handbook,goodreads_scraped,"Computer Technology, Nonfiction, Security measures, Computer security, Internet",840,"This book is a practical guide to discovering and exploiting security flaws in web applications. The authors explain each category of vulnerability using real-world examples, screen shots and code extracts. The book is extremely practical in focus, and describes in detail the steps involved in detecting and exploiting each kind of security weakness found within a variety of applications such as online banking, e-commerce and other web applications.   The topics covered include bypassing login mechanisms, injecting code, exploiting logic flaws and compromising other users. Because every web application is different, attacking them entails bringing to bear various general principles, techniques and experience in an imaginative way. The most successful hackers go beyond this, and find ways to automate their bespoke attacks. This handbook describes a proven methodology that combines the virtues of human intelligence and computerized brute force, often with devastating results.   The authors are professional penetration testers who have been involved in web application security for nearly a decade. They have presented training courses at the Black Hat security conferences throughout the world. Under the alias ""PortSwigger"", Dafydd developed the popular Burp Suite of web application hack tools."
Paradox 4.0 Developer's Guide/Book and Disk,Paradox 4.0 Developer's Guide/Book and Disk,Dana Greaves,3.5,4,https://i.gr-assets.com/images/S/compressed.photo.goodreads.com/nophoto/book/111x148._SX50_.png,https://www.goodreads.com/book/show/4793393-paradox-4-0-developer-s-guide-book-and-disk,goodreads_scraped,,,
offshoring it services,offshoring it services,Mohan Babu K,4.0,3,https://i.gr-assets.com/images/S/compressed.photo.goodreads.com/books/1677805816i/15847264._SY75_.jpg,https://www.goodreads.com/book/show/15847264-offshoring-it-services,goodreads_scraped,,306,
Simulation of Digital Communication Systems using Matlab,Simulation of Digital Communication Systems using Matlab,Mathuranathan Viswanathan,4.28,97,https://i.gr-assets.com/images/S/compressed.photo.goodreads.com/books/1372664478i/18141707._SX50_.jpg,https://www.goodreads.com/book/show/18141707-simulation-of-digital-communication-systems-using-matlab,goodreads_scraped,,,
Build Your First Website: A Crash Course in HTML and CSS,Build Your First Website: A Crash Course in HTML and CSS,Joey Kirk,4.5,2,https://i.gr-assets.com/images/S/compressed.photo.goodreads.com/books/1404951250i/22700571._SX50_.jpg,https://www.goodreads.com/book/show/22700571-build-your-first-website,goodreads_scraped,,,
"The Scrumban [R]Evolution: Getting the Most Out of Agile, Scrum, and Lean Kanban","The Scrumban [R]Evolution: Getting the Most Out of Agile, Scrum, and Lean Kanban",Ajay Reddy,3.72,78,https://i.gr-assets.com/images/S/compressed.photo.goodreads.com/books/1437508857i/25953144._SX50_.jpg,https://www.goodreads.com/book/show/25953144-the-scrumban-r-evolution,goodreads_scraped,"Scrum (computer software development), Agile software development, Business, computer programs, Just-in-time systems, Lean manufacturing",384,
Programming in Scala: A Comprehensive Step-by-step Guide,Programming in Scala: A Comprehensive Step-by-step Guide,Martin Odersky,4.22,1663,https://i.gr-assets.com/images/S/compressed.photo.goodreads.com/books/1267787153i/5680904._SX50_.jpg,https://www.goodreads.com/book/show/5680904-programming-in-scala,goodreads_scraped,,,
Create an Uber Clone in 7 Days,Create an Uber Clone in 7 Days,Shai Almog,5.0,8,https://i.gr-assets.com/images/S/compressed.photo.goodreads.com/books/1532609473i/40951868._SY75_.jpg,https://www.goodreads.com/book/show/40951868-create-an-uber-clone-in-7-days,goodreads_scraped,,438,
Essential Software Development,Essential Software Development,AppJungle NET LLC,4.5,10,https://i.gr-assets.com/images/S/compressed.photo.goodreads.com/books/1678170934i/123197645._SX50_.jpg,https://www.goodreads.com/book/show/123197645-essential-software-development,goodreads_scraped,,,
From Vibe Coding to Production: A Practical Guide to Professional Software Development,From Vibe Coding to Production: A Practical Guide to Professional Software Development (Vibe Coding: From Prompt to Production Book 3),Thomas DeGan,0.0,0,https://i.gr-assets.com/images/S/compressed.photo.goodreads.com/books/1763422804i/244093145._SY75_.jpg,https://www.goodreads.com/book/show/244093145-from-vibe-coding-to-production,goodreads_scraped,,,
"Web API Development with ASP.NET Core 8: Learn techniques, patterns, and tools for building high-performance, robust, and scalable web APIs","Web API Development with ASP.NET Core 8: Learn techniques, patterns, and tools for building high-performance, robust, and scalable web APIs",Xiaodi Yan,4.5,4,https://i.gr-assets.com/images/S/compressed.photo.goodreads.com/books/1719632391i/175426128._SX50_.jpg,https://www.goodreads.com/book/show/175426128-web-api-development-with-asp-net-core-8,goodreads_scraped,,804,
Learning Spark: Lightning-Fast Big Data Analysis,Learning Spark: Lightning-Fast Big Data Analysis,Holden Karau,3.91,566,https://i.gr-assets.com/images/S/compressed.photo.goodreads.com/books/1380034125i/17318146._SX50_.jpg,https://www.goodreads.com/book/show/17318146-learning-spark,goodreads_scraped,"Data mining, Computer programs, Spark (Electronic resource : Apache Software Foundation), Big data, Machine learning",276,"This book introduces Apache Spark, the open source cluster computing system that makes data analytics fast to write and fast to run. You'll learn how to express parallel jobs with just a few lines of code, and cover applications from simple batch jobs to stream processing and machine learning.--"
Specification by Example: How Successful Teams Deliver the Right Software,Specification by Example: How Successful Teams Deliver the Right Software,Gojko Adzic,4.03,709,https://i.gr-assets.com/images/S/compressed.photo.goodreads.com/books/1307392511i/10288718._SX50_.jpg,https://www.goodreads.com/book/show/10288718-specification-by-example,goodreads_scraped,"Development, Software compatibility, Validation, Verification, Testing",270,
Head First Android Development,Head First Android Development,Dawn Griffiths,4.21,400,https://i.gr-assets.com/images/S/compressed.photo.goodreads.com/books/1457512055i/29467350._SX50_.jpg,https://www.goodreads.com/book/show/29467350-head-first-android-development,goodreads_scraped,"Development, Java (Computer program language), Mobile computing, Application software, Android (Electronic resource)",774,"""If you have an idea for a killer Android app, this book will help you build your first working application in a jiffy. You'll learn hands-on how to structure your app, design interfaces, create a database, make your app work on various smartphones and tablets, and much more. It's like having an experienced Android developer sitting right next to you! All you need is some Java know-how to get started""--Back cover."
"The Dilbert Principle: A Cubicle's-Eye View of Bosses, Meetings, Management Fads & Other Workplace Afflictions","The Dilbert Principle: A Cubicle's-Eye View of Bosses, Meetings, Management Fads & Other Workplace Afflictions",Scott Adams,3.87,10031,https://i.gr-assets.com/images/S/compressed.photo.goodreads.com/books/1405204396i/85574._SX50_.jpg,https://www.goodreads.com/book/show/85574.The_Dilbert_Principle,goodreads_scraped,"Direction, Management, Politique d'entreprise, Gestion, Humor (grappigheden)",344,"In a world of TQM, reengineering, and empowered secretaries. Dilbert has become the poster boy of corporate America. Millions of office dwellers tack Scott Adams's comic strip to their walls when murdering the boss is not an acceptable option. After seventeen years of working in a cubicle and reading thousands of e-mail messages from readers who've been ""downsized"", ""rightsized"", ""flattened"", and put in charge of ""quality teams"", Scott Adams can no longer restrict himself to a single artistic medium. Now, in an unabashed attempt to cash in on the lucrative business book market, Scott brings us The Dilbert Principle. In twenty-six provocative, illustrated chapters, Scott Adams reveals the secrets of management in every company, including swearing your way to success, faking quality, business plans: world's greatest fiction, trolls in the accounting department, humiliation as a management tool, selling bad products to stupid people, and more!"
eXtreme Programming eXplained : embrace change,eXtreme Programming eXplained : embrace change,Kent Beck,4.13,4103,https://i.gr-assets.com/images/S/compressed.photo.goodreads.com/books/1327329713i/1001606._SX50_.jpg,https://www.goodreads.com/book/show/1001606.eXtreme_Programming_eXplained_,goodreads_scraped,,,
"More Joel on Software: Further Thoughts on Diverse and Occasionally Related Matters That Will Prove of Interest to Software Developers, Designers, and ... or Ill Luck, Work with Them in Some Capacity","More Joel on Software: Further Thoughts on Diverse and Occasionally Related Matters That Will Prove of Interest to Software Developers, Designers, and ... or Ill Luck, Work with Them in Some Capacity",Joel Spolsky,4.05,549,https://i.gr-assets.com/images/S/compressed.photo.goodreads.com/books/1349082373i/2718384._SX50_.jpg,https://www.goodreads.com/book/show/2718384-more-joel-on-software,goodreads_scraped,,,
Software Creativity 2.0,Software Creativity 2.0,Robert L. Glass,3.53,53,https://i.gr-assets.com/images/S/compressed.photo.goodreads.com/books/1347952523i/123717._SX50_.jpg,https://www.goodreads.com/book/show/123717.Software_Creativity_2_0,goodreads_scraped,,484,
Implementing Lean Software Development: From Concept to Cash),Implementing Lean Software Development: From Concept to Cash (Addison-Wesley Signature Series (Beck)),Mary Poppendieck,4.2,868,https://i.gr-assets.com/images/S/compressed.photo.goodreads.com/books/1388500407i/349417._SX50_.jpg,https://www.goodreads.com/book/show/349417.Implementing_Lean_Software_Development,goodreads_scraped,"Development, Production management, Computer software, Computer software, development",304,
"Free Software, Free Society: Selected Essays","Free Software, Free Society: Selected Essays",Richard M. Stallman,4.08,449,https://i.gr-assets.com/images/S/compressed.photo.goodreads.com/books/1387663317i/942560._SX50_.jpg,https://www.goodreads.com/book/show/942560.Free_Software_Free_Society,goodreads_scraped,,230,
Java Persistence With Hibernate,Java Persistence With Hibernate,Christian Bauer,3.89,404,https://i.gr-assets.com/images/S/compressed.photo.goodreads.com/books/1388295024i/231267._SX50_.jpg,https://www.goodreads.com/book/show/231267.Java_Persistence_With_Hibernate,goodreads_scraped,"Java (Computer program language), Development, Object-oriented programming (Computer science), Hibernate (Electronic resource), Relational databases",841,
Beautiful Testing: Leading Professionals Reveal How They Improve Software,Beautiful Testing: Leading Professionals Reveal How They Improve Software,Tim  Riley,3.63,115,https://i.gr-assets.com/images/S/compressed.photo.goodreads.com/books/1328834696i/6690179._SX50_.jpg,https://www.goodreads.com/book/show/6690179-beautiful-testing,goodreads_scraped,"Development, Testing, Computer software, Computer software, verification, Computer software, validation",340,
xUnit Test Patterns: Refactoring Test Code,xUnit Test Patterns: Refactoring Test Code,Gerard Meszaros,3.94,688,https://i.gr-assets.com/images/S/compressed.photo.goodreads.com/books/1348288284i/337302._SX50_.jpg,https://www.goodreads.com/book/show/337302.xUnit_Test_Patterns,goodreads_scraped,"Computer Technology, Nonfiction, Testing, Software patterns, Computer software",944,"Automated testing is a cornerstone of agile development. An effective testing strategy will deliver new functionality more aggressively, accelerate user feedback, and improve quality. However, for many developers, creating effective automated tests is"
Computer Organization,Computer Organization,V. Carl Hamacher,3.6,135,https://i.gr-assets.com/images/S/compressed.photo.goodreads.com/books/1347432154i/351587._SX50_.jpg,https://www.goodreads.com/book/show/351587.Computer_Organization,goodreads_scraped,"Computer organization, Electronic digital computers, 0 Gesamtdarstellung, Rechnerarchitektur, Computerarchitectuur",604,
The Joy of Bootstrap: A smarter way to learn the world's most popular web framework,The Joy of Bootstrap: A smarter way to learn the world's most popular web framework,Alan Forbes,3.65,63,https://i.gr-assets.com/images/S/compressed.photo.goodreads.com/books/1677811276i/23178456._SX50_.jpg,https://www.goodreads.com/book/show/23178456-the-joy-of-bootstrap,goodreads_scraped,,,
Pro AngularJS,Pro AngularJS,Adam   Freeman,3.7,225,https://i.gr-assets.com/images/S/compressed.photo.goodreads.com/books/1398775673i/22022478._SX50_.jpg,https://www.goodreads.com/book/show/22022478-pro-angularjs,goodreads_scraped,"Development, Web applications, Web site development, JavaScript (Computer program language), Javascript (computer program language)",688,
فضل شهر رمضان,فضل شهر رمضان,جمعية الأطفال المعوقين,0.0,0,https://i.gr-assets.com/images/S/compressed.photo.goodreads.com/books/1555324559i/45133255._SX50_.jpg,https://www.goodreads.com/book/show/45133255,goodreads_scraped,,,
كيف تنجح في رمضان,كيف تنجح في رمضان,عمر إبراهيم المديفر,4.0,1,https://i.gr-assets.com/images/S/compressed.photo.goodreads.com/books/1555324287i/45133206._SY75_.jpg,https://www.goodreads.com/book/show/45133206,goodreads_scraped,,,
زاد المسلم في رمضان,زاد المسلم في رمضان,محمد بن ابراهيم المقيد,0.0,0,https://i.gr-assets.com/images/S/compressed.photo.goodreads.com/books/1555324016i/45133194._SX50_.jpg,https://www.goodreads.com/book/show/45133194,goodreads_scraped,,,
رمضان روضة المحبين,رمضان روضة المحبين,Muhammad Al-'Areefi,0.0,0,https://i.gr-assets.com/images/S/compressed.photo.goodreads.com/books/1555323853i/45133182._SX50_.jpg,https://www.goodreads.com/book/show/45133182,goodreads_scraped,,,
70 مسألة في الصيام,70 مسألة في الصيام,Muhammad Salih al-Munajjid,3.75,220,https://i.gr-assets.com/images/S/compressed.photo.goodreads.com/nophoto/book/111x148._SX50_.png,https://www.goodreads.com/book/show/8802797-70,goodreads_scraped,,,
48 سؤالا في الصيام,48 سؤالا في الصيام,محمد صالح العثيمين,4.35,20,https://i.gr-assets.com/images/S/compressed.photo.goodreads.com/nophoto/book/111x148._SX50_.png,https://www.goodreads.com/book/show/30349561-48,goodreads_scraped,,,
معجزة القرآن,معجزة القرآن,محمد متولي الشعراوي,4.27,796,https://i.gr-assets.com/images/S/compressed.photo.goodreads.com/books/1264522987i/7646410._SX50_.jpg,https://www.goodreads.com/book/show/7646410,goodreads_scraped,,,
Princess of Glass,"Princess of Glass (The Princesses of Westfalin Trilogy, #2)",Jessica Day George,4.06,23266,https://i.gr-assets.com/images/S/compressed.photo.goodreads.com/books/1397878579i/7199667._SY75_.jpg,https://www.goodreads.com/book/show/7199667-princess-of-glass,goodreads_scraped,"Fiction, Magic, Princes, Fairy tales, Witches",272,"Hoping to escape the troubles in her kingdom, Princess Poppy reluctantly agrees to take part in a royal exchange program, whereby young princes and princesses travel to each other's countries in the name of better political alliances--and potential marriages. 

It's got the makings of a fairy tale--until a hapless servant named Eleanor is tricked by a vengeful fairy godmother into competing with Poppy for the eligible prince. 

Ballgowns, cinders, and enchanted glass slippers fly in this romantic and action-packed happily-ever-after quest from an author with a flair for embroidering tales in her own delightful way."
Reached,"Reached (Matched, #3)",Ally Condie,3.54,179232,https://i.gr-assets.com/images/S/compressed.photo.goodreads.com/books/1330717582i/13125947._SY75_.jpg,https://www.goodreads.com/book/show/13125947-reached,goodreads_scraped,"Choice (Psychology), Juvenile fiction, Resistance to Government, Children's fiction, Marriage, fiction",512,"Cassia’s journey began with an error, a momentary glitch in the otherwise perfect façade of the Society. After crossing canyons to break free, she waits, silk and paper smuggled against her skin, ready for the final chapter. The wait is over. One young woman has raged against those who threaten to keep away what matters most -- family, love, choice. Her quiet revolution is about to explode into full-scale rebellion. With exquisite prose, the emotionally gripping conclusion to the international–bestselling Matched trilogy returns Cassia, Ky, and Xander to the Society to save the one thing they have been denied for so long, the power to choose. -- Publisher.

After leaving Society to desperately seek The Rising, and each other, Cassia and Ky have found what they were looking for, but at the cost of losing each other yet again. Cassia is assigned undercover in Central city, Ky outside the borders, an airship pilot with Indie. Xander is a medic, with a secret. All too soon, everything shifts again."
Lucy,"Lucy (Daughters of the Sea, #3)",Kathryn Lasky,3.87,1168,https://i.gr-assets.com/images/S/compressed.photo.goodreads.com/books/1328408465i/12246388._SY75_.jpg,https://www.goodreads.com/book/show/12246388-lucy,goodreads_scraped,"JUVENILE FICTION / Legends, Myths, Fables / General, JUVENILE FICTION / Love & Romance, JUVENILE FICTION / Historical / United States / 19th Century, Social classes, Mermaids",0,"When seventeen-year-old Lucy's father, a minister, gets a prestigious summer position in Bar Harbor, Maine, her mother determines to find a rich husband for her daughter but Lucy is fascinated by the sea and a handsome ship-builder."
Supernaturally,"Supernaturally (Paranormalcy, #2)",Kiersten White,3.89,41550,https://i.gr-assets.com/images/S/compressed.photo.goodreads.com/books/1371926956i/8581936._SX50_.jpg,https://www.goodreads.com/book/show/8581936-supernaturally,goodreads_scraped,"Prophecies, Supernatural, Fairies, Identity, Fiction",336,"Sixteen-year-old Evie thinks she has left the International Paranormal Containment Agency, and her own paranormal activities, behind her when she is recruited to help at the Agency, where she discovers more about the dark faerie prophecy that threatens her future."
Princess of the Midnight Ball,"Princess of the Midnight Ball (The Princesses of Westfalin Trilogy, #1)",Jessica Day George,3.95,37388,https://i.gr-assets.com/images/S/compressed.photo.goodreads.com/books/1312063284i/3697927._SY75_.jpg,https://www.goodreads.com/book/show/3697927-princess-of-the-midnight-ball,goodreads_scraped,"Fiction, Fairy tales, Magic, Dancing, Soldiers",312,"A retelling of the tale of twelve princesses who wear out their shoes dancing every night, and of Galen, a former soldier now working in the king's gardens, who follows them in hopes of breaking the curse."
Die for Me,"Die for Me (Revenants, #1)",Amy Plum,3.98,56098,https://i.gr-assets.com/images/S/compressed.photo.goodreads.com/books/1358427893i/9462812._SY75_.jpg,https://www.goodreads.com/book/show/9462812-die-for-me,goodreads_scraped,"Grief, Love, Sisters, Supernatural, Dead",336,"After their parents are killed in a car accident, sixteen-year-old Kate Mercier and her older sister Georgia, each grieving in her own way, move to Paris to live with their grandparents and Kate finds herself powerfully drawn to the handsome but elusive Vincent who seems to harbor a mysterious and dangerous secret."
Captivate,"Captivate (Submerged Sun, #1)",Vanessa Garden,3.81,1879,https://i.gr-assets.com/images/S/compressed.photo.goodreads.com/books/1381964350i/18683518._SY75_.jpg,https://www.goodreads.com/book/show/18683518-captivate,goodreads_scraped,,278,
Paranormalcy,"Paranormalcy (Paranormalcy, #1)",Kiersten White,3.88,99484,https://i.gr-assets.com/images/S/compressed.photo.goodreads.com/books/1496938681i/7719245._SX50_.jpg,https://www.goodreads.com/book/show/7719245-paranormalcy,goodreads_scraped,"New York Times bestseller, nyt:chapter_books=2010-08-29, Police, Paranormal fiction, Juvenile fiction",335,"When a dark prophecy begins to come true, sixteen-year-old Evie of the International Paranormal Containment Agency must not only try to stop it, she must also uncover its connection to herself and the alluring shapeshifter, Lend."
Fallen,"Fallen (Fallen, #1)",Lauren Kate,3.72,622575,https://i.gr-assets.com/images/S/compressed.photo.goodreads.com/books/1440619649i/6487308._SY75_.jpg,https://www.goodreads.com/book/show/6487308-fallen,goodreads_scraped,"Fiction, Love, Reincarnation, Supernatural, Reformatories",452,"What if the person you were meant to be with could never be yours?

17-year-old Lucinda falls in love with a gorgeous, intelligent boy, Daniel, at her new school, the grim, foreboding Sword & Cross . . . only to find out that Daniel is a fallen angel, and that they have spent lifetimes finding and losing one another as good & evil forces plot to keep them apart.

Get ready to fall . . ."
Tsarina,Tsarina,J. Nelle Patrick,3.53,1838,https://i.gr-assets.com/images/S/compressed.photo.goodreads.com/books/1384404257i/18079793._SY75_.jpg,https://www.goodreads.com/book/show/18079793-tsarina,goodreads_scraped,"Love & Romance, Magic, Fiction, Historical, Mysticism",328,"Within the walls of Russia's Winter Palace, Natalya seeks a magical Faberge egg containing the power of the land and the mystics, that promises a life of love for her and Alexei Romanov and the preservation of Romanov Russia."
Wither,"Wither (The Chemical Garden, #1)",Lauren DeStefano,3.8,101059,https://i.gr-assets.com/images/S/compressed.photo.goodreads.com/books/1341532430i/8525590._SX50_.jpg,https://www.goodreads.com/book/show/8525590-wither,goodreads_scraped,"Fiction, Genetic engineering, Science fiction, Kidnapping, Marriage",386,"It's an amazing literary experience brought to us by Lauren DeStefano. 

In Wither, the author explores an scenario where nothing is as it used to be. After genetic mutations made in order to extinguish epidemic diseases, the humanity is punished with an threaten of extintion caused by a misterious virus that reaps young lives, mens at the age of 25 and girls at 20; In order to protect humanity from extinguishment, young girls are daily kidnapped and forced into polygamous marriages.
When the 16 years old Rhine Ellery is taken by the Colectors in order to become a bride, she gets into a world of wealth and privilege. Even with the true love of her new husband, Linden,  and the tenuous confidence between his others wives, Rhine has a purpose: To break free in order to find her twin bother and go home. But Rhine has more things to deal with than the loss of her liberty. Linden's excentric father is obsessed about finding a cure for the genetic virus that slowly approaches his son, even if it means collecting corpses to test his experiments. Counting on the support of Gabriel, a servant on which she puts her trust, Rhine tries to gain back her liberty in the little time of life she has left."
The World Within: A Novel of Emily Brontë,The World Within: A Novel of Emily Brontë,Jane Eagland,3.37,229,https://i.gr-assets.com/images/S/compressed.photo.goodreads.com/books/1423765962i/23013687._SX50_.jpg,https://www.goodreads.com/book/show/23013687-the-world-within,goodreads_scraped,"Children's fiction, Authors, fiction, Family life, fiction, Great britain, history, 19th century, fiction, Social life and customs",336,
Shatter Me,"Shatter Me (Shatter Me, #1)",Tahereh Mafi,3.84,1276598,https://i.gr-assets.com/images/S/compressed.photo.goodreads.com/books/1310649047i/10429045._SY75_.jpg,https://www.goodreads.com/book/show/10429045-shatter-me,goodreads_scraped,"Love, Ability, Dictatorship, Fiction, Science fiction",357,"Juliette hasn't touched anyone in exactly 264 days. The last time she did, it was an accident, but The Reestablishment locked her up for murder. No one knows why Juliette's touch is fatal. As long as she doesn't hurt anyone else, no one really cares. The world is too busy crumbling to pieces to pay attention to a 17-year-old girl. Diseases are destroying the population, food is hard to find, birds don't fly anymore, and the clouds are the wrong color. The Reestablishment said their way was the only way to fix things, so they threw Juliette in a cell. Now so many people are dead that the survivors are whispering war-- and The Reestablishment has changed its mind. Maybe Juliette is more than a tortured soul stuffed into a poisonous body. Maybe she's exactly what they need right now. Juliette has to make a choice: Be a weapon. Or be a warrior. In this electrifying debut, Tahereh Mafi presents a world as riveting as The Hunger Games and a superhero story as thrilling as The X-Men. Full of pulse-pounding romance, intoxicating villainy, and high-stakes choices, Shatter Me is a fresh and original dystopian novel—with a paranormal twist—that will leave readers anxiously awaiting its sequel."
Seven Days in May,Seven Days in May,Kim Izzo,3.89,1832,https://i.gr-assets.com/images/S/compressed.photo.goodreads.com/books/1490043726i/31742324._SX50_.jpg,https://www.goodreads.com/book/show/31742324-seven-days-in-may,goodreads_scraped,"Fiction, historical, general",320,
Matched,"Matched (Matched, #1)",Ally Condie,3.62,818940,https://i.gr-assets.com/images/S/compressed.photo.goodreads.com/books/1367706191i/7735333._SY75_.jpg,https://www.goodreads.com/book/show/7735333-matched,goodreads_scraped,"Young adult fiction, Fantasy, Juvenile fiction, Mate selection, Fiction",369,"Cassia has always followed the autocratic Society without question. So when Xander's face is displayed on the screen at the Matching ceremony, she knows that they are the perfect mates. However, Ky Markham's face also flashed on the screen, if only briefly. Although the Society claims it was a glitch and Cassia knows she is to be with Xander, she cannot stop thinking about Ky. In the Society, Officials decide. Who you love. Where you work. When you die. Cassia has always trusted their choices, but she begins to question just how perfect her world really is when she notices things are not what they seem. As Cassia begins to doubt the Society’s infallibility, she is faced with an impossible choice: between Xander and Ky, between the only life she’s known and a path that no one else has dared to follow. - Publisher."
The Missing Sister,The Missing Sister,Dinah Jefferies,4.07,5113,https://i.gr-assets.com/images/S/compressed.photo.goodreads.com/books/1544003910i/40723755._SY75_.jpg,https://www.goodreads.com/book/show/40723755-the-missing-sister,goodreads_scraped,"Family secrets, Fiction, Missing children, History, Fiction, historical",311,"Belle Hatton is a beautiful young girl living in Gloucestershire, who's never been further East than Paris. But when her father dies, she finds a mysterious newspaper clipping from Burma, 1911 buried among his belongings - a clipping that says the Hattons were leaving Rangoon after the disappearance of their baby daughter, Elvira. How could her parents have kept this from her for so long? Was her sister really dead? And could there be a chance that Belle might find her? Before she knows it Belle is boarding a ship to Rangoon, alone, with no idea what she will find when she gets there ..."
Anna Dressed in Blood,"Anna Dressed in Blood (Anna, #1)",Kendare Blake,3.91,107937,https://i.gr-assets.com/images/S/compressed.photo.goodreads.com/books/1398637405i/9378297._SX50_.jpg,https://www.goodreads.com/book/show/9378297-anna-dressed-in-blood,goodreads_scraped,"Wiccans, Cats, Blessing and cursing, Horror stories, Ghosts",1,"For three years, seventeen-year-old Cas Lowood has carried on his father's work of dispatching the murderous dead, traveling with his kitchen-witch mother and their spirit-sniffing cat, but everything changes when he meets Anna, a girl unlike any ghost he has faced before."
The Goddess Test,"The Goddess Test (Goddess Test, #1)",Aimee Carter,3.79,59083,https://i.gr-assets.com/images/S/compressed.photo.goodreads.com/books/1387217173i/9681214._SY75_.jpg,https://www.goodreads.com/book/show/9681214-the-goddess-test,goodreads_scraped,"Fantasy, Immortality, Goddesses, Teenage girls, Greek Mythology",299,"Eden, Michigan, high school student Kate Winters strikes a bargain with Henry, Greek god of the underworld, if he'll cure her dying mother of cancer. The bargain she strikes with him is a grim one, but the full enormity of what she has undertaken--""live forever or die trying""--is not revealed until it's too late to recant."
Poseur,"Poseur (Poseur, #1)",Rachel Maude,3.57,3776,https://i.gr-assets.com/images/S/compressed.photo.goodreads.com/books/1388453579i/1394709._SY75_.jpg,https://www.goodreads.com/book/show/1394709.Poseur,goodreads_scraped,"Fiction, Fashion, Interpersonal relations, Dating (Social customs), High schools",289,"po·seur (noun): a person who pretends to be what he or she is not. Charlotte Beverwil, Janie Farrish, Melissa Moon, and Petra Greene attend exclusive Winston Prep in the Hollywood Hills. And that's all they have in common. But hang out together? They'd rather be hanged. Borrow one another's clothes? They'd sooner borrow a zit. So when these four sophomores are forced into a class to create their own fashion label, they Clash with a capital C. Janie thinks Melissa and Charlotte are Beverly Hills   brats. They dismiss Janie as a Valley rat in sheep's clothing. And Petra , well . . . Petra   couldn't care less. Can a cool coquette, a shy punk, a hippie goddess, and a ghettoglam egomaniac make beautiful couture together? At Winston Prep, survival of the fittest comes down to who fits in-and what fits. Introducing a juicy new series from the publisher of the national bestselling series Gossip Girl, The Clique, The It Girl, and The A-List. Includes Do-It-Yourself instructions by NYC fashion label Compai and fashion sketches throughout by the author"
Being Nikki,"Being Nikki (Airhead, #2)",Meg Cabot,3.85,30004,https://i.gr-assets.com/images/S/compressed.photo.goodreads.com/books/1388622070i/5135798._SY75_.jpg,https://www.goodreads.com/book/show/5135798-being-nikki,goodreads_scraped,"Transplantation of organs, tissues, Families, Family, Models (Persons), Fiction",0,"THINGS AREN'T PRETTY FOR EMERSON WATTS.

Em was sure there couldn't be anything worse than being a brainiac in the body of a teenaged supermodel.

But it turned out she was wrong.

It turns out she has a mother who's gone mysteriously missing, a brother who's shown up on her doorstep demanding answers, a former best friend who's intent on destroying Stark Enterprises, and a British heartthrob who's written a song about her that's topping the charts.

How can Em balance all that with school and runway shows - especially when she's got ex-boyfriends crawling out of the woodwork who want more than just a photo op, a sister who is headed to the high school cheerleading championships, and a company she represents that seems to be turning to the dark side...

Not to mention trying to convince the love of her life that models aren't really airheads after all... especially one model in particular.

BUT THEN, NOBODY SAID IT WAS GOING TO BE EASY BEING NIKKI."
"I'd Tell You I Love You, But Then I'd Have to Kill You","I'd Tell You I Love You, But Then I'd Have to Kill You (Gallagher Girls, #1)",Ally Carter,3.84,194350,https://i.gr-assets.com/images/S/compressed.photo.goodreads.com/books/1334491180i/852470._SX50_.jpg,https://www.goodreads.com/book/show/852470.I_d_Tell_You_I_Love_You_But_Then_I_d_Have_to_Kill_You,goodreads_scraped,"Man-woman relationships, nyt:series_books=2010-07-11, Juvenile fiction, Spies, New York Times bestseller",284,"Cammie Morgan is a student at the Gallagher Academy for Exceptional Young Women, a fairly typical all-girls school-that is, if every school taught advanced martial arts in PE and the latest in chemical warfare in science, and students received extra credit for breaking CIA codes in computer class. The Gallagher Academy might claim to be a school for geniuses but it's really a school for spies. Even though Cammie is fluent in fourteen languages and capable of killing a man in seven different ways, she has no idea what to do when she meets an ordinary boy who thinks she's an ordinary girl. Sure, she can tap his phone, hack into his computer, or track him through town with the skill of a real ""pavement artist""-but can she maneuver a relationship with someone who can never know the truth about her? 

Cammie Morgan may be an elite spy-in-training, but in her sophomore year, she's on her most dangerous mission-falling in love"
Don't Judge a Girl by Her Cover,"Don't Judge a Girl by Her Cover (Gallagher Girls, #3)",Ally Carter,4.2,75252,https://i.gr-assets.com/images/S/compressed.photo.goodreads.com/books/1359827132i/5267365._SX50_.jpg,https://www.goodreads.com/book/show/5267365-don-t-judge-a-girl-by-her-cover,goodreads_scraped,"New York Times bestseller, nyt:series_books=2010-07-11, Teenage girls, Juvenile fiction, Fiction",280,"When Cammie Morgan visits her roommate Macey in Boston, she thinks she's in for an exciting end to her summer. After all, she's there to watch Macey's father accept the nomination for vice president. But when you go to the world's best school (for spies), ""exciting"" and ""deadly"" are never far apart..."
Intrinsical,"Intrinsical (The Yara Silva Trilogy, #1)",Lani Woodland,3.78,2249,https://i.gr-assets.com/images/S/compressed.photo.goodreads.com/books/1278060489i/8529230._SX50_.jpg,https://www.goodreads.com/book/show/8529230-intrinsical,goodreads_scraped,"Ghost stories, Paranormal fiction, Boarding schools, Fiction, Haunted places",0,
Spell Bound,"Spell Bound (Hex Hall, #3)",Rachel Hawkins,4.05,62771,https://i.gr-assets.com/images/S/compressed.photo.goodreads.com/books/1313010167i/11454587._SY75_.jpg,https://www.goodreads.com/book/show/11454587-spell-bound,goodreads_scraped,"Magic, Supernatural, Demonology, Fiction, Fantasy",0,
Until I Die,"Until I Die (Revenants, #2)",Amy Plum,4.16,29118,https://i.gr-assets.com/images/S/compressed.photo.goodreads.com/books/1335240840i/12908877._SY75_.jpg,https://www.goodreads.com/book/show/12908877-until-i-die,goodreads_scraped,"JUVENILE FICTION / Horror & Ghost Stories, Love, JUVENILE FICTION / Love & Romance, Fiction, Supernatural",368,"""The squel to Die for Me, Vincent and Kate's story continues. Kate and Vincent have overcome the odds and at last they are together in Paris, the city of lights and love.

As their romance deepens there’s one question they can’t ignore: How are they supposed to be together if Vincent can’t resist sacrificing himself to save others? Although Vincent promises that he’ll do whatever it takes to lead a normal life with Kate, will that mean letting innocent people die? When a new and surprising enemy reveals itself, Kate realizes that even more may be at stake—and that Vincent’s immortality is in jeopardy.

In Die for Me, Amy Plum created a captivating paranormal mythology with immortal revenants and a lush Paris setting. Until I Die is poised to thrill readers with more heart-pounding suspense, spellbinding romance, and a cliff-hanger ending that will leave them desperate for the third and final novel in the series."
The Treachery of Beautiful Things,The Treachery of Beautiful Things,Ruth Frances Long,3.81,5684,https://i.gr-assets.com/images/S/compressed.photo.goodreads.com/books/1334778746i/11737311._SY75_.jpg,https://www.goodreads.com/book/show/11737311-the-treachery-of-beautiful-things,goodreads_scraped,"Fantasy, Love, Forests and forestry, Kings, queens, rulers, Fairies",0,"Seven years after the forest seemingly swallowed her brother whole, seventeen-year-old Jenny, whose story about Tom's disappearance has never been believed, sets out to finally say goodbye, but instead she is pulled into a mysterious world of faeries and other creatures where nothing is what it seems."
Unearthly,"Unearthly (Unearthly, #1)",Cynthia Hand,4.01,129829,https://i.gr-assets.com/images/S/compressed.photo.goodreads.com/books/1324782984i/7488244._SY75_.jpg,https://www.goodreads.com/book/show/7488244-unearthly,goodreads_scraped,"Household Moving, Family life, Fiction, Supernatural, High schools",0,"Clara Gardner has recently learned that she's part angel. Having angel blood run through her veins not only makes her smarter, stronger, and faster than humans, but it also means she has a purpose,  something she was put on this earth to do. Figuring out what that is, though, isn't easy.

Her visions of a raging forest fire and an alluring stranger lead her to a new school in a new town. When she meets Christian, who turns out to be the boy of her dreams (literally), everything seems to fall into place and out of place at the same time. Because there's another guy, Tucker, who appeals to Clara's less angelic side.

As Clara tries to find her way in a world she no longer understands, she encounters unseen dangers and choices she never thought she'd have to make between honesty and deceit, love and duty, good and evil. When the fire from her vision finally ignites, will Clara be ready to face her destiny?"
Winter's Child,Winter's Child,Cameron Dokey,3.61,3941,https://i.gr-assets.com/images/S/compressed.photo.goodreads.com/books/1388683466i/6055694._SY75_.jpg,https://www.goodreads.com/book/show/6055694-winter-s-child,goodreads_scraped,"Fairy tales, Snow Queen (Fictitious character), Interpersonal relations, Friendship, Juvenile fiction",208,"Free-spirited Grace and serious Kai are the best of friends. They grew up together listening to magical tales spun by Kai's grandmother and sharing in each other's secrets. But when they turn sixteen and Kai declares his love for Grace, everything changes. Grace yearns for freedom and slowly begins to push Kai - and their friendship - away.

Dejected Kai dreams of a dazzling Snow Queen, who entices him to leave home and wander to faraway lands. When Grace discovers Kai is gone, she learns how much she has lost and sets out on a mystical journey to find Kai...and discover herself."
Shattered Souls,"Shattered Souls (Souls, #1)",Mary Lindsey,3.94,7705,https://i.gr-assets.com/images/S/compressed.photo.goodreads.com/books/1327881907i/9366996._SY75_.jpg,https://www.goodreads.com/book/show/9366996-shattered-souls,goodreads_scraped,"Interpersonal relations, Ghost stories, Future life, Paranormal fiction, History",326,"Lenzi knows she must be going crazy. She's hearing voices and having visionsNspecifically of gravestones, floods, and a gorgeous guy with steely gray eyes. And there's nothing anyone can do to help. Until she meets Alden, the boy from her dreams, and learns she can speak with lost souls."
Entwined,Entwined,Heather Dixon Wallwork,3.87,38314,https://i.gr-assets.com/images/S/compressed.photo.goodreads.com/books/1656631570i/8428195._SY75_.jpg,https://www.goodreads.com/book/show/8428195-entwined,goodreads_scraped,"Princesses, Juvenile fiction, Dance, Magic, Kings and rulers",472,"Confined to their dreary castle while mourning their mother's death, Princess Azalea and her eleven sisters join The Keeper, who is trapped in a magic passageway, in a nightly dance that soon becomes nightmarish."
Glitch,"Glitch (Glitch, #1)",Heather Anastasiu,3.73,8312,https://i.gr-assets.com/images/S/compressed.photo.goodreads.com/books/1326131169i/10535458._SX50_.jpg,https://www.goodreads.com/book/show/10535458-glitch,goodreads_scraped,"Individuality, Resistance to Government, Thought and thinking, Emotions, Fiction",0,"In the Community, where implanted computer chips have erased human emotions and thoughts are replaced by a feed from the Link network, Zoe starts to malfunction, or glitch, and begins having her own thoughts, feelings, identity--and telekinetic powers."
Angels at the Gate,Angels at the Gate,T.K. Thorne,4.22,158,https://i.gr-assets.com/images/S/compressed.photo.goodreads.com/books/1447005312i/23231687._SY75_.jpg,https://www.goodreads.com/book/show/23231687-angels-at-the-gate,goodreads_scraped,,,
Rescue You,Rescue You (Dogwood County #1),Elysia Whisler,4.14,760,https://i.gr-assets.com/images/S/compressed.photo.goodreads.com/books/1597698774i/49374468._SX50_.jpg,https://www.goodreads.com/book/show/49374468-rescue-you,goodreads_scraped,"Fiction, romance, contemporary, Fiction, family life, siblings, Fiction, romance, general, Fiction, women",392,
The Friend,The Friend,Sigrid Nunez,3.71,61810,https://i.gr-assets.com/images/S/compressed.photo.goodreads.com/books/1544364669i/40164365._SY75_.jpg,https://www.goodreads.com/book/show/40164365-the-friend,goodreads_scraped,"Fiction, Human-animal relationships, Female friendship, Grief, Fiction, general",218,"When a woman unexpectedly loses her lifelong best friend and mentor, she finds herself burdened with the unwanted dog he has left behind. Her own battle against grief is intensified by the mute suffering of the dog, a huge Great Dane traumatized by the inexplicable disappearance of its master, and by the threat of eviction: dogs are prohibited in her apartment building. While others worry that grief has made her a victim of magical thinking, the woman refuses to be separated from the dog except for brief periods of time. Isolated from the rest of the world, increasingly obsessed with the dog's care, determined to read its mind and fathom its heart, she comes dangerously close to unraveling. But while troubles abound, rich and surprising rewards lie in store for both of them."
Noah's Wife,Noah's Wife,T.K. Thorne,4.04,325,https://i.gr-assets.com/images/S/compressed.photo.goodreads.com/books/1337901417i/13827075._SY75_.jpg,https://www.goodreads.com/book/show/13827075-noah-s-wife,goodreads_scraped,,,
Soul Scars,"Soul Scars (Dog Haven Sanctuary Romance, #2)",Tasman Gibb,4.18,73,https://i.gr-assets.com/images/S/compressed.photo.goodreads.com/books/1404692742i/22671827._SY75_.jpg,https://www.goodreads.com/book/show/22671827-soul-scars,goodreads_scraped,,,
eloves me eloves me not,eloves me eloves me not,L.A. Johannesson,4.0,28,https://i.gr-assets.com/images/S/compressed.photo.goodreads.com/books/1353568054i/16149252._SY75_.jpg,https://www.goodreads.com/book/show/16149252-eloves-me-eloves-me-not,goodreads_scraped,,,
Stay,Stay,Allie Larkin,3.85,5820,https://i.gr-assets.com/images/S/compressed.photo.goodreads.com/books/1347603790i/7348523._SY75_.jpg,https://www.goodreads.com/book/show/7348523-stay,goodreads_scraped,"Large type books, German shepherd dog, Separation (Psychology), Young women, Human-animal relationships",336,
Slim to None,Slim to None,Jenny Gardiner,3.21,1193,https://i.gr-assets.com/images/S/compressed.photo.goodreads.com/books/1328310674i/8162554._SY75_.jpg,https://www.goodreads.com/book/show/8162554-slim-to-none,goodreads_scraped,,0,
The Rescue,The Rescue,Carolyn Reardon-Neuman,4.27,30,https://i.gr-assets.com/images/S/compressed.photo.goodreads.com/books/1370884417i/18053422._SY75_.jpg,https://www.goodreads.com/book/show/18053422-the-rescue,goodreads_scraped,,,
Letters To Each Other,Letters To Each Other,Sherri Maddick,4.09,11,https://i.gr-assets.com/images/S/compressed.photo.goodreads.com/books/1376956581i/18258484._SX50_.jpg,https://www.goodreads.com/book/show/18258484-letters-to-each-other,goodreads_scraped,,212,
Animal Cracker,Animal Cracker,Andi  Brown,3.74,260,https://i.gr-assets.com/images/S/compressed.photo.goodreads.com/books/1371868006i/18062499._SY75_.jpg,https://www.goodreads.com/book/show/18062499-animal-cracker,goodreads_scraped,"Animal shelters, Fiction, Women public relations personnel",252,"A bunch of smart women plot to get the goods on their boss at Boston's venerable Animal Protection Organization. Hal Mason is Brad Pitt-handsome, with a Harvard professor wife and an adorable but shiftless son who wins the heart of Diane Salvi, the organization's new communications director and the book's narrator. When Diane lands the job of her dreams, she's impressed with her new boss, but soon learns that Hal has managed to earn the adulation of the organization's board of director and the scorn of his staff. As Diane's suspicions about Hal mount, she enlists some friends in the office, along with her reporter roommate, to investigate if he's just plain annoying or much, much worse. Diane's journey is one of a young woman's drive to create a fulfilling life as she navigates the vagaries of the workplace and tries to find love, all while holding onto her principles."
Absent Children,Absent Children,Juli Townsend,4.28,25,https://i.gr-assets.com/images/S/compressed.photo.goodreads.com/books/1373662206i/18190835._SY75_.jpg,https://www.goodreads.com/book/show/18190835-absent-children,goodreads_scraped,,312,
Parley After Life - DIY Guide to Death and other Taxes,Parley After Life - DIY Guide to Death and other Taxes,Robby Miller,3.35,17,https://i.gr-assets.com/images/S/compressed.photo.goodreads.com/books/1377955871i/18400878._SY75_.jpg,https://www.goodreads.com/book/show/18400878-parley-after-life---diy-guide-to-death-and-other-taxes,goodreads_scraped,,,
She Likes It Rough,She Likes It Rough,G.V.R. Corcillo,4.05,125,https://i.gr-assets.com/images/S/compressed.photo.goodreads.com/books/1379708454i/18522557._SX50_.jpg,https://www.goodreads.com/book/show/18522557-she-likes-it-rough,goodreads_scraped,,,
The Mountaintop School for Dogs and Other Second Chances,The Mountaintop School for Dogs and Other Second Chances,Ellen Cooney,3.31,2432,https://i.gr-assets.com/images/S/compressed.photo.goodreads.com/books/1387147261i/18222840._SY75_.jpg,https://www.goodreads.com/book/show/18222840-the-mountaintop-school-for-dogs-and-other-second-chances,goodreads_scraped,"Fiction, general",0,
The Guardian,The Guardian,Nicholas Sparks,4.16,195569,https://i.gr-assets.com/images/S/compressed.photo.goodreads.com/books/1388195339i/15925._SY75_.jpg,https://www.goodreads.com/book/show/15925.The_Guardian,goodreads_scraped,"Open Library Staff Picks, Fiction, Romance, Triangles (Interpersonal relations), Widows",400,"At 29, Julie Barenson is too young to give up on love."
"The Life and Opinions of Maf the Dog, and of His Friend Marilyn Monroe","The Life and Opinions of Maf the Dog, and of His Friend Marilyn Monroe",Andrew O'Hagan,2.74,815,https://i.gr-assets.com/images/S/compressed.photo.goodreads.com/books/1356449920i/7994456._SY75_.jpg,https://www.goodreads.com/book/show/7994456-the-life-and-opinions-of-maf-the-dog-and-of-his-friend-marilyn-monroe,goodreads_scraped,"Fiction, thrillers, Fiction, general, Fiction, thrillers, general, Fiction, biographical, Actresses, fiction",288,
Lobo,Lobo,David Gordon Burke,4.25,12,https://i.gr-assets.com/images/S/compressed.photo.goodreads.com/books/1431111587i/25506515._SY75_.jpg,https://www.goodreads.com/book/show/25506515-lobo,goodreads_scraped,,,
Birdbrain,Birdbrain,Virginia Arthur,4.2,45,https://i.gr-assets.com/images/S/compressed.photo.goodreads.com/books/1405398855i/22727611._SX50_.jpg,https://www.goodreads.com/book/show/22727611-birdbrain,goodreads_scraped,,276,
Courageous Cain,Courageous Cain,D.J. Davis,4.1,42,https://i.gr-assets.com/images/S/compressed.photo.goodreads.com/books/1441598632i/26241797._SY75_.jpg,https://www.goodreads.com/book/show/26241797-courageous-cain,goodreads_scraped,,,
The Unleashing,"The Unleashing (Call of Crows, #1)",Shelly Laurenston,3.9,11795,https://i.gr-assets.com/images/S/compressed.photo.goodreads.com/books/1403864519i/22475781._SY75_.jpg,https://www.goodreads.com/book/show/22475781-the-unleashing,goodreads_scraped,"Fiction, romance, paranormal, Los angeles (calif.), fiction, Vikings, Fiction",408,
Xine's Pack of Strays & Others: A Memoir,Xine's Pack of Strays & Others: A Memoir,Xine Segalas,4.83,6,https://i.gr-assets.com/images/S/compressed.photo.goodreads.com/books/1665441793i/62955912._SY75_.jpg,https://www.goodreads.com/book/show/62955912-xine-s-pack-of-strays-others,goodreads_scraped,,0,
Our Time to Love,"Our Time to Love (Sunset Lake Club, #3)",Misha Quinn,5.0,6,https://i.gr-assets.com/images/S/compressed.photo.goodreads.com/books/1672052705i/75305367._SY75_.jpg,https://www.goodreads.com/book/show/75305367-our-time-to-love,goodreads_scraped,,,
Nina and the Orange Dog,Nina and the Orange Dog,Jane  Clarkson,4.09,32,https://i.gr-assets.com/images/S/compressed.photo.goodreads.com/books/1740854803i/228610503._SY75_.jpg,https://www.goodreads.com/book/show/228610503-nina-and-the-orange-dog,goodreads_scraped,,360,
Cody: The Extraordinary Life of an Ordinary Dog,Cody: The Extraordinary Life of an Ordinary Dog,Lauren Henry Brehm,4.75,4,https://i.gr-assets.com/images/S/compressed.photo.goodreads.com/books/1728454802i/220244053._SY75_.jpg,https://www.goodreads.com/book/show/220244053-cody,goodreads_scraped,,,
Saving Justice,"Saving Justice (Dog Haven Sanctuary Romance, #1)",Tasman Gibb,4.07,443,https://i.gr-assets.com/images/S/compressed.photo.goodreads.com/books/1370211368i/18006675._SY75_.jpg,https://www.goodreads.com/book/show/18006675-saving-justice,goodreads_scraped,,,
Emily and Einstein,Emily and Einstein,Linda Francis Lee,3.81,7402,https://i.gr-assets.com/images/S/compressed.photo.goodreads.com/books/1442874401i/9316891._SY75_.jpg,https://www.goodreads.com/book/show/9316891-emily-and-einstein,goodreads_scraped,"Grief, Husbands, Dogs, Death, Bereavement",416,
The Dog Who Danced,The Dog Who Danced,Susan  Wilson,4.01,3704,https://i.gr-assets.com/images/S/compressed.photo.goodreads.com/books/1336623374i/13641677._SY75_.jpg,https://www.goodreads.com/book/show/13641677-the-dog-who-danced,goodreads_scraped,"Fiction, general, Massachusetts, fiction, Seattle (wash.), fiction",336,
Hide'n Go Seek,"Hide'n Go Seek (Psychic Visions, #2)",Dale Mayer,4.11,2121,https://i.gr-assets.com/images/S/compressed.photo.goodreads.com/books/1420258748i/13159989._SX50_.jpg,https://www.goodreads.com/book/show/13159989-hide-n-go-seek,goodreads_scraped,"Fiction, romance, general, Fiction, thrillers, suspense",0,
The Salamander series boxset books 1-4: a billionaire boss romance,The Salamander series boxset books 1-4: a billionaire boss romance,Misha Quinn,4.75,4,https://i.gr-assets.com/images/S/compressed.photo.goodreads.com/books/1675959662i/108217761._SY75_.jpg,https://www.goodreads.com/book/show/108217761-the-salamander-series-boxset-books-1-4,goodreads_scraped,,,
"Murder, She Barked","Murder, She Barked (Paws and Claws Mystery, #1)",Krista Davis,3.95,5296,https://i.gr-assets.com/images/S/compressed.photo.goodreads.com/books/1380492375i/15810862._SY75_.jpg,https://www.goodreads.com/book/show/15810862-murder-she-barked,goodreads_scraped,"Investigation, Jack Russell terrier, Murder, Hotels, Fiction",398,
Because of Winn-Dixie,Because of Winn-Dixie,Kate DiCamillo,4.11,283601,https://i.gr-assets.com/images/S/compressed.photo.goodreads.com/books/1167521172i/24290._SY75_.jpg,https://www.goodreads.com/book/show/24290.Because_of_Winn_Dixie,goodreads_scraped,"Freundschaft, Hund, Einsamkeit, Madchen, Teaching, aids and devices",182,"Ten-year-old India Opal Buloni describes her first summer in the town of Naomi, Florida, and all the good things that happen to her because of her big ugly dog Winn-Dixie."
Twisted Honor,Twisted Honor (Deep Six Security #2),Becky McGraw,4.28,506,https://i.gr-assets.com/images/S/compressed.photo.goodreads.com/books/1441286454i/26041513._SX50_.jpg,https://www.goodreads.com/book/show/26041513-twisted-honor,goodreads_scraped,"Fiction, romance, general, Fiction, thrillers, suspense",340,
Never Forsaken,Never Forsaken (The Kurtherian Gambit #5),Michael Anderle,4.47,5323,https://i.gr-assets.com/images/S/compressed.photo.goodreads.com/books/1496978853i/35369558._SY75_.jpg,https://www.goodreads.com/book/show/35369558-never-forsaken,goodreads_scraped,,262,
The Other Side of Beautiful,The Other Side of Beautiful,Kim Lock,3.93,6815,https://i.gr-assets.com/images/S/compressed.photo.goodreads.com/books/1614915276i/57313499._SY75_.jpg,https://www.goodreads.com/book/show/57313499-the-other-side-of-beautiful,goodreads_scraped,,,
Happy Hour,Happy Hour,Jacquie Byron,3.92,1413,https://i.gr-assets.com/images/S/compressed.photo.goodreads.com/books/1625029399i/58458300._SY75_.jpg,https://www.goodreads.com/book/show/58458300-happy-hour,goodreads_scraped,,,
"The Queen's Faithful Companion: A Heartwarming Novel of Queen Elizabeth, Prince Phillip, Beloved Corgi Susan, and the Royal Family","The Queen's Faithful Companion: A Heartwarming Novel of Queen Elizabeth, Prince Phillip, Beloved Corgi Susan, and the Royal Family",Eliza Knight,4.0,669,https://i.gr-assets.com/images/S/compressed.photo.goodreads.com/books/1706023049i/199534545._SY75_.jpg,https://www.goodreads.com/book/show/199534545-the-queen-s-faithful-companion,goodreads_scraped,,,
On the Flip Side,On the Flip Side,Nicholas Fisk,3.65,34,https://i.gr-assets.com/images/S/compressed.photo.goodreads.com/books/1348509368i/1087698._SY75_.jpg,https://www.goodreads.com/book/show/1087698.On_the_Flip_Side,goodreads_scraped,"Science fiction, Children's fiction",121,
When the Tripods Came,When the Tripods Came,John Christopher,3.81,4923,https://i.gr-assets.com/images/S/compressed.photo.goodreads.com/books/1346502919i/80493._SY75_.jpg,https://www.goodreads.com/book/show/80493.When_the_Tripods_Came,goodreads_scraped,,0,
Moonwind,Moonwind,Louise Lawrence,3.9,98,https://i.gr-assets.com/images/S/compressed.photo.goodreads.com/books/1376155725i/1635547._SY75_.jpg,https://www.goodreads.com/book/show/1635547.Moonwind,goodreads_scraped,"Science fiction, Children's fiction, Space flight, fiction",153,One of two teenage winners of a trip to earth's first lunar base falls in love with an astral extraterrestrial who has been stranded on the moon for thousands of years and who needs his help to repair her spaceship so that she can return home.
We Are Tam,We Are Tam,Patricia Bernard,3.84,25,https://i.gr-assets.com/images/S/compressed.photo.goodreads.com/books/1276891809i/8476258._SX50_.jpg,https://www.goodreads.com/book/show/8476258-we-are-tam,goodreads_scraped,,138,
Earthchange,Earthchange,Clare Cooper,4.3,10,https://i.gr-assets.com/images/S/compressed.photo.goodreads.com/books/1266750152i/3605314._SY75_.jpg,https://www.goodreads.com/book/show/3605314-earthchange,goodreads_scraped,"Fiction, Survival, Effect of human beings on, Environmental protection, Nature",96,"After a catastrophe turns Earth into an inhospitable wilderness, young Rose sets out to find help for her grandmother and a baby, warding off wolves and fierce humans, and finally reaching a group of survivors with scientific interests in restoring Earth to its original beauty."
Alien Child,Alien Child,Pamela Sargent,3.74,99,https://i.gr-assets.com/images/S/compressed.photo.goodreads.com/books/1362805236i/869290._SX50_.jpg,https://www.goodreads.com/book/show/869290.Alien_Child,goodreads_scraped,"Science fiction, Children's fiction, Children, fiction, Extraterrestrial beings, fiction, Fiction, general",246,"A girl growing up in an insulated though pleasant environment, with a furry guardian for company, comes to realize that she must be the last human left on earth."
The Keeper of the Isis Light,"The Keeper of the Isis Light (Isis, #1)",Monica Hughes,3.87,1413,https://i.gr-assets.com/images/S/compressed.photo.goodreads.com/books/1181761619i/1190251._SX50_.jpg,https://www.goodreads.com/book/show/1190251.The_Keeper_of_the_Isis_Light,goodreads_scraped,"Science fiction, Large type books, Children's fiction",136,"Sixteen-year-old Olwen, who lives alone on the planet Isis with her faithful robot, falls tragically in love with an arrival from earth who is unaware that her natural form has been hidden in a humanlike space suit."
The Silver Metal Lover,The Silver Metal Lover,Tanith Lee,4.04,4288,https://i.gr-assets.com/images/S/compressed.photo.goodreads.com/books/1229915237i/5936460._SY75_.jpg,https://www.goodreads.com/book/show/5936460-the-silver-metal-lover,goodreads_scraped,"English Science fiction, Robots, Fiction, Science fiction, Fiction, general",228,Jane feels adrift in the upper class of her dystopian society until she meets a robot built for pleasure she suspects is more than the sum of his parts. Can a girl truly love a machine? And can the machine love her back?
Children of the Dust,Children of the Dust,Louise Lawrence,4.01,2275,https://i.gr-assets.com/images/S/compressed.photo.goodreads.com/books/1356456395i/1030207._SY75_.jpg,https://www.goodreads.com/book/show/1030207.Children_of_the_Dust,goodreads_scraped,"Fiction, Nuclear warfare, Science fiction, Survival, Reading Level-Grade 7",183,"After a nuclear war devastates the earth, a small band of people struggles for survival in a new world where children are born with strange mutations."
Emergence,Emergence,David R. Palmer,4.13,2091,https://i.gr-assets.com/images/S/compressed.photo.goodreads.com/books/1297767954i/5296452._SY75_.jpg,https://www.goodreads.com/book/show/5296452-emergence,goodreads_scraped,"Fiction, general",298,"After a bionuclear war destroys most of humanity, a young women seeks other survivors."
Obernewtyn,"Obernewtyn (The Obernewtyn Chronicles, #1)",Isobelle Carmody,3.96,12571,https://i.gr-assets.com/images/S/compressed.photo.goodreads.com/books/1312034242i/47916._SY75_.jpg,https://www.goodreads.com/book/show/47916.Obernewtyn,goodreads_scraped,"Juvenile Fiction, Orphans, Extrasensory perception, Fiction, Science fiction",253,"In a world struggling back from the brink of apocalypse, life is harsh. And for Elspeth Gordie, it is also dangerous. That's because Elspeth has a secret: she is a Misfit, born with mysterious mental abilities that she must keep hidden under threat of death. And her worries only multiply when she is exiled to the mountain compound known as Obernewtyn, where--for all her talents--Elspeth may finally and truly be out of her depth. Then she learns she's not the only one concealing secrets at Obernewtyn.From the Paperback edition."
The Burning Land,"The Burning Land (Firebrats, #1)",Barbara Siegel,3.87,84,https://i.gr-assets.com/images/S/compressed.photo.goodreads.com/books/1331923470i/204786._SY75_.jpg,https://www.goodreads.com/book/show/204786.The_Burning_Land,goodreads_scraped,"World War III, Fiction",0,
The Guardian of Isis,"The Guardian of Isis (Isis, #2)",Monica Hughes,3.82,429,https://i.gr-assets.com/images/S/compressed.photo.goodreads.com/books/1320391863i/1190264._SY75_.jpg,https://www.goodreads.com/book/show/1190264.The_Guardian_of_Isis,goodreads_scraped,"Science fiction, Juvenile fiction, Isis (egyptian deity)",140,"In 2136 A.D. the settlers on the planet Isis, under the dominance of an absolute ruler, have lost all the technical knowledge of their forefathers and reverted to a primitive society dominated by myths and taboos."
"A Rag, a Bone and a Hank of Hair","A Rag, a Bone and a Hank of Hair",Nicholas Fisk,4.04,213,https://i.gr-assets.com/images/S/compressed.photo.goodreads.com/books/1408926944i/1087707._SY75_.jpg,https://www.goodreads.com/book/show/1087707.A_Rag_a_Bone_and_a_Hank_of_Hair,goodreads_scraped,"Children's fiction, Mystery and detective stories, Children's stories, Science fiction",127,
Portal to E'ewere,Portal to E'ewere,Irma Walker,3.93,14,https://i.gr-assets.com/images/S/compressed.photo.goodreads.com/books/1480914910i/2539009._SY75_.jpg,https://www.goodreads.com/book/show/2539009.Portal_to_E_ewere,goodreads_scraped,Science fiction,220,"In a crowded uncompromising future world, a girl seeks a visionary place of space and beauty, and just when she seems to succeed, she is confronted with a terrible choice."
Eva,Eva,Peter Dickinson,3.43,2282,https://i.gr-assets.com/images/S/compressed.photo.goodreads.com/books/1328397920i/631169._SY75_.jpg,https://www.goodreads.com/book/show/631169.Eva,goodreads_scraped,"Fiction, Juvenile Fiction, Transplantation of organs, tissues, Animals, Animal welfare",224,"THIRTEEN-YEAR OLD EVA wakes up in the hospital unable to remember anything since the picnic on the beach. Her mother leans over the bed and begins to explain. A traffic accident, a long coma . . .But there is something, Eva senses, that she's not being told. There is a price she must pay to be alive at all. What have they done, with their amazing medical techniques, to save her?From the Paperback edition."
The Isis Pedlar,"The Isis Pedlar (Isis, #3)",Monica Hughes,3.58,319,https://i.gr-assets.com/images/S/compressed.photo.goodreads.com/books/1443397879i/1190271._SY75_.jpg,https://www.goodreads.com/book/show/1190271.The_Isis_Pedlar,goodreads_scraped,"Juvenile fiction, Fiction, Fathers and daughters, Science fiction, Life on other planets",121,"The community of the planet of Isis, misled by power-hungry space captain Michael Joseph Flynn, moves down the path of destruction until Moira, the captain's daughter, exposes his self-serving designs."
Trillions,Trillions,Nicholas Fisk,3.82,246,https://i.gr-assets.com/images/S/compressed.photo.goodreads.com/books/1645186761i/1087689._SY75_.jpg,https://www.goodreads.com/book/show/1087689.Trillions,goodreads_scraped,Science fiction,158,"Before the military succeeds in destroying the strange, geometric objects from outer space, a thirteen-year-old boy learns to communicate with them and decides what to do with them."
Red Zone,Red Zone,Tom Browne,0.0,0,https://i.gr-assets.com/images/S/compressed.photo.goodreads.com/books/1523869230i/39860994._SX50_.jpg,https://www.goodreads.com/book/show/39860994-red-zone,goodreads_scraped,Fiction in English,151,
Winter of Magic's Return,Winter of Magic's Return,Pamela F. Service,4.23,272,https://i.gr-assets.com/images/S/compressed.photo.goodreads.com/books/1387745061i/29960._SY75_.jpg,https://www.goodreads.com/book/show/29960.Winter_of_Magic_s_Return,goodreads_scraped,"Merlin (Legendary character), Fiction, Fantasy, Juvenile fiction, Wizards",192,"Convinced that a new age of magic is about to begin in the wake of the nuclear holocaust, a young resurrected Merlin and two friends set out to bring King Arthur back to the land."
The Engineer of Beasts,The Engineer of Beasts,Scott Russell Sanders,3.73,15,https://i.gr-assets.com/images/S/compressed.photo.goodreads.com/books/1475178108i/1777853._SX50_.jpg,https://www.goodreads.com/book/show/1777853.The_Engineer_of_Beasts,goodreads_scraped,,,
Tomorrow's Magic,Tomorrow's Magic,Pamela F. Service,4.08,483,https://i.gr-assets.com/images/S/compressed.photo.goodreads.com/books/1320503878i/743391._SY75_.jpg,https://www.goodreads.com/book/show/743391.Tomorrow_s_Magic,goodreads_scraped,"Fiction, Merlin (Legendary character), Fantasy, Juvenile fiction, Wizards",448,"It's 500 years after the nuclear holocaust that devastated the earth's population and left the few survivors dealing with unending winter. At their remote British boarding school, Wellington Jones and HeatherMcKenna
have a lot in common. Both are misfits trying to avoid attention, and both are fascinated by Earl, a tall, calm, older boy with no recollection of his past, but a remarkable knack for showing up when he isneeded most. 
When a blow to the head brings Earl's memory back, he claims that he is actually Merlin . . . a 2000-year-old wizard. 
Originally published in two volumes in the mid-1980s, Pamela F. Service's creative, futuristic spin on the Camelot legend will appeal to Arthurian purists and fantasy lovers alike. ""From the Hardcover edition."""
Hearts-ease,Hearts-ease,Peter Dickinson,3.81,181,https://i.gr-assets.com/images/S/compressed.photo.goodreads.com/books/1361372715i/1507233._SY75_.jpg,https://www.goodreads.com/book/show/1507233.Hearts_ease,goodreads_scraped,,,
Stinker from Space,Stinker from Space,Pamela F. Service,3.73,178,https://i.gr-assets.com/images/S/compressed.photo.goodreads.com/books/1182552342i/1294627._SY75_.jpg,https://www.goodreads.com/book/show/1294627.Stinker_from_Space,goodreads_scraped,"Fiction, science fiction, space opera",0,
The Devil's Children,The Devil's Children,Peter Dickinson,3.88,234,https://i.gr-assets.com/images/S/compressed.photo.goodreads.com/books/1350268953i/289571._SX50_.jpg,https://www.goodreads.com/book/show/289571.The_Devil_s_Children,goodreads_scraped,"Science fiction, Juvenile fiction, Children's stories, Donna Harsh Collection, Social prediction",158,"After the mysterious Changes begin, twelve-year-old Nicola finds herself abandoned and wandering in an England where everyone has suddenly developed a horror and hatred of machines."
Barbary,Barbary,Vonda N. McIntyre,3.66,273,https://i.gr-assets.com/images/S/compressed.photo.goodreads.com/books/1301722049i/1153228._SY75_.jpg,https://www.goodreads.com/book/show/1153228.Barbary,goodreads_scraped,"Fiction, Science fiction, Orphans, Cats, Children's fiction",183,Orphaned Barbary finds a new home on a space station but runs into difficulties trying to protect her pet cat Mickey.
The Weathermonger,The Weathermonger,Peter Dickinson,3.66,291,https://i.gr-assets.com/images/S/compressed.photo.goodreads.com/books/1280504701i/1300476._SY75_.jpg,https://www.goodreads.com/book/show/1300476.The_Weathermonger,goodreads_scraped,"Science fiction, Children's stories, Fiction, science fiction, general, Social prediction, Juvenile fiction",160,People of the future recreate the Middle Ages by destroying machines and by subjecting anyone found with a machine or a knowledge of mechanics to severe punishment or death.
Brother in the Land,Brother in the Land,Robert Swindells,3.96,1572,https://i.gr-assets.com/images/S/compressed.photo.goodreads.com/books/1355115068i/689855._SY75_.jpg,https://www.goodreads.com/book/show/689855.Brother_in_the_Land,goodreads_scraped,"Fiction, Young Adult Fiction, Atomic bomb, Children's fiction, Boys, fiction",151,"An 'After-the-Bomb' story told by teenage Danny, one of the survivors - one of the unlucky ones. Set in Shipley, an ordinary town in the north of England, this is a powerful portrayal of a world that has broken down. Danny not only has to cope in a world of lawlessness and gang warfare, but he has to protect and look after his little brother, Ben, and a girl called Kim. Is there any hope left for a new world?"
Starsilk,"Starsilk (Sunstone Scrolls, #3)",Sydney J. Van Scyoc,4.1,101,https://i.gr-assets.com/images/S/compressed.photo.goodreads.com/books/1328494746i/616595._SY75_.jpg,https://www.goodreads.com/book/show/616595.Starsilk,goodreads_scraped,"Fiction, fantasy, general",247,
The Edge of the World,The Edge of the World,John  Gordon,3.91,23,https://i.gr-assets.com/images/S/compressed.photo.goodreads.com/books/1757265339i/20521873._SY75_.jpg,https://www.goodreads.com/book/show/20521873-the-edge-of-the-world,goodreads_scraped,"Fantasy, Adventure and adventurers, fiction, Children's fiction",186,Two young people set out on a dangerous quest which takes them from their English countryside to a strange desert world.
The Gown,The Gown,Jennifer Robson,4.14,60657,https://i.gr-assets.com/images/S/compressed.photo.goodreads.com/books/1535551119i/39893613._SY75_.jpg,https://www.goodreads.com/book/show/39893613-the-gown,goodreads_scraped,"Fiction, historical, Fiction, historical, general, Fiction, Wedding costume, Women dressmakers",416,
The Queen's Secret,The Queen's Secret,Karen Harper,3.47,8763,https://i.gr-assets.com/images/S/compressed.photo.goodreads.com/books/1562181868i/52028849._SY75_.jpg,https://www.goodreads.com/book/show/52028849-the-queen-s-secret,goodreads_scraped,,193,
The Royal Nanny,The Royal Nanny,Karen Harper,3.93,6568,https://i.gr-assets.com/images/S/compressed.photo.goodreads.com/books/1451848217i/26795367._SY75_.jpg,https://www.goodreads.com/book/show/26795367-the-royal-nanny,goodreads_scraped,"Fiction, Princes, Nannies, Large type books, FICTION",529,"April, 1897: A young nanny arrives at Sandringham, ancestral estate of the Duke and Duchess of York. She is excited, exhausted and about to meet royalty. So begins the story of Charlotte Bill, who would care for a generation of royals as their parents never could. Neither Charlotte LaLa, as her charges dub her nor anyone else can predict that eldest sons David and Bertie will each one day be king. LaLa knows only that these children, and the four who swiftly follow, need her steadfast loyalty and unconditional affection. But the greatest impact on Charlotte's life is made by a mere bud on the family tree: a misunderstood soul who will one day be known as the Lost Prince. Young Prince John needs all of Lala's love -- the kind of love his parents won't or can't show him. From Britain's old wealth to the glittering excesses of Tsarist Russia; from country cottages to royal yachts, and from nursery to ballroom, Charlotte Bill witnesses history."
"The Other Windsor Girl: A Novel of Princess Margaret, Royal Rebel","The Other Windsor Girl: A Novel of Princess Margaret, Royal Rebel",Georgie Blalock,3.64,5874,https://i.gr-assets.com/images/S/compressed.photo.goodreads.com/books/1555518822i/43884183._SY75_.jpg,https://www.goodreads.com/book/show/43884183-the-other-windsor-girl,goodreads_scraped,,1,
Another Woman's Husband,Another Woman's Husband,Gill Paul,4.09,5795,https://i.gr-assets.com/images/S/compressed.photo.goodreads.com/books/1511383170i/36590430._SY75_.jpg,https://www.goodreads.com/book/show/36590430-another-woman-s-husband,goodreads_scraped,"Marriages of royalty and nobility, Fiction, Fiction, general",453,"USA Today bestselling author of The Secret Wife ANOTHER WOMAN'S HUSBAND is the latest gripping novel from Gill Paul. 'A triumph' Dinah Jefferies on The Secret Wife. Two women, divided by time, bound by a secret...1911. Aged just fifteen, Mary Kirk and Wallis Warfield meet at summer camp. Their friendship will survive heartbreaks, continents, and the demands of the English crown, until it is shattered by one unforgivable betrayal...1997. Kendall's romantic break in Paris with her fiance is interrupted when the taxi in front crashes suddenly. The news soon follows: Princess Diana is dead. Trying to forget what she has witnessed, Kendall returns home, where the discovery of a long-forgotten link to Wallis Simpson, the Duchess of Windsor, will lead her to the truth of a scandal which shook the world...Richly imagined and beautifully written, ANOTHER WOMAN'S HUSBAND is a moving novel about two women thrust into the spotlight, haunted by love and loss."
Four Funerals and Maybe a Wedding,"Four Funerals and Maybe a Wedding (Her Royal Spyness, #12)",Rhys Bowen,4.17,11759,https://i.gr-assets.com/images/S/compressed.photo.goodreads.com/books/1511193028i/36583047._SY75_.jpg,https://www.goodreads.com/book/show/36583047-four-funerals-and-maybe-a-wedding,goodreads_scraped,"Fiction, Women spies, Aristocracy (Social class), History, Fiction, mystery & detective, women sleuths",291,"""In the days leading up to her wedding to Darcy O'Mara, Lady Georgiana Rannoch takes on the responsibilities of a grand estate, but proving she can run a household just may be the death of her in the new Royal Spyness Mystery from the New York Times bestselling author of On Her Majesty's Frightfully Secret Service. If only Darcy and I had eloped! What I thought would be a simple wedding has been transformed into a grand affair, thanks to the attendance of the queen, who has offered up the princesses as bridesmaids. Silly me! I thought that withdrawing from the royal line of succession would simplify my life. But before Darcy and I tie the knot in front of queen and country, we have to find a place to live as man and wife... House hunting turns out to be a pretty grim affair. Just as we start to lose hope, my globetrotting godfather offers us his fully staffed country estate. Mistress of Eynsleigh I shall be! With Darcy off in parts unknown, I head to Eynsleigh alone, only to have my hopes dashed. The grounds are in disarray and the small staff is suspiciously incompetent. Not to mention the gas tap leak in my bedroom, which I can only imagine was an attempt on my life. Something rotten is afoot--and bringing the place up to snuff may put me six feet under before I even get a chance to walk down the aisle..""--

""The latest book in Rhys Bowen's Her Royal Spyness Mysteries""--"
The Royal Governess,"The Royal Governess (Royal Outsiders, #1)",Wendy  Holden,3.76,5931,https://i.gr-assets.com/images/S/compressed.photo.goodreads.com/books/1575336548i/49080235._SY75_.jpg,https://www.goodreads.com/book/show/49080235-the-royal-governess,goodreads_scraped,English literature,448,
"The Woman Before Wallis: A Novel of Windsors, Vanderbilts, and Royal Scandal","The Woman Before Wallis: A Novel of Windsors, Vanderbilts, and Royal Scandal",Bryn Turnbull,3.88,8781,https://i.gr-assets.com/images/S/compressed.photo.goodreads.com/books/1572052698i/52949204._SY75_.jpg,https://www.goodreads.com/book/show/52949204-the-woman-before-wallis,goodreads_scraped,"Fiction, family life, siblings, Fiction, family life, marriage & divorce, Fiction, women, Fiction, historical, general",400,
In Royal Service to the Queen,In Royal Service to the Queen,Tessa Arlen,3.9,1849,https://i.gr-assets.com/images/S/compressed.photo.goodreads.com/books/1616480838i/55655044._SX50_.jpg,https://www.goodreads.com/book/show/55655044-in-royal-service-to-the-queen,goodreads_scraped,American literature,368,
Before the Crown,Before the Crown,Flora Harding,3.88,4760,https://i.gr-assets.com/images/S/compressed.photo.goodreads.com/books/1591000892i/48910589._SY75_.jpg,https://www.goodreads.com/book/show/48910589-before-the-crown,goodreads_scraped,,400,
The Uncommon Reader,The Uncommon Reader,Alan Bennett,3.73,62144,https://i.gr-assets.com/images/S/compressed.photo.goodreads.com/books/1317064291i/1096390._SX50_.jpg,https://www.goodreads.com/book/show/1096390.The_Uncommon_Reader,goodreads_scraped,"Kings and rulers, Literature, Fiction, Books and reading, Queens",124,"The Uncommon Reader is none other than HM the Queen who drifts accidentally into reading when her corgis stray into a mobile library parked at Buckingham Palace. She reads widely ( JR Ackerley, Jean Genet, Ivy Compton Burnett and the classics) and intelligently. Her reading naturally changes her world view and her relationship with people like the oleaginous prime minister and his repellent advisers. She comes to question the prescribed order of the world and loses patience with much that she has to do. In short, her reading is subversive. The consequence is, of course, surprising, mildly shocking and very funny."
The Good Servant,The Good Servant,Fern Britton,4.27,1812,https://i.gr-assets.com/images/S/compressed.photo.goodreads.com/books/1650633809i/59344708._SY75_.jpg,https://www.goodreads.com/book/show/59344708-the-good-servant,goodreads_scraped,,,
Henry the Queen’s Corgi,Henry the Queen’s Corgi,Georgie Crawley,4.11,633,https://i.gr-assets.com/images/S/compressed.photo.goodreads.com/books/1502129194i/35429672._SY75_.jpg,https://www.goodreads.com/book/show/35429672-henry-the-queen-s-corgi,goodreads_scraped,"London (england), fiction, Fiction, general",320,
The Golden Prince,The Golden Prince,Rebecca Dean,3.44,668,https://i.gr-assets.com/images/S/compressed.photo.goodreads.com/books/1320546759i/8534237._SY75_.jpg,https://www.goodreads.com/book/show/8534237-the-golden-prince,goodreads_scraped,"Great britain, fiction, Fiction, historical, general",448,
The Shadow Queen,The Shadow Queen,Rebecca Dean,3.64,1538,https://i.gr-assets.com/images/S/compressed.photo.goodreads.com/books/1331584567i/13155464._SY75_.jpg,https://www.goodreads.com/book/show/13155464-the-shadow-queen,goodreads_scraped,"Fiction, Fiction, biographical, Fiction, historical, general",0,
The Secret Guests,"The Secret Guests (St. John Strafford, #1)",Benjamin Black,3.13,2929,https://i.gr-assets.com/images/S/compressed.photo.goodreads.com/books/1571408130i/45186564._SY75_.jpg,https://www.goodreads.com/book/show/45186564-the-secret-guests,goodreads_scraped,,,
The Queen and I,The Queen and I,Sue Townsend,3.71,7022,https://i.gr-assets.com/images/S/compressed.photo.goodreads.com/books/1689683209i/54245._SY75_.jpg,https://www.goodreads.com/book/show/54245.The_Queen_and_I,goodreads_scraped,"Drama, Fiction, Monarchy, Queens, Great britain, fiction",239,"A revolutionary British government orders the Queen to abdicate and the Royal family to vacate Buckingham Palace. Being rehoused on a council estate in the Midlands comes as a bit of a shock to Philip and Elizabeth. The intrusion of this family of ""poshos"" is a shock for their new neighbours too."
The Duchess,"The Duchess (Royal Outsiders, #2)",Wendy  Holden,3.96,2713,https://i.gr-assets.com/images/S/compressed.photo.goodreads.com/books/1617707529i/56913173._SX50_.jpg,https://www.goodreads.com/book/show/56913173-the-duchess,goodreads_scraped,,,
The People's Princess,The People's Princess,Flora Harding,3.72,1390,https://i.gr-assets.com/images/S/compressed.photo.goodreads.com/books/1635772462i/57376953._SY75_.jpg,https://www.goodreads.com/book/show/57376953-the-people-s-princess,goodreads_scraped,,,
Christmas with the Queen,Christmas with the Queen,Hazel Gaynor,3.97,13918,https://i.gr-assets.com/images/S/compressed.photo.goodreads.com/books/1717773456i/199531640._SY75_.jpg,https://www.goodreads.com/book/show/199531640-christmas-with-the-queen,goodreads_scraped,,0,
Princess Elizabeth's Spy,"Princess Elizabeth's Spy (Maggie Hope Mystery, #2)",Susan Elia MacNeal,3.92,18945,https://i.gr-assets.com/images/S/compressed.photo.goodreads.com/books/1336319137i/13330549._SY75_.jpg,https://www.goodreads.com/book/show/13330549-princess-elizabeth-s-spy,goodreads_scraped,"FICTION / Mystery & Detective / Traditional British, FICTION / Mystery & Detective / Historical, Fiction, Americans, World War, 1939-1945",445,"""Susan Elia MacNeal introduced the remarkable Maggie Hope in her acclaimed debut, Mr. Churchill's Secretary. Now Maggie returns to protect Britain's beloved royals  against an international plot--one that could change the course of history.  As World War II sweeps the continent and England steels itself against German attack, Maggie Hope, former secretary to Prime Minister Winston Churchill, completes her training to become a spy for MI-5. Spirited, strong-willed, and possessing one of the sharpest minds in government for mathematics and code-breaking, she fully expects to be sent abroad to gather intelligence for the British front. Instead, to her great disappointment, she is dispatched to go undercover at Windsor Castle, where she will tutor the young Princess Elizabeth in math. Yet castle life quickly proves more dangerous--and deadly--than Maggie ever expected. The upstairs-downstairs world at Windsor is thrown into disarray by a shocking murder, which draws Maggie into a vast conspiracy that places the entire royal family in peril. And as she races to save England from a most disturbing fate, Maggie realizes that a quick wit is her best defense, and that the smallest clues can unravel the biggest secrets, even within her own family""--"
Mrs Queen Takes the Train,Mrs Queen Takes the Train,William Kuhn,3.56,7712,https://i.gr-assets.com/images/S/compressed.photo.goodreads.com/books/1348684181i/13571784._SY75_.jpg,https://www.goodreads.com/book/show/13571784-mrs-queen-takes-the-train,goodreads_scraped,Fiction,379,
Gone with the Windsors,Gone with the Windsors,Laurie Graham,3.8,978,https://i.gr-assets.com/images/S/compressed.photo.goodreads.com/books/1180012896i/985133._SY75_.jpg,https://www.goodreads.com/book/show/985133.Gone_with_the_Windsors,goodreads_scraped,"Fiction, Romance, Social life and customs, Manners and customs, Americans",461,"When Maybell Brumby, frisky, wealthy, and recently widowed, quits Baltimore and arrives in London, she finds that her old school chum, Bessie Wallis Warfield, is there ahead of her. Impoverished and ambitious as ever, Wallis is on the make. Hampered by plodding husband number two, but armed with terrific bone structure and a few erotic tricks picked up in China, Wallis sets her sights on the most eligible bachelor in the world: the Prince of Wales, heir to the throne. Maybell, with her deep pockets, makes the perfect ally, and her disarming dimness makes her the most delicious chronicler of the scandal that rocked a monarchy and changed the course of history."
The Queen's Corgi: On Purpose,The Queen's Corgi: On Purpose,David Michie,3.95,843,https://i.gr-assets.com/images/S/compressed.photo.goodreads.com/books/1473397195i/31927265._SY75_.jpg,https://www.goodreads.com/book/show/31927265-the-queen-s-corgi,goodreads_scraped,"Fiction, visionary & metaphysical",227,
Royal Flush,"Royal Flush (Her Royal Spyness Mysteries, #3)",Rhys Bowen,3.99,18662,https://i.gr-assets.com/images/S/compressed.photo.goodreads.com/books/1328009301i/5981169._SY75_.jpg,https://www.goodreads.com/book/show/5981169-royal-flush,goodreads_scraped,"Mystery, Aristocracy (Social class), Fiction, Attempted assassination, Large type books",0,"A Royal Spyness mystery starring Lady Georgiana, thirty-fourth in line for the throne—and the mystery world’s favorite penniless heiress. With its posh clientele in the country for the summer, Georgie’s housecleaning business has fizzled. So she tries hiring herself out as a dinnerand- theatre companion. But her first client has quite the wrong idea. To avoid further scandal, Georgie’s shipped home to Castle Rannoch, where her summer plans include honoring a promise to Her Majesty to keep Castle Rannoch’s divorcee houseguest from seducing the Prince of Wales. She’s also been coerced into helping Scotland Yard with a top-secret mission—namely keeping an eye on the shooting party at Balmoral and preventing someone from shooting the Prince. And Georgie must manage all this without strangling her odious sister-in-law Fig or spineless brother Binky."
Lost Autumn,Lost Autumn,Mary-Rose MacColl,3.74,962,https://i.gr-assets.com/images/S/compressed.photo.goodreads.com/books/1574331887l/52183381._SX50_SY75_.jpg,https://www.goodreads.com/book/show/52183381-lost-autumn,goodreads_scraped,,0,
The Rose Code,The Rose Code,Kate Quinn,4.44,393611,https://i.gr-assets.com/images/S/compressed.photo.goodreads.com/books/1596553679i/53914938._SX50_.jpg,https://www.goodreads.com/book/show/53914938-the-rose-code,goodreads_scraped,"nyt:combined-print-and-e-book-fiction=2021-03-28, New York Times bestseller, Fiction, mystery & detective, historical, World war, 1939-1945, fiction, Friendship, fiction",400,
The Royal Windsor Secret,The Royal Windsor Secret,Christine   Wells,3.72,1729,https://i.gr-assets.com/images/S/compressed.photo.goodreads.com/books/1681107181i/70240512._SY75_.jpg,https://www.goodreads.com/book/show/70240512-the-royal-windsor-secret,goodreads_scraped,,,
Coronation Year,Coronation Year,Jennifer Robson,3.93,6981,https://i.gr-assets.com/images/S/compressed.photo.goodreads.com/books/1675640549i/61042487._SY75_.jpg,https://www.goodreads.com/book/show/61042487-coronation-year,goodreads_scraped,,480,
"The Windsor Conspiracy: A Novel of the Crown, a Conspiracy, and the Duchess of Windsor","The Windsor Conspiracy: A Novel of the Crown, a Conspiracy, and the Duchess of Windsor",Georgie Blalock,3.94,657,https://i.gr-assets.com/images/S/compressed.photo.goodreads.com/books/1702086340i/199635115._SY75_.jpg,https://www.goodreads.com/book/show/199635115-the-windsor-conspiracy,goodreads_scraped,,,
The Princess,The Princess (Royal Outsiders #3),Wendy  Holden,3.74,1196,https://i.gr-assets.com/images/S/compressed.photo.goodreads.com/books/1680270281i/59457909._SY75_.jpg,https://www.goodreads.com/book/show/59457909-the-princess,goodreads_scraped,,,
The Royal Librarian,The Royal Librarian,Daisy Wood,4.08,8408,https://i.gr-assets.com/images/S/compressed.photo.goodreads.com/books/1705074410i/123263354._SY75_.jpg,https://www.goodreads.com/book/show/123263354-the-royal-librarian,goodreads_scraped,,,
Palace Hill,Palace Hill,Peter Corey,2.5,2,https://i.gr-assets.com/images/S/compressed.photo.goodreads.com/books/1612260707i/7148265._SY75_.jpg,https://www.goodreads.com/book/show/7148265-palace-hill,goodreads_scraped,Fiction,140,
The Little Bear and the Princess,The Little Bear and the Princess,Jane Brown Gemmill,4.0,1,https://i.gr-assets.com/images/S/compressed.photo.goodreads.com/books/1425952427i/25109326._SY75_.jpg,https://www.goodreads.com/book/show/25109326-the-little-bear-and-the-princess,goodreads_scraped,"Bears, Folklore",60,
Coronation,Coronation,Paul Gallico,4.12,313,https://i.gr-assets.com/images/S/compressed.photo.goodreads.com/books/1609662004i/56525986._SY75_.jpg,https://www.goodreads.com/book/show/56525986-coronation,goodreads_scraped,,139,
Death at Windsor Castle,Death at Windsor Castle (Her Majesty Investigates #3),C.C. Benison,3.8,217,https://i.gr-assets.com/images/S/compressed.photo.goodreads.com/books/1314742933i/1030339._SY75_.jpg,https://www.goodreads.com/book/show/1030339.Death_at_Windsor_Castle,goodreads_scraped,"Kings and rulers, Fiction, Windsor Castle, Jane Bee (Fictitious character), Royal households",400,
A Royal Murder,"A Royal Murder (Eleanor Roosevelt, #13)",Elliott Roosevelt,3.54,191,https://i.gr-assets.com/images/S/compressed.photo.goodreads.com/books/1387664742i/1439044._SX50_.jpg,https://www.goodreads.com/book/show/1439044.A_Royal_Murder,goodreads_scraped,"Fiction, Women detectives, Presidents' spouses, Large type books, Fiction, historical, general",259,"First Lady Eleanor Roosevelt journeys to the Bahamas to visit the exiled Duke and Duchess of Windsor and uncovers dangerous plots involving Nazi plans for expansion, smuggling, defection, wartime profiteering, and murder."
Lily and the Traitors' Spell,"Lily and the Traitors' Spell (Lily, #4)",Holly Webb,4.2,205,https://i.gr-assets.com/images/S/compressed.photo.goodreads.com/books/1386992085i/19454037._SY75_.jpg,https://www.goodreads.com/book/show/19454037-lily-and-the-traitors-spell,goodreads_scraped,"Magicians, Magic, Sisters, Mothers and daughters, Juvenile fiction",192,
The Journey After the Crown,The Journey After the Crown,Andrew Mackie,3.54,650,https://i.gr-assets.com/images/S/compressed.photo.goodreads.com/books/1648848140i/60733756._SY75_.jpg,https://www.goodreads.com/book/show/60733756-the-journey-after-the-crown,goodreads_scraped,English literature,0,
The Windsor Knot,The Windsor Knot,S.J.  Bennett,3.51,31178,https://i.gr-assets.com/images/S/compressed.photo.goodreads.com/books/1611554529i/53914972._SY75_.jpg,https://www.goodreads.com/book/show/53914972-the-windsor-knot,goodreads_scraped,,,
The BFG,The BFG,Roald Dahl,4.23,535564,https://i.gr-assets.com/images/S/compressed.photo.goodreads.com/books/1327872673i/6319._SY75_.jpg,https://www.goodreads.com/book/show/6319.The_BFG,goodreads_scraped,"Open Library Staff Picks, Roald Dahl, Tweens, Teens, Teenagers",208,"This book is a great book for all ages. It is a fantasy/adventure book.The BFG stands for 'Big Friendly Giant'. He isn't like other giants, instead of going out to different countries to eat children he catches dreams. When he find's a little orphan girl watching him, he kidnaps her because he doesn't want anyone to find out that he was there, but when they arrive at giant's land they become friends and set off into the world to save all the children from the hungry giants."
The Royal Rabbits of London,The Royal Rabbits of London (The Royal Rabbits of London #1),Santa Montefiore,3.78,1334,https://i.gr-assets.com/images/S/compressed.photo.goodreads.com/books/1470228755i/29361036._SX50_.jpg,https://www.goodreads.com/book/show/29361036-the-royal-rabbits-of-london,goodreads_scraped,"Children's fiction, Rabbits, fiction, London (england), fiction, Adventure and adventurers, fiction",208,
Wallis: The Novel,Wallis: The Novel,Anne Edwards,3.75,173,https://i.gr-assets.com/images/S/compressed.photo.goodreads.com/books/1289527984i/1933779._SX50_.jpg,https://www.goodreads.com/book/show/1933779.Wallis,goodreads_scraped,"Fiction, History, Great britain, fiction, American literature",478,
In the Wet,In the Wet,Nevil Shute,3.89,1448,https://i.gr-assets.com/images/S/compressed.photo.goodreads.com/books/1327990309i/181980._SY75_.jpg,https://www.goodreads.com/book/show/181980.In_the_Wet,goodreads_scraped,"Science fiction, British and irish fiction (fictional works by one author), English Science fiction",354,"Originally published in 1953, In the Wet is Nevil Shute's speculative glance into the future of the British Empire. An elderly clergyman stationed in the Australian bush is called to the bedside of a dying derelict. In his delirium Stevie tells a story of England in 1983 through the medium of a squadron air pilot in the service of Queen Elizabeth II."
The Autobiography of the Queen,The Autobiography of the Queen,Emma Tennant,2.79,100,https://i.gr-assets.com/images/S/compressed.photo.goodreads.com/books/1328694590i/2093178._SX50_.jpg,https://www.goodreads.com/book/show/2093178.The_Autobiography_of_the_Queen,goodreads_scraped,"Fiction, Elizabeth in fiction, Bars (Drinking establishments), Saint Lucia in fiction, Management",218,"The Queen has left for the Caribbean island of St Lucia, where she has bought a house off-plan. No one knows that 'Mrs Gloria Smith' is the Queen of England, and is not in the habit of introducing herself to strangers. This book is the story of the sovereign's stay between the Pitons on St Lucia."
Queen Camilla,Queen Camilla,Sue Townsend,3.45,2087,https://i.gr-assets.com/images/S/compressed.photo.goodreads.com/books/1174340673i/383063._SY75_.jpg,https://www.goodreads.com/book/show/383063.Queen_Camilla,goodreads_scraped,"Conservative Party (Great Britain), Fiction, Literature, Monarchy, Politics and government",442,"What if being Royal was a crime?The UK has come over all republican. The Royal Family exiled to an Exclusion Zone with the other villains and spongers. And to cap it all, the Queen has threatened to abdicate.Yet Prince Charles is more interested in root vegetables than reigning ... unless his wife Camilla can be Queen in a newly restored monarchy. But when a scoundrel who claims to be the couple's secret lovechild offers to take the crown off their hands, the stage is set for a right Royal show down.And the question for Camilla (and rest of the country) will be:Queen of the vegetable patch or Queen of England?"
King Charles III,King Charles III,Mike Bartlett,4.01,752,https://i.gr-assets.com/images/S/compressed.photo.goodreads.com/books/1398195101i/21535463._SY75_.jpg,https://www.goodreads.com/book/show/21535463-king-charles-iii,goodreads_scraped,"Drama, Kings and rulers, Theatre",105,"Mike Bartlett's controversial ""future history play"" explores the people beneath the crowns, the unwritten rules of our democracy, and the conscience of Britain's most famous family. Queen Elizabeth II is dead. After a lifetime of waiting, her son ascends the throne. A future of power. But how to rule? Drawing on the style and structure of a Shakespearean history play, King Charles III opened at London's Almeida Theatre, directed by its Artistic Director Rupert Goold, in 2014, before transferring to the West End.--Publisher description."
The Royal Correspondent,The Royal Correspondent,Alexandra Joel,3.72,1633,https://i.gr-assets.com/images/S/compressed.photo.goodreads.com/books/1609536084i/54831530._SY75_.jpg,https://www.goodreads.com/book/show/54831530-the-royal-correspondent,goodreads_scraped,,480,
Elizabeth and Marilyn,Elizabeth and Marilyn,Julie Owen Moylan,4.12,241,https://i.gr-assets.com/images/S/compressed.photo.goodreads.com/books/1752379006i/233593806._SY75_.jpg,https://www.goodreads.com/book/show/233593806-elizabeth-and-marilyn,goodreads_scraped,,0,
The Queen's Coronation,The Queen's Coronation,Jennifer    Ryan,3.8,230,https://i.gr-assets.com/images/S/compressed.photo.goodreads.com/books/1765191847i/239167343._SX50_.jpg,https://www.goodreads.com/book/show/239167343-the-queen-s-coronation,goodreads_scraped,,,
The Windsor Affair,The Windsor Affair,Melanie Benjamin,4.26,362,https://i.gr-assets.com/images/S/compressed.photo.goodreads.com/books/1762800193i/240331991._SY75_.jpg,https://www.goodreads.com/book/show/240331991-the-windsor-affair,goodreads_scraped,,,
"Ruoka, ilmasto ja terveys","Ruoka, ilmasto ja terveys",Risto Isomäki,4.14,322,https://i.gr-assets.com/images/S/compressed.photo.goodreads.com/books/1609686230i/56529655._SY75_.jpg,https://www.goodreads.com/book/show/56529655-ruoka-ilmasto-ja-terveys,goodreads_scraped,,,
Metsä meidän jälkeemme,Metsä meidän jälkeemme,Anssi Jokiranta,4.23,726,https://i.gr-assets.com/images/S/compressed.photo.goodreads.com/books/1560865613l/49436282._SX50_SY75_.jpg,https://www.goodreads.com/book/show/49436282-mets-meid-n-j-lkeemme,goodreads_scraped,,,
Lihan loppu,Lihan loppu,Suvi Auvinen,4.28,1070,https://i.gr-assets.com/images/S/compressed.photo.goodreads.com/books/1569494126l/49515842._SX50_SY75_.jpg,https://www.goodreads.com/book/show/49515842-lihan-loppu,goodreads_scraped,,,
Tuhannen viillon kuolema,"Tuhannen viillon kuolema (Rikkaiden unelmat, #1)",Juhana Pettersson,2.95,40,https://i.gr-assets.com/images/S/compressed.photo.goodreads.com/books/1508055438i/36415579._SY75_.jpg,https://www.goodreads.com/book/show/36415579-tuhannen-viillon-kuolema,goodreads_scraped,,,
Ihme ilmat! Miksi ilmasto muuttuu,Ihme ilmat! Miksi ilmasto muuttuu,Laura Ertimo,4.03,70,https://i.gr-assets.com/images/S/compressed.photo.goodreads.com/books/1574025352l/52933626._SX50_SY75_.jpg,https://www.goodreads.com/book/show/52933626-ihme-ilmat-miksi-ilmasto-muuttuu,goodreads_scraped,,,
Kuunpäivän kirjeet,Kuunpäivän kirjeet,Emmi Itäranta,3.79,2122,https://i.gr-assets.com/images/S/compressed.photo.goodreads.com/books/1599857133i/53308298._SY75_.jpg,https://www.goodreads.com/book/show/53308298-kuunp-iv-n-kirjeet,goodreads_scraped,,0,
Kirja vedestä,Kirja vedestä,Anja Portin,4.0,2,https://i.gr-assets.com/images/S/compressed.photo.goodreads.com/books/1532704369i/40960525._SX50_.jpg,https://www.goodreads.com/book/show/40960525-kirja-vedest,goodreads_scraped,,,
Teemestarin kirja,Teemestarin kirja,Emmi Itäranta,3.64,10573,https://i.gr-assets.com/images/S/compressed.photo.goodreads.com/books/1740256073i/13425795._SX50_.jpg,https://www.goodreads.com/book/show/13425795-teemestarin-kirja,goodreads_scraped,"Fiction, dystopian, Fiction, general, Dystopias, Fiction, Secrecy",281,"Maailmasta on loppumassa vesi. Suunnattoman katastrofin - ehkä ilmastonmuutoksen, ehkä jonkin muun - läpikäynyt ihmiskunta sinnittelee veden vähyyden ja sen säännöstelyä hallitsevan diktatuurin vallan alla. Vain kaatopaikoille hautautunut teknologia ja teemestarien sukupolvien ajan pitämät päiväkirjat muistuttavat entisistä ajoista.

Noria on teemestarien sukua, ja pian on hänen vuoronsa ottaa vastaan täysivaltaisen teemestarin arvo - ja edeltäjiensä tarkkaan varjelema salaisuus. Aikana, jona veden kätkeminen on rikoksista pahin, sotilasvallan katseet kiinnittyvät väistämättä teemestarin taloon..."
Monimuotoisuus – kertomuksia katoamisista,Monimuotoisuus – kertomuksia katoamisista,Juha Kauppinen,4.29,516,https://i.gr-assets.com/images/S/compressed.photo.goodreads.com/books/1555090903i/45028716._SY75_.jpg,https://www.goodreads.com/book/show/45028716-monimuotoisuus-kertomuksia-katoamisista,goodreads_scraped,,,
Vedenpaisumuksen lapset,Vedenpaisumuksen lapset,Risto Isomäki,3.51,353,https://i.gr-assets.com/images/S/compressed.photo.goodreads.com/books/1596814173i/54843898._SY75_.jpg,https://www.goodreads.com/book/show/54843898-vedenpaisumuksen-lapset,goodreads_scraped,,,
Sarasvatin hiekkaa,Sarasvatin hiekkaa,Risto Isomäki,3.52,1719,https://i.gr-assets.com/images/S/compressed.photo.goodreads.com/books/1271964590i/6576539._SY75_.jpg,https://www.goodreads.com/book/show/6576539-sarasvatin-hiekkaa,goodreads_scraped,,319,
"250 ilmastotekoa, joilla pelastat maailman","250 ilmastotekoa, joilla pelastat maailman",Rinna Saramäki,3.54,311,https://i.gr-assets.com/images/S/compressed.photo.goodreads.com/books/1579248334i/50521484._SX50_.jpg,https://www.goodreads.com/book/show/50521484-250-ilmastotekoa-joilla-pelastat-maailman,goodreads_scraped,,,
Ilmastotekokirja,Ilmastotekokirja,Kaisa Happonen,3.66,100,https://i.gr-assets.com/images/S/compressed.photo.goodreads.com/books/1607524385i/56231298._SX50_.jpg,https://www.goodreads.com/book/show/56231298-ilmastotekokirja,goodreads_scraped,,,
Tekoja nyt! Maailmanpelastajan käsikirja,Tekoja nyt! Maailmanpelastajan käsikirja,Silja Annila,3.58,69,https://i.gr-assets.com/images/S/compressed.photo.goodreads.com/books/1588839778i/53343594._SX50_.jpg,https://www.goodreads.com/book/show/53343594-tekoja-nyt-maailmanpelastajan-k-sikirja,goodreads_scraped,,,
Maanalaiset linnut,Maanalaiset linnut,Mia Rönkä,3.17,30,https://i.gr-assets.com/images/S/compressed.photo.goodreads.com/books/1466264201i/30644171._SX50_.jpg,https://www.goodreads.com/book/show/30644171-maanalaiset-linnut,goodreads_scraped,,,
"Yksi elämä, yksi planeetta – Näkemys ihmeellisen maailmamme tulevaisuudesta","Yksi elämä, yksi planeetta – Näkemys ihmeellisen maailmamme tulevaisuudesta",David Attenborough,4.5,35546,https://i.gr-assets.com/images/S/compressed.photo.goodreads.com/books/1603780529i/55809855._SX50_.jpg,https://www.goodreads.com/book/show/55809855-yksi-el-m-yksi-planeetta-n-kemys-ihmeellisen-maailmamme-tulevaisuude,goodreads_scraped,,,
Luonto ihmisen aikakaudella,Luonto ihmisen aikakaudella,Seppo Turunen,3.56,27,https://i.gr-assets.com/images/S/compressed.photo.goodreads.com/books/1549199107i/43821079._SX50_.jpg,https://www.goodreads.com/book/show/43821079-luonto-ihmisen-aikakaudella,goodreads_scraped,,,
The Eagle Has Landed,"The Eagle Has Landed (Liam Devlin, #1)",Jack Higgins,4.18,58859,https://i.gr-assets.com/images/S/compressed.photo.goodreads.com/books/1347958282i/295961._SY75_.jpg,https://www.goodreads.com/book/show/295961.The_Eagle_Has_Landed,goodreads_scraped,,,
The Spymasters,"The Spymasters (Men at War, #7)",W.E.B. Griffin,4.13,1911,https://i.gr-assets.com/images/S/compressed.photo.goodreads.com/books/1422575759i/9534404._SY75_.jpg,https://www.goodreads.com/book/show/9534404-the-spymasters,goodreads_scraped,,,
Battleground,"Battleground (The Corps, #4)",W.E.B. Griffin,4.38,5002,https://i.gr-assets.com/images/S/compressed.photo.goodreads.com/books/1309209984i/1052647._SY75_.jpg,https://www.goodreads.com/book/show/1052647.Battleground,goodreads_scraped,,,
Secret Honor,"Secret Honor (Honor Bound, #3)",W.E.B. Griffin,4.25,2790,https://i.gr-assets.com/images/S/compressed.photo.goodreads.com/books/1339564461i/140104._SY75_.jpg,https://www.goodreads.com/book/show/140104.Secret_Honor,goodreads_scraped,,,
Sprouting Wings: The First Novel in the Alan Ericsson Series,Sprouting Wings: The First Novel in the Alan Ericsson Series,Henry Faulkner,4.3,173,https://i.gr-assets.com/images/S/compressed.photo.goodreads.com/books/1418746109i/23375536._SY75_.jpg,https://www.goodreads.com/book/show/23375536-sprouting-wings,goodreads_scraped,,,
Incurable,Incurable,E.C. Moore,4.17,30,https://i.gr-assets.com/images/S/compressed.photo.goodreads.com/books/1440448776i/23306357._SY75_.jpg,https://www.goodreads.com/book/show/23306357-incurable,goodreads_scraped,,,
Moonlight,"Moonlight (Rose of Anzio, #1)",Alexa Kang,4.12,742,https://i.gr-assets.com/images/S/compressed.photo.goodreads.com/books/1453609296i/28684641._SY75_.jpg,https://www.goodreads.com/book/show/28684641-moonlight,goodreads_scraped,,366,
Deadly Shores,"Deadly Shores (Destroyermen, #9)",Taylor  Anderson,4.27,2135,https://i.gr-assets.com/images/S/compressed.photo.goodreads.com/books/1385355043i/18667936._SY75_.jpg,https://www.goodreads.com/book/show/18667936-deadly-shores,goodreads_scraped,"Fiction, Imaginary wars and battles, World War, 1939-1945, Destroyers (Warships), Fiction, science fiction, general",452,"Many Lemurians see an opportunity to reconquer their sacred homeland, which was stolen long ago, and have no intention of simply striking a blow and then pulling back. Others, Lemurian and human, have their own agendas which may not be in the best interests of the Alliance. Complicating matters further is Reddy's suspicion that his task force is being stalked by an unknown power bent on aiding the Grik for reasons of its own."
Last Orders,"Last Orders (The War That Came Early, #6)",Harry Turtledove,3.81,636,https://i.gr-assets.com/images/S/compressed.photo.goodreads.com/books/1392028471i/18691004._SX50_.jpg,https://www.goodreads.com/book/show/18691004-last-orders,goodreads_scraped,"World War, 1939-1945, Fiction, FICTION / Alternative History, FICTION / War & Military, Fiction, alternative history",410,A conclusion to the landmark World War II series explores the lives of everyday soldiers and civilians as well as historic leaders to consider the fallout of Chamberlain's alternate-world decision not to appease Hitler.
Thunder Point,Thunder Point (Sean Dillon #2),Jack Higgins,4.02,5213,https://i.gr-assets.com/images/S/compressed.photo.goodreads.com/books/1348022083i/790332._SY75_.jpg,https://www.goodreads.com/book/show/790332.Thunder_Point,goodreads_scraped,,,
